# 3ds Max Wavefront OBJ Exporter v0.97b - (c)2007 guruware
# File Created: 04.11.2019 11:29:25

#
# object OldTelephone
#

v  -1.8639 256.4501 0.1657
v  -1.8639 256.4501 1.1353
v  -5.5874 255.0280 1.1353
v  -5.5874 255.0280 0.1657
v  0.0399 260.6217 0.1657
v  0.0399 260.6217 1.1353
v  -1.3583 264.3070 0.1657
v  -1.3583 264.3070 1.1353
v  -5.0209 266.1523 0.1657
v  -5.0209 266.1523 1.1353
v  -9.5074 264.8296 0.1657
v  -9.5074 264.8296 1.1353
v  -11.2702 260.3357 0.1657
v  -11.2702 260.3357 1.1353
v  -9.7432 256.6907 0.1657
v  -9.7432 256.6907 1.1353
v  -5.5013 259.4384 19.5788
v  -4.7845 259.8312 19.5788
v  -4.6922 259.7400 19.5788
v  -5.4923 259.3015 19.5788
v  -4.4172 260.7850 19.5788
v  -4.2821 260.8047 19.5788
v  -4.7346 261.4549 19.5788
v  -4.6364 261.5526 19.5788
v  -5.5383 261.7898 19.5788
v  -5.5336 261.9264 19.5788
v  -6.4695 261.4407 19.5788
v  -6.5731 261.5367 19.5788
v  -6.7763 260.4553 19.5788
v  -6.9156 260.4367 19.5788
v  -6.4077 259.7274 19.5788
v  -6.5041 259.6241 19.5788
v  -5.2638 262.7096 18.2448
v  -5.2638 261.4857 18.2448
v  -5.6833 261.4857 18.2448
v  -5.6833 262.7096 18.2448
v  -6.5866 267.4922 14.0898
v  -6.2462 268.3140 14.0898
v  -5.4243 268.6545 14.0898
v  -5.4243 266.3299 14.0898
v  -4.2620 267.4922 14.0898
v  -4.6025 268.3140 14.0898
v  -4.6025 266.6703 14.0898
v  -6.2462 266.6703 14.0898
v  -1.8949 256.5281 1.2192
v  -1.9873 256.7607 1.2192
v  -5.4574 255.3485 1.2192
v  -5.5559 255.1058 1.2192
v  -0.0366 260.6560 1.2192
v  -0.2886 260.7692 1.2192
v  -1.4379 264.2804 1.2192
v  -1.6835 264.1986 1.2192
v  -5.0612 266.0786 1.2192
v  -5.1862 265.8498 1.2192
v  -9.4798 264.7503 1.2192
v  -9.3894 264.4902 1.2192
v  -11.1929 260.3031 1.2192
v  -10.9445 260.1986 1.2192
v  -9.6650 256.7211 1.2192
v  -9.4219 256.8155 1.2192
v  -5.1977 260.2454 21.4514
v  -5.2407 260.2831 21.4514
v  -5.4878 260.1477 21.4514
v  -5.4822 260.0895 21.4514
v  -5.0380 260.6601 21.4514
v  -5.0964 260.6579 21.4514
v  -5.1563 260.9099 21.4514
v  -5.1960 260.8682 21.4514
v  -5.4873 261.0478 21.4514
v  -5.4884 260.9900 21.4514
v  -5.8718 260.9036 21.4514
v  -5.8283 260.8625 21.4514
v  -5.9999 260.4923 21.4514
v  -5.9421 260.4972 21.4514
v  -5.8563 260.2088 21.4514
v  -5.8185 260.2531 21.4514
v  -5.0330 260.5751 22.9097
v  -5.1894 260.9059 22.9097
v  -5.5105 260.5517 22.9097
v  -5.5339 261.0291 22.9097
v  -5.8646 260.8727 22.9097
v  -5.9879 260.5282 22.9097
v  -5.8315 260.1975 22.9097
v  -5.4870 260.0742 22.9097
v  -5.1563 260.2307 22.9097
v  -5.6086 263.3954 16.8624
v  -5.6086 261.5986 16.8624
v  -5.1891 261.5986 16.8624
v  -5.1891 263.3954 16.8624
v  -5.2132 267.3924 21.3394
v  -5.1257 267.6035 21.3394
v  -5.2132 267.8147 21.3394
v  -5.6355 267.3924 21.3394
v  -5.6355 267.8147 21.3394
v  -5.4243 267.9022 21.3394
v  -5.7230 267.6035 21.3394
v  -5.4243 267.3049 21.3394
v  -4.9314 267.1106 21.3394
v  -5.1722 267.3514 21.3394
v  -5.4243 267.2469 21.3394
v  -5.4243 266.9064 21.3394
v  -4.7272 267.6035 21.3394
v  -5.0677 267.6035 21.3394
v  -4.9314 268.0965 21.3394
v  -5.1722 267.8557 21.3394
v  -5.4243 268.3007 21.3394
v  -5.4243 267.9601 21.3394
v  -5.9173 268.0965 21.3394
v  -5.6765 267.8557 21.3394
v  -6.1215 267.6035 21.3394
v  -5.7809 267.6035 21.3394
v  -5.9173 267.1106 21.3394
v  -5.6765 267.3514 21.3394
v  -5.4243 267.9022 20.9535
v  -5.4243 267.9601 20.9535
v  -5.6765 267.8557 20.9535
v  -5.6355 267.8147 20.9535
v  -5.2132 267.8147 20.9535
v  -5.1722 267.8557 20.9535
v  -5.1257 267.6035 20.9535
v  -5.0677 267.6035 20.9535
v  -5.2132 267.3924 20.9535
v  -5.1722 267.3514 20.9535
v  -5.4243 267.3049 20.9535
v  -5.4243 267.2469 20.9535
v  -5.6355 267.3924 20.9535
v  -5.6765 267.3514 20.9535
v  -5.7230 267.6035 20.9535
v  -5.7809 267.6035 20.9535
v  -2.2056 256.8246 1.5225
v  -5.5832 255.5523 1.5225
v  -0.4832 260.6325 1.5225
v  -1.7535 263.9685 1.5225
v  -5.0808 265.6356 1.5225
v  -9.1505 264.4261 1.5225
v  -10.7002 260.1963 1.5225
v  -9.3585 257.0530 1.5225
v  -3.0786 257.9673 1.8503
v  -5.3420 256.7430 1.8508
v  -1.9620 260.8535 1.8530
v  -2.9781 263.0078 1.8543
v  -5.4579 264.0490 1.8549
v  -8.3329 262.9823 1.8551
v  -9.2911 259.9624 1.8538
v  -8.1405 257.6548 1.8525
v  -3.1540 258.0635 1.8976
v  -4.2058 259.3786 2.7441
v  -5.4378 258.7080 2.7462
v  -5.3328 256.8650 1.8956
v  -2.0835 260.8552 1.9000
v  -3.5938 260.9562 2.7417
v  -3.0737 262.9349 1.9029
v  -4.1496 262.1403 2.7388
v  -5.4747 263.9319 1.9051
v  -5.5170 262.7132 2.7366
v  -8.2542 262.8945 1.9019
v  -7.0982 262.1158 2.7398
v  -9.1730 259.9637 1.8982
v  -7.6100 260.4522 2.7435
v  -8.0477 257.7313 1.8959
v  -6.9687 259.1954 2.7458
v  -5.4467 258.8326 2.7642
v  -4.2926 259.4663 2.7641
v  -4.4883 259.6027 2.8046
v  -5.4718 259.0652 2.8047
v  -3.7157 260.9499 2.7649
v  -3.9946 260.9026 2.8053
v  -4.2380 262.0583 2.7652
v  -4.4316 261.8181 2.8056
v  -5.5203 262.5935 2.7654
v  -5.5248 262.2724 2.8057
v  -7.0057 262.0376 2.7655
v  -6.7894 261.7972 2.8058
v  -7.4890 260.4723 2.7649
v  -7.2110 260.4595 2.8053
v  -6.8876 259.2900 2.7645
v  -6.7094 259.4622 2.8050
v  -5.4952 259.3958 3.1668
v  -4.7221 259.8194 3.1666
v  -4.7845 259.8312 3.4826
v  -5.5013 259.4384 3.4826
v  -5.2886 259.7813 8.9262
v  -5.9580 259.4145 8.9253
v  -4.6708 259.8787 16.7263
v  -5.3634 259.4992 16.7271
v  -5.2319 259.5572 14.0086
v  -4.5625 259.9240 14.0077
v  -5.4413 259.4648 18.3373
v  -4.7350 259.8519 18.3372
v  -4.3258 260.8483 3.1659
v  -4.4172 260.7850 3.4826
v  -4.9456 260.6721 8.9273
v  -4.3160 260.8003 16.7255
v  -4.2195 260.8148 14.0066
v  -4.3732 260.7917 18.3369
v  -4.6681 261.5710 3.1654
v  -4.7346 261.4549 3.4826
v  -5.2420 261.2978 8.9276
v  -4.5159 261.4405 14.0063
v  -4.6226 261.4475 16.7255
v  -4.6858 261.4517 18.3367
v  -5.5351 261.9323 3.1652
v  -5.5383 261.7898 3.4826
v  -6.5396 261.5557 3.1654
v  -6.4695 261.4407 3.4826
v  -5.9926 261.6105 8.9272
v  -6.8622 261.2845 8.9262
v  -5.1425 261.6487 16.7364
v  -5.2665 261.7532 14.0067
v  -6.1361 261.4272 14.0077
v  -6.2988 261.4338 16.7270
v  -5.6601 261.6581 16.7369
v  -5.2210 261.6593 18.3471
v  -5.7387 261.6686 18.3471
v  -6.3951 261.4377 18.3366
v  -6.8705 260.4926 3.1661
v  -6.7763 260.4553 3.4826
v  -7.1487 260.3643 8.9251
v  -6.4227 260.5070 14.0087
v  -6.5953 260.4818 16.7277
v  -6.6975 260.4668 18.3369
v  -6.4729 259.7075 3.1666
v  -6.4077 259.7274 3.4826
v  -6.8045 259.6844 8.9249
v  -6.2392 259.7784 16.7277
v  -6.0785 259.8271 14.0090
v  -6.3343 259.7496 18.3371
v  -4.6922 259.7400 20.4637
v  -5.4923 259.3015 20.4637
v  -4.6143 259.6631 20.4699
v  -4.6143 259.6631 20.5233
v  -5.4847 259.1861 20.5233
v  -5.4847 259.1861 20.4699
v  -5.1977 260.2454 21.1441
v  -5.4822 260.0895 21.1441
v  -4.2821 260.8047 20.4637
v  -4.1683 260.8214 20.4699
v  -4.1683 260.8214 20.5233
v  -5.0380 260.6601 21.1441
v  -4.6364 261.5526 20.4637
v  -4.5536 261.6349 20.4699
v  -4.5536 261.6349 20.5233
v  -5.1563 260.9099 21.1441
v  -5.5336 261.9264 20.4637
v  -5.5297 262.0415 20.4699
v  -5.5297 262.0415 20.5233
v  -5.4873 261.0478 21.1441
v  -6.5731 261.5367 20.4637
v  -6.6604 261.6177 20.4699
v  -6.6604 261.6177 20.5233
v  -5.8718 260.9036 21.1441
v  -6.9156 260.4367 20.4637
v  -7.0330 260.4210 20.4699
v  -7.0330 260.4210 20.5233
v  -5.9999 260.4923 21.1441
v  -6.5041 259.6241 20.4637
v  -6.5854 259.5370 20.4699
v  -6.5854 259.5370 20.5233
v  -5.8563 260.2088 21.1441
v  -4.7850 259.7819 20.7051
v  -5.4656 259.4089 20.7051
v  -4.4363 260.6874 20.7051
v  -4.7376 261.3235 20.7051
v  -5.5007 261.6413 20.7051
v  -6.3847 261.3100 20.7051
v  -6.6760 260.3744 20.7051
v  -6.3261 259.6833 20.7051
v  -5.0382 260.0318 21.0070
v  -5.4903 259.7858 21.0084
v  -4.8081 260.6331 21.0082
v  -5.0081 261.0544 21.0086
v  -5.5136 261.2654 21.0083
v  -6.0988 261.0450 21.0091
v  -6.2918 260.4258 21.0090
v  -6.0600 259.9683 21.0091
v  -5.1111 260.1207 21.0582
v  -5.1604 260.1918 21.0696
v  -5.4852 260.0241 21.0708
v  -5.4907 259.9024 21.0570
v  -4.9227 260.6380 21.0598
v  -4.9741 260.6478 21.0680
v  -5.0912 260.9730 21.0615
v  -5.1098 260.9550 21.0663
v  -5.5046 261.1501 21.0606
v  -5.4981 261.1118 21.0672
v  -6.0038 260.9778 21.0582
v  -5.9287 260.9356 21.0696
v  -6.1769 260.4484 21.0572
v  -6.0634 260.4766 21.0707
v  -5.9827 260.0566 21.0567
v  -5.8981 260.1584 21.0711
v  -4.8353 260.5848 21.8066
v  -5.0564 261.0526 21.8066
v  -5.1894 260.9059 22.1618
v  -5.0330 260.5751 22.1618
v  -5.5436 261.2269 21.8066
v  -5.5339 261.0291 22.1618
v  -6.0113 261.0057 21.8066
v  -5.8646 260.8727 22.1618
v  -6.1856 260.5185 21.8066
v  -5.9879 260.5282 22.1618
v  -5.9644 260.0508 21.8066
v  -5.8315 260.1975 22.1618
v  -5.4773 259.8765 21.8066
v  -5.4870 260.0742 22.1618
v  -5.0096 260.0977 21.8066
v  -5.1563 260.2307 22.1618
v  -5.0680 260.6544 21.4514
v  -5.1788 260.8883 21.4514
v  -5.4888 261.0175 21.4514
v  -5.8489 260.8825 21.4514
v  -5.9689 260.4973 21.4514
v  -5.8344 260.2317 21.4514
v  -5.4840 260.1200 21.4514
v  -5.2175 260.2660 21.4514
v  -5.1831 260.5517 30.3465
v  -3.7491 260.5311 29.4834
v  -4.0299 263.3676 28.4716
v  -5.6100 263.6408 29.3753
v  -6.6406 256.2741 26.6009
v  -5.5190 256.6011 26.0643
v  -4.3531 257.8221 28.6223
v  -5.6100 257.6705 29.4534
v  -2.8185 260.4136 26.2364
v  -2.9700 261.5488 25.8439
v  -3.1821 262.7310 27.3878
v  -3.0537 260.4969 28.3407
v  -3.3359 262.1913 24.7969
v  -3.7477 263.6486 25.0343
v  -3.7018 261.6155 23.6760
v  -4.4475 262.6338 23.0997
v  -3.8533 260.5517 23.3725
v  -4.8408 260.5387 22.4212
v  -3.7018 259.5672 23.7921
v  -4.7243 258.1533 23.4338
v  -3.3359 259.0388 24.7941
v  -4.1175 257.5500 25.3603
v  -2.9700 259.2781 25.5549
v  -3.4290 258.4764 27.4101
v  -2.9753 260.5256 24.6838
v  -5.0523 264.6285 25.8246
v  -6.6406 265.0621 26.4475
v  -6.2302 263.3775 23.0719
v  -7.6712 263.6159 23.2318
v  -6.8447 260.4262 22.2881
v  -8.0981 260.2818 22.4738
v  -6.5554 257.6867 23.3497
v  -7.6712 257.3714 23.5411
v  -5.3590 260.5517 30.2763
v  -5.7733 263.5516 29.3399
v  -5.6994 262.7608 28.5537
v  -5.4510 260.6515 29.0275
v  -6.7734 264.9360 26.4958
v  -6.3770 263.5733 25.9837
v  -7.7735 263.5268 23.3639
v  -7.0868 262.5270 24.2663
v  -8.1877 260.2818 22.6406
v  -7.4131 260.6726 23.7615
v  -7.7735 257.4606 23.6732
v  -7.1647 258.8176 24.2585
v  -6.7734 256.4002 26.6493
v  -6.4871 257.8636 26.1202
v  -5.7733 257.7596 29.4180
v  -5.7772 258.6461 28.0668
v  -5.7224 260.9070 27.7257
v  -5.9593 262.0109 27.1171
v  -6.4034 262.2626 25.9214
v  -6.7947 261.5901 24.8946
v  -6.9039 260.4456 24.5474
v  -6.6670 259.3278 25.1710
v  -6.2228 258.8747 26.2719
v  -5.8316 259.3823 27.4038
v  -6.0019 261.8318 26.9977
v  -6.3880 262.0510 25.9560
v  -6.7343 261.4583 25.0516
v  -6.6208 259.4901 25.2994
v  -6.8276 260.4709 24.7518
v  -5.8937 259.5264 27.2423
v  -6.2264 259.0905 26.2690
v  -5.7967 260.8732 27.5263
v  -9.1158 261.0821 30.2940
v  -9.5223 262.9763 29.2498
v  -9.5953 262.6690 29.0449
v  -9.2432 261.0242 29.9519
v  -10.2844 263.4082 27.1979
v  -10.2579 263.0451 27.2574
v  -10.9558 262.2543 25.4359
v  -10.8522 262.0281 25.7055
v  -11.1431 260.2904 24.8402
v  -11.0123 260.3338 25.1909
v  -10.7366 258.3723 25.9104
v  -10.6575 258.6507 26.1306
v  -9.9745 257.5948 27.7993
v  -9.9807 257.9651 27.7945
v  -9.3031 258.4658 29.7416
v  -9.4098 258.7131 29.4645
v  -7.8120 262.0266 28.1169
v  -7.5381 260.7499 28.8207
v  -8.3257 262.3177 26.7340
v  -8.7782 261.5400 25.5464
v  -8.9045 260.2163 25.1448
v  -8.6306 258.9234 25.8661
v  -8.1168 258.3994 27.1393
v  -7.6643 258.9865 28.4484
v  -7.6235 260.7106 28.5912
v  -7.8609 261.8192 27.9799
v  -7.7358 259.1529 28.2627
v  -8.1206 258.6488 27.1371
v  -8.5768 259.1109 26.0156
v  -8.8160 260.2453 25.3823
v  -8.7080 261.3873 25.7291
v  -8.3074 262.0728 26.7751
v  -3.0112 261.7060 2.0607
v  -2.8509 261.7802 2.3376
v  -2.9659 261.6382 2.4422
v  -3.1262 261.5640 2.1653
v  -3.2630 261.9727 2.5246
v  -3.3298 261.9419 2.4094
v  -3.2391 262.0538 2.3270
v  -3.1724 262.0847 2.4422
v  -3.0312 261.9110 2.0173
v  -2.8709 261.9852 2.2942
v  -3.2473 261.8111 2.5588
v  -3.3140 261.7802 2.4436
v  -3.1745 262.0590 2.0607
v  -3.0142 262.1332 2.3376
v  -3.1343 261.6944 2.5246
v  -3.2010 261.6635 2.4094
v  -3.3571 262.0633 2.1653
v  -3.1968 262.1375 2.4422
v  -2.9903 261.6910 2.4422
v  -3.0570 261.6602 2.3270
v  -3.4721 261.9214 2.2699
v  -3.3118 261.9955 2.5468
v  -2.8996 261.8029 2.3597
v  -2.9663 261.7721 2.2445
v  -3.4521 261.7163 2.3132
v  -3.2918 261.7905 2.5901
v  -2.9154 261.9646 2.3255
v  -2.9821 261.9337 2.2103
v  -3.3088 261.5683 2.2699
v  -3.1485 261.6425 2.5468
v  -3.0284 262.0813 2.3597
v  -3.0951 262.0504 2.2445
v  -5.1425 260.7457 16.7364
v  -5.2210 260.7563 18.3471
v  -5.7387 260.7656 18.3471
v  -5.6601 260.7551 16.7369
v  -5.2275 261.5845 18.2790
v  -5.7234 261.5845 18.2790
v  -5.6450 261.5845 16.7667
v  -5.1491 261.5845 16.7667
v  -5.2415 262.0544 17.3800
v  -5.6299 262.0544 17.3800
v  -5.5937 262.0544 16.8716
v  -5.2053 262.0544 16.8716
v  -5.2777 262.0544 17.8883
v  -5.6661 262.0544 17.8883
v  -5.6450 263.4123 16.8282
v  -5.1491 263.4123 16.8282
v  -5.7234 262.6927 18.2790
v  -5.2275 262.6927 18.2790
v  -5.6206 264.8958 16.8380
v  -5.6285 264.8958 17.3476
v  -5.2429 264.8958 17.3510
v  -5.2351 264.8958 16.8414
v  -5.6363 264.8958 17.8571
v  -5.2507 264.8958 17.8605
v  -5.6206 264.2944 16.8380
v  -5.2351 264.2944 16.8414
v  -5.6285 264.2944 17.3476
v  -5.6363 264.2944 17.8571
v  -5.2507 264.2944 17.8605
v  -5.2429 264.2944 17.3510
v  -6.5416 268.4351 18.1677
v  -6.3451 268.4309 18.1804
v  -6.3386 268.6964 17.3425
v  -6.5352 268.7006 17.3298
v  -6.3322 268.4309 16.5046
v  -6.5287 268.4351 16.4919
v  -4.3298 268.4351 16.5308
v  -4.5263 268.4309 16.5181
v  -4.5327 268.6964 17.3561
v  -4.3362 268.7006 17.3687
v  -4.5391 268.4309 18.1940
v  -4.3426 268.4351 18.2066
v  -6.2847 265.2487 17.3395
v  -6.2925 265.2487 17.8491
v  -6.2768 265.2487 16.8300
v  -6.5813 265.2529 16.8232
v  -6.5891 265.2529 17.3328
v  -6.5970 265.2529 17.8423
v  -4.5867 265.2487 17.3590
v  -4.5789 265.2487 16.8495
v  -4.5945 265.2487 17.8686
v  -4.2901 265.2529 17.8753
v  -4.2822 265.2529 17.3658
v  -4.2744 265.2529 16.8562
v  -6.2847 265.9240 17.3395
v  -6.2925 265.9240 17.8491
v  -6.2768 265.9240 16.8300
v  -6.5813 265.9281 16.8232
v  -6.5891 265.9281 17.3328
v  -6.5970 265.9282 17.8423
v  -4.5867 265.9240 17.3590
v  -4.5789 265.9240 16.8495
v  -4.5945 265.9240 17.8686
v  -4.2901 265.9281 17.8753
v  -4.2822 265.9281 17.3657
v  -4.2744 265.9281 16.8562
v  -6.3451 266.8469 18.1804
v  -6.3386 266.5107 17.3425
v  -6.3129 267.6456 17.3448
v  -6.3509 267.6384 18.4597
v  -6.3322 266.8469 16.5046
v  -6.5287 266.8511 16.4919
v  -6.4797 267.6431 16.2752
v  -6.3303 267.6385 16.2378
v  -6.5352 266.5149 17.3298
v  -6.4848 267.6499 17.3279
v  -6.4900 267.6431 18.3805
v  -6.5416 266.8511 18.1677
v  -4.5263 266.8469 16.5181
v  -4.5327 266.5107 17.3561
v  -4.5585 267.6456 17.3537
v  -4.5205 267.6384 16.2388
v  -4.5391 266.8469 18.1940
v  -4.3426 266.8511 18.2066
v  -4.3916 267.6431 18.4233
v  -4.5411 267.6385 18.4608
v  -4.3362 266.5149 17.3687
v  -4.3865 267.6499 17.3707
v  -4.3814 267.6431 16.3180
v  -4.3298 266.8511 16.5308
v  -5.3287 266.6160 15.0491
v  -4.7324 266.8630 15.0491
v  -4.8280 266.9696 16.2191
v  -5.4243 266.7226 16.2191
v  -4.4854 267.4593 15.0491
v  -4.5810 267.5659 16.2191
v  -4.7324 268.0556 15.0491
v  -4.8280 268.1622 16.2191
v  -5.3287 268.3026 15.0491
v  -5.4243 268.4092 16.2191
v  -5.9250 268.0556 15.0491
v  -6.0206 268.1622 16.2191
v  -6.1720 267.4593 15.0491
v  -6.2677 267.5659 16.2191
v  -5.9250 266.8630 15.0491
v  -6.0206 266.9696 16.2191
v  -4.6912 266.7612 19.5381
v  -4.3034 266.4826 20.4961
v  -5.4243 266.0183 20.4961
v  -5.4711 266.4381 19.5381
v  -4.3681 267.5411 19.5381
v  -3.8391 267.6035 20.4961
v  -4.6912 268.3210 19.5381
v  -4.3034 268.7245 20.4961
v  -5.4711 268.6440 19.5381
v  -5.4243 269.1888 20.4961
v  -6.2510 268.3210 19.5381
v  -6.5452 268.7245 20.4961
v  -6.5740 267.5411 19.5381
v  -7.0095 267.6035 20.4961
v  -6.2510 266.7612 19.5381
v  -6.5452 266.4826 20.4961
v  -5.4243 266.8292 18.4577
v  -4.8280 267.0762 18.4577
v  -4.5810 267.6725 18.4577
v  -4.8280 268.2688 18.4577
v  -5.4243 268.5158 18.4577
v  -6.0206 268.2688 18.4577
v  -6.2677 267.6725 18.4577
v  -6.0206 267.0762 18.4577
v  -4.0845 266.2637 20.3991
v  -5.4243 265.7087 20.3991
v  -3.5295 267.6035 20.3991
v  -4.0845 268.9434 20.3991
v  -5.4243 269.4984 20.3991
v  -6.7642 268.9434 20.3991
v  -7.3192 267.6035 20.3991
v  -6.7642 266.2637 20.3991
v  -4.0173 266.1965 20.4585
v  -4.0173 266.1965 21.1123
v  -5.4243 265.6137 21.1123
v  -5.4243 265.6137 20.4585
v  -3.4345 267.6035 20.4585
v  -3.4345 267.6035 21.1123
v  -4.0173 269.0106 20.4585
v  -4.0173 269.0106 21.1123
v  -5.4243 269.5934 20.4585
v  -5.4243 269.5934 21.1123
v  -6.8314 269.0106 20.4585
v  -6.8314 269.0106 21.1123
v  -7.4142 267.6035 20.4585
v  -7.4142 267.6035 21.1123
v  -6.8314 266.1965 20.4585
v  -6.8314 266.1965 21.1123
v  -5.4160 266.2552 14.1733
v  -4.5437 266.6171 14.1749
v  -6.2895 266.6161 14.1713
v  -6.6519 267.4894 14.1701
v  -6.2899 268.3631 14.1702
v  -5.4162 268.7242 14.1716
v  -4.5434 268.3618 14.1736
v  -4.1825 267.4893 14.1750
v  -4.2689 266.4481 21.5319
v  -5.4243 265.9695 21.5319
v  -3.7903 267.6035 21.5319
v  -4.2689 268.7590 21.5319
v  -5.4243 269.2376 21.5319
v  -6.5798 268.7590 21.5319
v  -7.0584 267.6035 21.5319
v  -6.5798 266.4481 21.5319
v  -4.3767 266.5559 21.5667
v  -4.6538 266.8330 21.4108
v  -5.4243 266.5138 21.4108
v  -5.4243 266.1219 21.5667
v  -3.9427 267.6035 21.5667
v  -4.3346 267.6035 21.4108
v  -4.3767 268.6512 21.5667
v  -4.6538 268.3741 21.4108
v  -5.4243 269.0851 21.5667
v  -5.4243 268.6933 21.4108
v  -6.4720 268.6512 21.5667
v  -6.1949 268.3741 21.4108
v  -6.9059 267.6035 21.5667
v  -6.5141 267.6035 21.4108
v  -6.4720 266.5559 21.5667
v  -6.1949 266.8330 21.4108
v  -5.2710 267.5816 14.2640
v  -5.3165 267.7850 13.5840
v  -5.3816 267.7444 13.5934
v  -5.3362 267.5424 14.2705
v  -5.5629 267.5756 12.9609
v  -5.6286 267.5352 12.9685
v  -5.3633 267.5514 12.3159
v  -5.4288 267.5116 12.3203
v  -5.5920 267.7589 11.7325
v  -5.6567 267.7184 11.7391
v  -5.6704 267.5374 11.1384
v  -5.7359 267.4965 11.1409
v  -5.5328 267.7613 10.5785
v  -5.5989 267.7209 10.5802
v  -5.8508 267.8690 10.0742
v  -5.9162 267.8289 10.0763
v  -5.7576 267.7774 9.5009
v  -5.8230 267.7377 9.4982
v  -5.7790 268.1516 9.0699
v  -5.8449 268.1111 9.0678
v  -6.0569 268.1560 8.5830
v  -6.1234 268.1166 8.5791
v  -5.8749 268.2855 8.0828
v  -5.9412 268.2478 8.0754
v  -6.0687 268.6792 7.7614
v  -6.1344 268.6403 7.7546
v  -6.2404 268.7266 7.1932
v  -6.3066 268.6882 7.1816
v  -6.1238 269.1619 6.7934
v  -6.1902 269.1249 6.7794
v  -6.4773 269.5726 6.5056
v  -6.5423 269.5350 6.4909
v  -6.5257 269.8279 5.9427
v  -6.5916 269.7937 5.9227
v  -6.5192 270.4141 5.7516
v  -6.5858 270.3802 5.7308
v  -6.8801 270.7986 5.4190
v  -6.9467 270.7664 5.3974
v  -6.7829 271.1885 4.9551
v  -6.8496 271.1615 4.9293
v  -6.8556 271.7816 4.8690
v  -6.9226 271.7542 4.8423
v  -7.0888 272.1231 4.4465
v  -7.1567 272.0997 4.4176
v  -6.8443 272.5127 4.1220
v  -6.9114 272.4950 4.0896
v  -6.9430 273.0948 4.0034
v  -7.0087 273.0756 3.9688
v  -7.0002 273.4688 3.5079
v  -7.0654 273.4539 3.4688
v  -6.7081 273.9705 3.3234
v  -6.7720 273.9600 3.2817
v  -6.8272 274.5613 3.1947
v  -6.8896 274.5508 3.1518
v  -6.7021 274.9458 2.7339
v  -6.7627 274.9422 2.6861
v  -6.3566 275.4187 2.6810
v  -6.4157 275.4203 2.6311
v  -6.3666 275.9666 2.5007
v  -6.4232 275.9709 2.4495
v  -6.0423 276.2193 2.1051
v  -6.0927 276.2320 2.0482
v  -5.5990 276.5370 2.1314
v  -5.6446 276.5554 2.0715
v  -5.4054 276.9682 1.9038
v  -5.4446 276.9886 1.8413
v  -4.9553 276.9926 1.6146
v  -4.9850 277.0155 1.5475
v  -4.4366 277.1854 1.7160
v  -4.4634 277.2092 1.6473
v  -4.0191 277.5652 1.4851
v  -4.0447 277.5883 1.4169
v  -3.4465 277.5136 1.2375
v  -3.4647 277.5373 1.1667
v  -2.8642 277.6269 1.3652
v  -2.8815 277.6512 1.2938
v  -2.3592 277.9321 1.1690
v  -2.3775 277.9554 1.0986
v  -1.8188 277.7978 0.9309
v  -1.8302 277.8208 0.8582
v  -1.2677 277.7661 1.0795
v  -1.2774 277.7898 1.0066
v  -0.7782 277.9652 0.9496
v  -0.7892 277.9878 0.8776
v  -0.3812 277.7502 0.7017
v  -0.3859 277.7715 0.6275
v  -0.0146 277.5138 0.8495
v  -0.0148 277.5338 0.7753
v  0.4686 277.5231 0.8169
v  0.4682 277.5410 0.7425
v  0.7676 277.2239 0.5611
v  0.7720 277.2386 0.4852
v  0.9708 276.7960 0.6692
v  0.9795 276.8057 0.5940
v  1.4128 276.5835 0.7830
v  1.4196 276.5934 0.7067
v  1.7502 276.2360 0.5541
v  1.7586 276.2451 0.4783
v  1.8051 275.7289 0.5544
v  1.8158 275.7307 0.4786
v  2.0574 275.3438 0.7746
v  2.0684 275.3459 0.6981
v  2.4292 274.9644 0.6891
v  2.4382 274.9687 0.6135
v  2.4474 274.4404 0.5412
v  2.4578 274.4390 0.4645
v  2.4221 273.9736 0.7279
v  2.4333 273.9677 0.6527
v  2.6717 273.5451 0.8669
v  2.6810 273.5427 0.7904
v  2.7900 273.0471 0.7045
v  2.7999 273.0451 0.6286
v  2.5796 272.6875 0.6788
v  2.5880 272.6791 0.6029
v  2.5162 272.3717 0.9030
v  2.5254 272.3621 0.8275
v  2.6649 271.9805 0.9625
v  2.6730 271.9753 0.8864
v  2.6081 271.5693 0.7930
v  2.6170 271.5634 0.7169
v  2.3237 271.2197 0.8189
v  2.3294 271.2083 0.7433
v  2.2227 270.8684 1.0426
v  2.2290 270.8566 0.9671
v  2.3001 270.4297 1.1040
v  2.3060 270.4236 1.0277
v  2.2069 270.0006 0.9528
v  2.2135 269.9945 0.8768
v  1.9007 269.6587 0.9497
v  1.9034 269.6470 0.8738
v  1.7266 269.3355 1.1550
v  1.7290 269.3219 1.0801
v  1.7487 268.9274 1.2862
v  1.7512 268.9190 1.2095
v  1.7173 268.5014 1.1886
v  1.7206 268.4962 1.1129
v  1.4623 268.1667 1.0963
v  1.4634 268.1573 1.0197
v  1.2056 267.9118 1.2140
v  1.2032 267.8981 1.1392
v  1.1196 267.6098 1.4167
v  1.1178 267.5968 1.3412
v  1.1505 267.2399 1.4757
v  1.1485 267.2325 1.3993
v  1.0736 266.8925 1.3630
v  1.0723 266.8864 1.2874
v  0.8501 266.6638 1.3028
v  0.8460 266.6539 1.2265
v  0.6228 266.4838 1.4068
v  0.6151 266.4702 1.3323
v  0.5348 266.2747 1.5966
v  0.5273 266.2605 1.5222
v  0.5703 266.0046 1.6966
v  0.5623 265.9940 1.6207
v  0.5662 265.7185 1.6291
v  0.5581 265.7101 1.5542
v  0.4005 265.5148 1.5313
v  0.3911 265.5035 1.4560
v  0.1003 265.2565 1.6260
v  0.0842 265.2384 1.5531
v  -0.0993 264.9987 1.8764
v  -0.1190 264.9761 1.8067
v  -0.1573 264.7071 2.0819
v  -0.1783 264.6858 2.0110
v  -0.2309 264.3622 2.1607
v  -0.2525 264.3447 2.0896
v  -0.4396 264.0712 2.1607
v  -0.4619 264.0529 2.0905
v  -0.7385 263.9211 2.2206
v  -0.7662 263.8993 2.1522
v  -0.9681 263.8645 2.3919
v  -1.0008 263.8410 2.3272
v  -1.0885 263.7764 2.6256
v  -1.1220 263.7526 2.5620
v  -1.1426 263.5890 2.8177
v  -1.1753 263.5679 2.7513
v  -1.2302 263.3410 2.8932
v  -1.2606 263.3248 2.8250
v  -1.4723 263.1192 2.8709
v  -1.5006 263.1046 2.8019
v  -1.7651 263.0807 2.9219
v  -1.7947 263.0676 2.8519
v  -1.9510 263.0442 3.1300
v  -1.9781 263.0341 3.0599
v  -2.0055 262.8375 3.3136
v  -2.0260 262.8344 3.2396
v  -2.1190 262.4990 3.3090
v  -2.1314 262.5084 3.2341
v  -2.3238 262.2301 3.1612
v  -2.3270 262.2495 3.0881
v  -2.5768 262.1206 3.0202
v  -2.5724 262.1501 2.9493
v  -2.8325 262.0321 2.9709
v  -2.8200 262.0736 2.9080
v  -3.0464 261.8006 2.8866
v  -3.0217 261.8545 2.8392
v  -3.0787 261.5519 2.6132
v  -3.0454 261.6171 2.5890
v  -2.9766 261.5202 2.2477
v  -2.9421 261.5875 2.2414
v  -2.9783 261.6502 1.9294
v  -2.9437 261.7170 1.9242
v  -5.3994 267.6693 13.5998
v  -5.3542 267.4689 14.2745
v  -5.6465 267.4608 12.9745
v  -5.4464 267.4371 12.3199
v  -5.6741 267.6432 11.7387
v  -5.7543 267.4213 11.1370
v  -5.6178 267.6471 10.5712
v  -5.9343 267.7551 10.0670
v  -5.8417 267.6643 9.4827
v  -5.8647 268.0387 9.0490
v  -6.1433 268.0454 8.5585
v  -5.9612 268.1791 8.0480
v  -6.1546 268.5719 7.7244
v  -6.3273 268.6239 7.1440
v  -6.2111 269.0670 6.7338
v  -6.5622 269.4788 6.4425
v  -6.6128 269.7422 5.8688
v  -6.6080 270.3329 5.6741
v  -6.9678 270.7193 5.3409
v  -6.8710 271.1188 4.8688
v  -6.9445 271.7117 4.7813
v  -7.1785 272.0566 4.3579
v  -6.9322 272.4547 4.0279
v  -7.0275 273.0363 3.9049
v  -7.0831 273.4176 3.4030
v  -6.7870 273.9297 3.2132
v  -6.9033 274.5187 3.0830
v  -6.7760 274.9124 2.6159
v  -6.4272 275.3940 2.5601
v  -6.4350 275.9411 2.3797
v  -6.1042 276.2032 1.9772
v  -5.6555 276.5275 2.0009
v  -5.4555 276.9572 1.7723
v  -4.9924 276.9842 1.4769
v  -4.4680 277.1787 1.5771
v  -4.0527 277.5548 1.3484
v  -3.4704 277.5038 1.0970
v  -2.8854 277.6184 1.2246
v  -2.3871 277.9202 1.0311
v  -1.8394 277.7855 0.7898
v  -1.2856 277.7548 0.9391
v  -0.8049 277.9518 0.8114
v  -0.4051 277.7367 0.5612
v  -0.0368 277.4996 0.7108
v  0.4393 277.5085 0.6785
v  0.7397 277.2096 0.4220
v  0.9473 276.7745 0.5318
v  1.3841 276.5655 0.6439
v  1.7189 276.2228 0.4170
v  1.7757 275.7067 0.4170
v  2.0287 275.3227 0.6370
v  2.3938 274.9526 0.5528
v  2.4132 274.4259 0.4032
v  2.3882 273.9520 0.5930
v  2.6346 273.5321 0.7295
v  2.7528 273.0433 0.5687
v  2.5404 272.6772 0.5419
v  2.4781 272.3593 0.7680
v  2.6252 271.9780 0.8256
v  2.5708 271.5714 0.6570
v  2.2814 271.2141 0.6830
v  2.1808 270.8596 0.9084
v  2.2576 270.4315 0.9679
v  2.1669 270.0076 0.8181
v  1.8550 269.6577 0.8146
v  1.6788 269.3283 1.0233
v  1.7014 268.9277 1.1515
v  1.6718 268.5114 1.0560
v  1.4153 268.1728 0.9624
v  1.1513 267.9093 1.0834
v  1.0656 267.6053 1.2869
v  1.0962 267.2450 1.3440
v  1.0215 266.9039 1.2335
v  0.7953 266.6709 1.1722
v  0.5607 266.4838 1.2796
v  0.4719 266.2711 1.4716
v  0.5068 266.0061 1.5693
v  0.5028 265.7266 1.5037
v  0.3369 265.5205 1.4060
v  0.0274 265.2545 1.5036
v  -0.1792 264.9886 1.7616
v  -0.2384 264.6989 1.9663
v  -0.3111 264.3643 2.0436
v  -0.5167 264.0776 2.0442
v  -0.8209 263.9243 2.1055
v  -1.0588 263.8657 2.2830
v  -1.1812 263.7767 2.5211
v  -1.2336 263.5930 2.7096
v  -1.3165 263.3549 2.7813
v  -1.5524 263.1381 2.7576
v  -1.8469 263.1015 2.8071
v  -2.0324 263.0681 3.0178
v  -2.0795 262.8678 3.1974
v  -2.1819 262.5478 3.1912
v  -2.3697 262.2980 3.0477
v  -2.6089 262.2049 2.9116
v  -2.8532 262.1348 2.8749
v  -3.0505 261.9201 2.8138
v  -3.0692 261.6883 2.5742
v  -2.9657 261.6607 2.2394
v  -2.9673 261.7890 1.9252
v  -5.3597 267.6036 13.5993
v  -5.3144 267.4042 14.2738
v  -5.6061 267.3958 12.9752
v  -5.4058 267.3716 12.3149
v  -5.6341 267.5772 11.7316
v  -5.7148 267.3559 11.1290
v  -5.5784 267.5830 10.5567
v  -5.8944 267.6907 10.0516
v  -5.8027 267.6002 9.4634
v  -5.8268 267.9767 9.0245
v  -6.1048 267.9842 8.5332
v  -5.9230 268.1196 8.0165
v  -6.1176 268.5142 7.6886
v  -6.2902 268.5713 7.1024
v  -6.1745 269.0223 6.6834
v  -6.5253 269.4370 6.3888
v  -6.5768 269.7034 5.8126
v  -6.5728 270.2997 5.6149
v  -6.9310 270.6850 5.2826
v  -6.8345 271.0854 4.8091
v  -6.9085 271.6791 4.7217
v  -7.1414 272.0192 4.3024
v  -6.8944 272.4152 3.9731
v  -6.9885 272.9999 3.8489
v  -7.0429 273.3811 3.3491
v  -6.7443 273.8973 3.1580
v  -6.8603 274.4840 3.0286
v  -6.7343 274.8739 2.5644
v  -6.3845 275.3552 2.5097
v  -6.3950 275.8946 2.3322
v  -6.0701 276.1497 1.9336
v  -5.6254 276.4696 1.9609
v  -5.4317 276.8924 1.7372
v  -4.9730 276.9172 1.4443
v  -4.4478 277.1117 1.5464
v  -4.0383 277.4843 1.3199
v  -3.4603 277.4326 1.0694
v  -2.8738 277.5475 1.1983
v  -2.3824 277.8470 1.0062
v  -1.8408 277.7126 0.7658
v  -1.2876 277.6816 0.9166
v  -0.8161 277.8782 0.7899
v  -0.4275 277.6663 0.5417
v  -0.0678 277.4313 0.6936
v  0.3989 277.4447 0.6623
v  0.6896 277.1537 0.4085
v  0.8930 276.7209 0.5191
v  1.3271 276.5159 0.6314
v  1.6546 276.1823 0.4063
v  1.7084 275.6708 0.4055
v  1.9614 275.2879 0.6271
v  2.3219 274.9255 0.5426
v  2.3396 274.4087 0.3932
v  2.3132 273.9357 0.5839
v  2.5599 273.5195 0.7199
v  2.6762 273.0428 0.5599
v  2.4647 272.6828 0.5316
v  2.4021 272.3651 0.7593
v  2.5496 271.9869 0.8158
v  2.4966 271.5885 0.6483
v  2.2077 271.2334 0.6732
v  2.1062 270.8755 0.9010
v  2.1835 270.4489 0.9596
v  2.0945 270.0323 0.8111
v  1.7839 269.6844 0.8067
v  1.6054 269.3510 1.0178
v  1.6284 268.9484 1.1463
v  1.5995 268.5382 1.0512
v  1.3462 268.2040 0.9580
v  1.0803 267.9388 1.0794
v  0.9934 267.6304 1.2856
v  1.0243 267.2701 1.3422
v  0.9509 266.9348 1.2328
v  0.7275 266.7049 1.1718
v  0.4913 266.5165 1.2795
v  0.4010 266.3004 1.4745
v  0.4364 266.0339 1.5724
v  0.4326 265.7582 1.5071
v  0.2695 265.5557 1.4105
v  -0.0371 265.2951 1.5066
v  -0.2445 265.0290 1.7675
v  -0.3024 264.7390 1.9740
v  -0.3725 264.4094 2.0496
v  -0.5721 264.1308 2.0488
v  -0.8705 263.9814 2.1078
v  -1.1082 263.9240 2.2853
v  -1.2314 263.8347 2.5267
v  -1.2834 263.6495 2.7170
v  -1.3651 263.4135 2.7875
v  -1.5972 263.2002 2.7640
v  -1.8912 263.1627 2.8138
v  -2.0820 263.1262 3.0283
v  -2.1347 262.9179 3.2118
v  -2.2407 262.5941 3.2055
v  -2.4264 262.3475 3.0639
v  -2.6649 262.2530 2.9290
v  -2.9130 262.1796 2.8909
v  -3.1161 261.9587 2.8249
v  -3.1361 261.7237 2.5774
v  -3.0335 261.6968 2.2429
v  -3.0351 261.8239 1.9318
v  -5.2856 267.5858 13.5922
v  -5.2401 267.3861 14.2686
v  -5.5310 267.3783 12.9702
v  -5.3308 267.3534 12.3082
v  -5.5601 267.5592 11.7219
v  -5.6406 267.3386 11.1216
v  -5.5039 267.5663 10.5453
v  -5.8199 267.6735 10.0393
v  -5.7289 267.5829 9.4517
v  -5.7535 267.9614 9.0086
v  -6.0305 267.9688 8.5180
v  -5.8491 268.1042 7.9995
v  -6.0450 268.5009 7.6681
v  -6.2172 268.5612 7.0812
v  -6.1016 269.0169 6.6576
v  -6.4532 269.4340 6.3611
v  -6.5048 269.7002 5.7870
v  -6.5008 270.3002 5.5877
v  -6.8579 270.6835 5.2566
v  -6.7615 271.0810 4.7851
v  -6.8357 271.6753 4.6985
v  -7.0671 272.0093 4.2837
v  -6.8202 272.3998 3.9573
v  -6.9145 272.9878 3.8338
v  -6.9683 273.3658 3.3387
v  -6.6690 273.8818 3.1484
v  -6.7858 274.4669 3.0205
v  -6.6619 274.8492 2.5617
v  -6.3125 275.3266 2.5093
v  -6.3268 275.8588 2.3349
v  -6.0104 276.1031 1.9429
v  -5.5720 276.4156 1.9751
v  -5.3873 276.8322 1.7565
v  -4.9383 276.8536 1.4686
v  -4.4146 277.0474 1.5733
v  -4.0099 277.4181 1.3481
v  -3.4404 277.3655 1.1000
v  -2.8534 277.4803 1.2302
v  -2.3662 277.7788 1.0384
v  -1.8337 277.6447 0.8002
v  -1.2822 277.6131 0.9523
v  -0.8163 277.8102 0.8257
v  -0.4399 277.6014 0.5803
v  -0.0896 277.3689 0.7340
v  0.3706 277.3870 0.7035
v  0.6510 277.1037 0.4526
v  0.8485 276.6760 0.5632
v  1.2820 276.4739 0.6764
v  1.6032 276.1472 0.4524
v  1.6533 275.6440 0.4510
v  1.9061 275.2620 0.6742
v  2.2648 274.9034 0.5888
v  2.2802 274.3975 0.4403
v  2.2522 273.9283 0.6306
v  2.5005 273.5124 0.7673
v  2.6151 273.0439 0.6073
v  2.4052 272.6926 0.5781
v  2.3418 272.3760 0.8065
v  2.4905 271.9970 0.8626
v  2.4378 271.6048 0.6959
v  2.1516 271.2550 0.7197
v  2.0490 270.8952 0.9491
v  2.1269 270.4655 1.0077
v  2.0387 270.0541 0.8599
v  1.7317 269.7115 0.8549
v  1.5518 269.3766 1.0669
v  1.5751 268.9691 1.1967
v  1.5461 268.5608 1.1014
v  1.2966 268.2326 1.0091
v  1.0319 267.9694 1.1294
v  0.9436 267.6573 1.3381
v  0.9748 267.2932 1.3949
v  0.9019 266.9609 1.2858
v  0.6825 266.7358 1.2255
v  0.4477 266.5493 1.3321
v  0.3563 266.3311 1.5292
v  0.3923 266.0611 1.6283
v  0.3887 265.7865 1.5625
v  0.2284 265.5885 1.4668
v  -0.0714 265.3365 1.5602
v  -0.2768 265.0735 1.8209
v  -0.3326 264.7826 2.0294
v  -0.4005 264.4538 2.1041
v  -0.5955 264.1814 2.1016
v  -0.8861 264.0372 2.1580
v  -1.1201 263.9817 2.3327
v  -1.2432 263.8925 2.5757
v  -1.2955 263.7044 2.7691
v  -1.3780 263.4664 2.8401
v  -1.6089 263.2545 2.8173
v  -1.9015 263.2153 2.8680
v  -2.0979 263.1745 3.0852
v  -2.1595 262.9553 3.2744
v  -2.2736 262.6201 3.2686
v  -2.4640 262.3690 3.1271
v  -2.7070 262.2666 2.9917
v  -2.9639 262.1821 2.9468
v  -3.1803 261.9475 2.8659
v  -3.2071 261.7025 2.5961
v  -3.1059 261.6747 2.2497
v  -3.1076 261.8012 1.9400
v  -5.2205 267.6263 13.5827
v  -5.1749 267.4253 14.2621
v  -5.4653 267.4186 12.9626
v  -5.2653 267.3932 12.3038
v  -5.4954 267.5996 11.7152
v  -5.5751 267.3795 11.1191
v  -5.4378 267.6066 10.5436
v  -5.7545 267.7135 10.0371
v  -5.6634 267.6227 9.4544
v  -5.6876 268.0018 9.0107
v  -5.9640 268.0082 8.5218
v  -5.7828 268.1418 8.0069
v  -5.9794 268.5399 7.6748
v  -6.1510 268.5997 7.0928
v  -6.0352 269.0540 6.6717
v  -6.3882 269.4716 6.3757
v  -6.4389 269.7343 5.8069
v  -6.4343 270.3340 5.6086
v  -6.7914 270.7157 5.2782
v  -6.6948 271.1081 4.8109
v  -6.7688 271.7027 4.7253
v  -6.9992 272.0327 4.3126
v  -6.7531 272.4175 3.9897
v  -6.8488 273.0070 3.8683
v  -6.9031 273.3807 3.3779
v  -6.6051 273.8922 3.1902
v  -6.7235 274.4774 3.0635
v  -6.6013 274.8528 2.6095
v  -6.2535 275.3250 2.5593
v  -6.2703 275.8544 2.3862
v  -5.9599 276.0905 1.9997
v  -5.5265 276.3972 2.0350
v  -5.3482 276.8119 1.8189
v  -4.9085 276.8308 1.5358
v  -4.3879 277.0236 1.6420
v  -3.9842 277.3950 1.4164
v  -3.4222 277.3418 1.1708
v  -2.8362 277.4559 1.3017
v  -2.3480 277.7554 1.1089
v  -1.8222 277.6217 0.8728
v  -1.2725 277.5895 1.0253
v  -0.8054 277.7875 0.8977
v  -0.4351 277.5802 0.6546
v  -0.0892 277.3488 0.8081
v  0.3709 277.3691 0.7779
v  0.6466 277.0889 0.5285
v  0.8399 276.6662 0.6384
v  1.2751 276.4640 0.7527
v  1.5948 276.1382 0.5283
v  1.6427 275.6420 0.5268
v  1.8951 275.2599 0.7507
v  2.2558 274.8992 0.6644
v  2.2698 274.3989 0.5170
v  2.2411 273.9341 0.7058
v  2.4913 273.5149 0.8439
v  2.6053 273.0460 0.6831
v  2.3968 272.7009 0.6540
v  2.3326 272.3856 0.8821
v  2.4825 272.0023 0.9387
v  2.4290 271.6108 0.7719
v  2.1459 271.2663 0.7953
v  2.0427 270.9070 1.0246
v  2.1211 270.4716 1.0839
v  2.0321 270.0603 0.9359
v  1.7289 269.7231 0.9308
v  1.5494 269.3903 1.1418
v  1.5725 268.9775 1.2733
v  1.5428 268.5660 1.1771
v  1.2955 268.2419 1.0857
v  1.0343 267.9831 1.2042
v  0.9454 267.6702 1.4136
v  0.9768 267.3007 1.4713
v  0.9032 266.9670 1.3614
v  0.6866 266.7457 1.3018
v  0.4554 266.5628 1.4066
v  0.3638 266.3453 1.6036
v  0.4004 266.0717 1.7041
v  0.3968 265.7949 1.6373
v  0.2377 265.5997 1.5421
v  -0.0556 265.3543 1.6331
v  -0.2572 265.0960 1.8906
v  -0.3116 264.8039 2.1003
v  -0.3789 264.4715 2.1752
v  -0.5732 264.1998 2.1717
v  -0.8584 264.0590 2.2264
v  -1.0874 264.0051 2.3974
v  -1.2098 263.9163 2.6394
v  -1.2628 263.7254 2.8355
v  -1.3476 263.4825 2.9083
v  -1.5805 263.2693 2.8863
v  -1.8717 263.2286 2.9380
v  -2.0706 263.1848 3.1552
v  -2.1391 262.9582 3.3484
v  -2.2615 262.6104 3.3436
v  -2.4608 262.3495 3.2002
v  -2.7110 262.2375 3.0628
v  -2.9760 262.1411 3.0101
v  -3.2050 261.8935 2.9132
v  -3.2406 261.6371 2.6196
v  -3.1405 261.6074 2.2560
v  -3.1421 261.7343 1.9451
v  -5.2026 267.7015 13.5764
v  -5.1569 267.4988 14.2581
v  -5.4474 267.4931 12.9566
v  -5.2477 267.4677 12.3042
v  -5.4780 267.6749 11.7156
v  -5.5567 267.4547 11.1230
v  -5.4189 267.6805 10.5527
v  -5.7364 267.7874 10.0465
v  -5.6447 267.6960 9.4699
v  -5.6678 268.0743 9.0296
v  -5.9441 268.0794 8.5424
v  -5.7628 268.2105 8.0344
v  -5.9591 268.6082 7.7050
v  -6.1304 268.6640 7.1304
v  -6.0143 269.1118 6.7173
v  -6.3683 269.5278 6.4241
v  -6.4178 269.7859 5.8608
v  -6.4121 270.3814 5.6652
v  -6.7703 270.7628 5.3348
v  -6.6735 271.1508 4.8714
v  -6.7468 271.7452 4.7863
v  -6.9774 272.0757 4.3723
v  -6.7323 272.4579 4.0514
v  -6.8299 273.0463 3.9323
v  -6.8855 273.4170 3.4436
v  -6.5901 273.9226 3.2587
v  -6.7098 274.5095 3.1322
v  -6.5879 274.8826 2.6797
v  -6.2420 275.3513 2.6302
v  -6.2585 275.8842 2.4560
v  -5.9484 276.1193 2.0708
v  -5.5155 276.4252 2.1056
v  -5.3373 276.8433 1.8880
v  -4.9012 276.8621 1.6063
v  -4.3833 277.0541 1.7123
v  -3.9763 277.4286 1.4848
v  -3.4165 277.3753 1.2404
v  -2.8322 277.4888 1.3709
v  -2.3384 277.7907 1.1763
v  -1.8131 277.6570 0.9412
v  -1.2642 277.6245 1.0927
v  -0.7897 277.8235 0.9639
v  -0.4160 277.6149 0.7208
v  -0.0671 277.3829 0.8727
v  0.3998 277.4016 0.8419
v  0.6788 277.1181 0.5917
v  0.8722 276.6973 0.7006
v  1.3107 276.4919 0.8154
v  1.6344 276.1605 0.5895
v  1.6828 275.6660 0.5884
v  1.9349 275.2830 0.8118
v  2.3003 274.9153 0.7251
v  2.3144 274.4120 0.5783
v  2.2862 273.9498 0.7655
v  2.5376 273.5254 0.9048
v  2.6524 273.0479 0.7430
v  2.4444 272.7029 0.7150
v  2.3799 272.3883 0.9416
v  2.5303 271.9995 0.9995
v  2.4752 271.6028 0.8318
v  2.1939 271.2607 0.8556
v  2.0909 270.9041 1.0832
v  2.1694 270.4636 1.1437
v  2.0787 270.0472 0.9946
v  1.7773 269.7124 0.9901
v  1.5996 269.3839 1.1986
v  1.6223 268.9688 1.3313
v  1.5916 268.5508 1.2340
v  1.3437 268.2265 1.1429
v  1.0862 267.9718 1.2599
v  0.9977 267.6617 1.4679
v  1.0291 267.2882 1.5266
v  0.9540 266.9495 1.4154
v  0.7373 266.7287 1.3561
v  0.5098 266.5493 1.4593
v  0.4192 266.3347 1.6541
v  0.4559 266.0596 1.7556
v  0.4521 265.7785 1.6879
v  0.2920 265.5828 1.5921
v  0.0013 265.3383 1.6826
v  -0.1972 265.0833 1.9358
v  -0.2516 264.7905 2.1451
v  -0.3202 264.4518 2.2212
v  -0.5182 264.1752 2.2180
v  -0.8036 264.0341 2.2731
v  -1.0293 263.9805 2.4416
v  -1.1506 263.8921 2.6803
v  -1.2046 263.7003 2.8772
v  -1.2918 263.4525 2.9521
v  -1.5288 263.2357 2.9306
v  -1.8195 263.1946 2.9827
v  -2.0162 263.1508 3.1973
v  -2.0854 262.9251 3.3905
v  -2.2112 262.5709 3.3865
v  -2.4185 262.3006 3.2404
v  -2.6747 262.1825 3.1005
v  -2.9425 262.0802 3.0435
v  -3.1759 261.8283 2.9393
v  -3.2169 261.5660 2.6346
v  -3.1169 261.5342 2.2580
v  -3.1185 261.6624 1.9441
v  -5.2424 267.7672 13.5769
v  -5.1968 267.5636 14.2589
v  -5.4878 267.5581 12.9559
v  -5.2883 267.5333 12.3092
v  -5.5180 267.7408 11.7228
v  -5.5962 267.5201 11.1310
v  -5.4582 267.7445 10.5671
v  -5.7763 267.8517 10.0618
v  -5.6837 267.7601 9.4892
v  -5.7057 268.1363 9.0541
v  -5.9826 268.1406 8.5677
v  -5.8010 268.2701 8.0658
v  -5.9961 268.6659 7.7408
v  -6.1674 268.7166 7.1720
v  -6.0509 269.1565 6.7677
v  -6.4052 269.5697 6.4779
v  -6.4537 269.8246 5.9170
v  -6.4473 270.4146 5.7245
v  -6.8071 270.7971 5.3931
v  -6.7100 271.1841 4.9311
v  -6.7828 271.7779 4.8458
v  -7.0145 272.1131 4.4278
v  -6.7701 272.4974 4.1062
v  -6.8690 273.0826 3.9883
v  -6.9257 273.4535 3.4975
v  -6.6327 273.9550 3.3139
v  -6.7527 274.5442 3.1866
v  -6.6297 274.9211 2.7313
v  -6.2847 275.3901 2.6806
v  -6.2984 275.9307 2.5034
v  -5.9825 276.1726 2.1144
v  -5.5455 276.4831 2.1455
v  -5.3610 276.9081 1.9231
v  -4.9205 276.9291 1.6390
v  -4.4034 277.1211 1.7429
v  -3.9907 277.4991 1.5133
v  -3.4266 277.4464 1.2681
v  -2.8438 277.5596 1.3971
v  -2.3430 277.8639 1.2012
v  -1.8117 277.7299 0.9652
v  -1.2622 277.6977 1.1152
v  -0.7784 277.8971 0.9854
v  -0.3937 277.6854 0.7404
v  -0.0362 277.4513 0.8898
v  0.4403 277.4653 0.8581
v  0.7289 277.1740 0.6052
v  0.9264 276.7510 0.7133
v  1.3677 276.5414 0.8280
v  1.6988 276.2010 0.6002
v  1.7500 275.7021 0.5999
v  2.0022 275.3177 0.8217
v  2.3721 274.9423 0.7353
v  2.3880 274.4293 0.5883
v  2.3612 273.9661 0.7746
v  2.6123 273.5379 0.9143
v  2.7289 273.0483 0.7518
v  2.5201 272.6974 0.7253
v  2.4560 272.3825 0.9502
v  2.6058 271.9905 1.0094
v  2.5494 271.5857 0.8406
v  2.2675 271.2414 0.8654
v  2.1655 270.8881 1.0907
v  2.2436 270.4463 1.1520
v  2.1510 270.0225 1.0016
v  1.8484 269.6858 0.9979
v  1.6730 269.3612 1.2041
v  1.6953 268.9480 1.3366
v  1.6639 268.5240 1.2388
v  1.4127 268.1953 1.1474
v  1.1571 267.9423 1.2640
v  1.0698 267.6367 1.4692
v  1.1010 267.2630 1.5284
v  1.0246 266.9186 1.4160
v  0.8051 266.6948 1.3565
v  0.5792 266.5165 1.4594
v  0.4900 266.3054 1.6513
v  0.5262 266.0318 1.7525
v  0.5223 265.7468 1.6844
v  0.3594 265.5476 1.5877
v  0.0659 265.2979 1.6796
v  -0.1318 265.0431 1.9299
v  -0.1877 264.7504 2.1375
v  -0.2590 264.4066 2.2153
v  -0.4629 264.1219 2.2135
v  -0.7540 263.9770 2.2707
v  -0.9799 263.9222 2.4393
v  -1.1004 263.8342 2.6746
v  -1.1547 263.6439 2.8698
v  -1.2431 263.3938 2.9458
v  -1.4840 263.1735 2.9243
v  -1.7754 263.1333 2.9761
v  -1.9667 263.0926 3.1868
v  -2.0301 262.8751 3.3761
v  -2.1521 262.5249 3.3722
v  -2.3618 262.2511 3.2243
v  -2.6193 262.1339 3.0828
v  -2.8832 262.0350 3.0271
v  -3.1101 261.7898 2.9283
v  -3.1497 261.5308 2.6321
v  -3.0490 261.4981 2.2546
v  -3.0507 261.6275 1.9376
v  -5.4143 267.5721 13.6045
v  -5.4794 267.5319 13.6120
v  -5.4203 267.7610 14.2501
v  -5.3555 267.8001 14.2393
v  -5.3426 267.6547 12.9429
v  -5.4080 267.6146 12.9498
v  -5.5734 267.6534 12.3323
v  -5.6385 267.6136 12.3394
v  -5.5169 267.5364 11.7165
v  -5.5821 267.4964 11.7200
v  -5.5624 267.7453 11.1469
v  -5.6278 267.7049 11.1511
v  -5.7565 267.6927 10.5907
v  -5.8222 267.6528 10.5931
v  -5.6468 267.7584 10.0333
v  -5.7127 267.7190 10.0331
v  -5.8140 267.9970 9.5584
v  -5.8795 267.9572 9.5586
v  -5.9048 267.9579 9.0283
v  -5.9709 267.9187 9.0252
v  -5.8267 268.2046 8.5711
v  -5.8932 268.1660 8.5667
v  -6.0599 268.4061 8.1586
v  -6.1262 268.3680 8.1537
v  -6.0428 268.4718 7.6532
v  -6.1094 268.4349 7.6444
v  -6.0858 268.8865 7.2695
v  -6.1520 268.8485 7.2594
v  -6.3528 269.1322 6.8270
v  -6.4189 269.0948 6.8146
v  -6.3215 269.4737 6.3584
v  -6.3877 269.4387 6.3422
v  -6.5001 269.9824 6.1170
v  -6.5659 269.9469 6.0998
v  -6.7085 270.3054 5.6684
v  -6.7753 270.2726 5.6484
v  -6.6550 270.7943 5.3466
v  -6.7223 270.7645 5.3245
v  -6.8801 271.2951 5.1387
v  -6.9471 271.2658 5.1158
v  -6.9496 271.6575 4.6939
v  -7.0173 271.6326 4.6674
v  -6.8599 272.1606 4.4929
v  -6.9281 272.1386 4.4647
v  -7.0295 272.6019 4.2311
v  -7.0974 272.5826 4.2013
v  -6.9267 272.9703 3.8046
v  -6.9931 272.9547 3.7697
v  -6.8289 273.5309 3.6584
v  -6.8948 273.5163 3.6212
v  -6.9347 274.0176 3.3421
v  -6.9996 274.0056 3.3028
v  -6.7169 274.4515 3.0173
v  -6.7798 274.4453 2.9741
v  -6.6033 275.0097 2.9384
v  -6.6654 275.0056 2.8932
v  -6.5684 275.4750 2.6053
v  -6.6287 275.4763 2.5575
v  -6.2188 275.8223 2.3849
v  -6.2749 275.8309 2.3335
v  -5.9975 276.2967 2.3229
v  -6.0505 276.3093 2.2687
v  -5.7497 276.6360 1.9861
v  -5.7964 276.6556 1.9281
v  -5.2995 276.7588 1.8670
v  -5.3368 276.7829 1.8046
v  -4.9399 277.0968 1.8249
v  -4.9730 277.1210 1.7601
v  -4.5213 277.2950 1.5310
v  -4.5492 277.3209 1.4640
v  -3.9546 277.3365 1.4745
v  -3.9769 277.3634 1.4063
v  -3.4342 277.6258 1.4440
v  -3.4564 277.6519 1.3754
v  -2.9162 277.7504 1.1777
v  -2.9348 277.7774 1.1080
v  -2.3366 277.6967 1.1434
v  -2.3503 277.7238 1.0732
v  -1.7911 277.8769 1.1520
v  -1.8056 277.9034 1.0814
v  -1.2851 277.9218 0.9116
v  -1.2964 277.9487 0.8404
v  -0.8158 277.7421 0.8784
v  -0.8216 277.7681 0.8067
v  -0.3489 277.7591 0.9377
v  -0.3539 277.7847 0.8653
v  0.0576 277.7026 0.7416
v  0.0566 277.7273 0.6689
v  0.3559 277.3682 0.6804
v  0.3615 277.3880 0.6067
v  0.7281 277.1585 0.7893
v  0.7359 277.1765 0.7148
v  1.1369 276.9557 0.6710
v  1.1457 276.9722 0.5968
v  1.3481 276.5327 0.5670
v  1.3608 276.5441 0.4921
v  1.5906 276.1349 0.7051
v  1.6052 276.1438 0.6302
v  1.9605 275.8185 0.7061
v  1.9739 275.8277 0.6313
v  2.1488 275.3725 0.5688
v  2.1643 275.3784 0.4936
v  2.2083 274.8846 0.6491
v  2.2253 274.8855 0.5746
v  2.4457 274.4588 0.7822
v  2.4620 274.4603 0.7070
v  2.6453 274.0096 0.6957
v  2.6618 274.0110 0.6210
v  2.5970 273.5168 0.6521
v  2.6139 273.5123 0.5773
v  2.5734 273.0572 0.8152
v  2.5905 273.0500 0.7408
v  2.7051 272.6994 0.8813
v  2.7218 272.6941 0.8066
v  2.6972 272.3337 0.7755
v  2.7145 272.3272 0.7010
v  2.5124 271.9880 0.7882
v  2.5284 271.9772 0.7141
v  2.4324 271.6273 0.9552
v  2.4487 271.6160 0.8811
v  2.4780 271.2018 0.9985
v  2.4941 271.1934 0.9241
v  2.3849 270.8032 0.9047
v  2.4013 270.7936 0.8303
v  2.1538 270.4510 0.9270
v  2.1681 270.4373 0.8530
v  2.0189 270.0824 1.0915
v  2.0333 270.0682 1.0175
v  2.0126 269.6497 1.1635
v  2.0273 269.6392 1.0890
v  1.9226 269.2520 1.0889
v  1.9377 269.2415 1.0146
v  1.6915 268.9148 1.0702
v  1.7043 268.9004 0.9959
v  1.4919 268.5930 1.2045
v  1.5038 268.5764 1.1309
v  1.4346 268.2185 1.3396
v  1.4471 268.2045 1.2650
v  1.3993 267.8496 1.3287
v  1.4122 267.8383 1.2543
v  1.2458 267.5263 1.2606
v  1.2580 267.5129 1.1860
v  1.0173 267.2630 1.2939
v  1.0268 267.2460 1.2199
v  0.8632 267.0002 1.4403
v  0.8724 266.9820 1.3667
v  0.8292 266.7229 1.5484
v  0.8387 266.7070 1.4739
v  0.8058 266.4292 1.5467
v  0.8154 266.4153 1.4723
v  0.6922 266.1761 1.4859
v  0.7014 266.1607 1.4116
v  0.5033 265.9862 1.4900
v  0.5100 265.9675 1.4159
v  0.3456 265.8162 1.6074
v  0.3509 265.7953 1.5343
v  0.3028 265.6185 1.7464
v  0.3081 265.5978 1.6726
v  0.2452 265.2495 1.8251
v  0.2488 265.2290 1.7514
v  0.0746 264.8701 1.8406
v  0.0756 264.8459 1.7682
v  -0.1752 264.6139 1.8939
v  -0.1795 264.5835 1.8235
v  -0.4166 264.4372 2.0472
v  -0.4261 264.4022 1.9800
v  -0.5735 264.2645 2.2618
v  -0.5852 264.2277 2.1958
v  -0.6705 264.0354 2.4446
v  -0.6831 263.9996 2.3778
v  -0.7877 263.7948 2.5355
v  -0.8004 263.7604 2.4686
v  -0.9766 263.6000 2.5785
v  -0.9904 263.5648 2.5122
v  -1.2038 263.4943 2.6445
v  -1.2206 263.4576 2.5791
v  -1.3994 263.4421 2.7779
v  -1.4180 263.4053 2.7137
v  -1.5508 263.3307 3.0034
v  -1.5675 263.2956 2.9375
v  -1.6490 263.1085 3.1517
v  -1.6614 263.0783 3.0822
v  -1.7960 262.8860 3.1512
v  -1.8027 262.8613 3.0794
v  -2.0063 262.7775 3.1204
v  -2.0073 262.7592 3.0458
v  -2.2706 262.6145 3.1878
v  -2.2684 262.6013 3.1126
v  -2.4985 262.3806 3.2794
v  -2.4881 262.3763 3.2038
v  -2.6533 262.0924 3.2765
v  -2.6305 262.1032 3.2039
v  -2.7594 261.8427 3.1101
v  -2.7230 261.8696 3.0487
v  -2.8635 261.7342 2.8180
v  -2.8147 261.7739 2.7744
v  -3.0106 261.7323 2.5433
v  -2.9558 261.7794 2.5175
v  -3.1657 261.6773 2.2584
v  -3.1092 261.7263 2.2436
v  -3.2255 261.5460 1.9785
v  -3.1690 261.5950 1.9638
v  -5.4971 267.4572 13.6190
v  -5.4376 267.6877 14.2618
v  -5.4260 267.5401 12.9529
v  -5.6562 267.5391 12.3422
v  -5.6001 267.4217 11.7180
v  -5.6464 267.6303 11.1465
v  -5.8410 267.5787 10.5866
v  -5.7317 267.6458 10.0211
v  -5.8987 267.8841 9.5446
v  -5.9909 267.8465 9.0073
v  -5.9138 268.0958 8.5439
v  -6.1467 268.2985 8.1287
v  -6.1307 268.3676 7.6136
v  -6.1734 268.7853 7.2211
v  -6.4400 269.0351 6.7715
v  -6.4094 269.3845 6.2925
v  -6.5879 269.8953 6.0471
v  -6.7978 270.2237 5.5935
v  -6.7452 270.7202 5.2664
v  -6.9695 271.2215 5.0572
v  -7.0403 271.5902 4.6074
v  -6.9512 272.0981 4.4038
v  -7.1200 272.5401 4.1417
v  -7.0136 272.9169 3.7059
v  -6.9137 273.4822 3.5549
v  -7.0169 273.9722 3.2362
v  -6.7952 274.4160 2.9047
v  -6.6803 274.9774 2.8231
v  -6.6432 275.4478 2.4879
v  -6.2875 275.8048 2.2625
v  -6.0638 276.2822 2.1978
v  -5.8111 276.6274 1.8583
v  -5.3467 276.7553 1.7338
v  -4.9820 277.0922 1.6893
v  -4.5581 277.2914 1.3938
v  -3.9822 277.3340 1.3358
v  -3.4634 277.6213 1.3050
v  -2.9436 277.7464 1.0384
v  -2.3565 277.6926 1.0034
v  -1.8146 277.8716 1.0118
v  -1.3092 277.9170 0.7719
v  -0.8341 277.7357 0.7383
v  -0.3708 277.7531 0.7972
v  0.0323 277.6982 0.6025
v  0.3360 277.3586 0.5403
v  0.7087 277.1481 0.6489
v  1.1137 276.9472 0.5319
v  1.3278 276.5201 0.4268
v  1.5722 276.1196 0.5656
v  1.9376 275.8075 0.5666
v  2.1267 275.3616 0.4290
v  2.1874 274.8674 0.5103
v  2.4234 274.4450 0.6424
v  2.6213 274.0019 0.5567
v  2.5732 273.5041 0.5125
v  2.5496 273.0415 0.6768
v  2.6807 272.6912 0.7416
v  2.6742 272.3288 0.6361
v  2.4876 271.9781 0.6488
v  2.4081 271.6161 0.8163
v  2.4538 271.1976 0.8587
v  2.3621 270.8008 0.7652
v  2.1277 270.4424 0.7877
v  1.9924 270.0713 0.9531
v  1.9868 269.6455 1.0239
v  1.8983 269.2513 0.9499
v  1.6641 268.9086 0.9309
v  1.4619 268.5815 1.0672
v  1.4055 268.2101 1.2009
v  1.3712 267.8479 1.1902
v  1.2178 267.5238 1.1221
v  0.9848 267.2542 1.1561
v  0.8289 266.9875 1.3042
v  0.7954 266.7130 1.4110
v  0.7725 266.4246 1.4094
v  0.6591 266.1710 1.3490
v  0.4663 265.9759 1.3533
v  0.3053 265.8009 1.4731
v  0.2621 265.6023 1.6119
v  0.2020 265.2350 1.6908
v  0.0297 264.8549 1.7079
v  -0.2267 264.5912 1.7638
v  -0.4768 264.4076 1.9226
v  -0.6375 264.2320 2.1406
v  -0.7352 264.0053 2.3220
v  -0.8509 263.7697 2.4116
v  -1.0390 263.5761 2.4546
v  -1.2696 263.4691 2.5215
v  -1.4688 263.4168 2.6572
v  -1.6177 263.3076 2.8814
v  -1.7090 263.0934 3.0238
v  -1.8461 262.8809 3.0196
v  -2.0477 262.7819 2.9849
v  -2.3064 262.6281 3.0515
v  -2.5212 262.4088 3.1433
v  -2.6541 262.1464 3.1454
v  -2.7351 261.9270 2.9991
v  -2.8159 261.8426 2.7415
v  -2.9517 261.8541 2.5002
v  -3.1047 261.8020 2.2337
v  -3.1648 261.6701 1.9524
v  -5.4570 267.3919 13.6214
v  -5.3972 267.6231 14.2675
v  -5.3861 267.4748 12.9503
v  -5.6160 267.4736 12.3391
v  -5.5604 267.3560 11.7117
v  -5.6073 267.5652 11.1359
v  -5.8018 267.5139 10.5751
v  -5.6927 267.5816 10.0044
v  -5.8604 267.8203 9.5247
v  -5.9531 267.7836 8.9852
v  -5.8764 268.0350 8.5161
v  -6.1094 268.2383 8.0984
v  -6.0942 268.3094 7.5789
v  -6.1375 268.7340 7.1770
v  -6.4038 268.9880 6.7230
v  -6.3739 269.3429 6.2383
v  -6.5532 269.8577 5.9896
v  -6.7629 270.1874 5.5359
v  -6.7103 270.6873 5.2064
v  -6.9344 271.1880 4.9974
v  -7.0051 271.5550 4.5490
v  -6.9156 272.0629 4.3459
v  -7.0841 272.4994 4.0872
v  -6.9761 272.8790 3.6504
v  -6.8745 273.4486 3.4983
v  -6.9765 273.9370 3.1812
v  -6.7542 274.3810 2.8498
v  -6.6392 274.9417 2.7691
v  -6.6036 275.4062 2.4373
v  -6.2493 275.7593 2.2135
v  -6.0296 276.2312 2.1517
v  -5.7851 276.5680 1.8176
v  -5.3236 276.6923 1.6961
v  -4.9614 277.0272 1.6538
v  -4.5428 277.2238 1.3614
v  -3.9674 277.2654 1.3042
v  -3.4511 277.5520 1.2742
v  -2.9375 277.6758 1.0097
v  -2.3515 277.6212 0.9751
v  -1.8130 277.8001 0.9840
v  -1.3160 277.8452 0.7462
v  -0.8459 277.6638 0.7131
v  -0.3897 277.6829 0.7732
v  -0.0009 277.6324 0.5811
v  0.2943 277.2971 0.5202
v  0.6624 277.0902 0.6302
v  1.0597 276.8954 0.5142
v  1.2686 276.4746 0.4094
v  1.5110 276.0765 0.5491
v  1.8727 275.7697 0.5498
v  2.0580 275.3321 0.4128
v  2.1170 274.8409 0.4940
v  2.3523 274.4219 0.6262
v  2.5475 273.9875 0.5405
v  2.4988 273.4969 0.4957
v  2.4747 273.0368 0.6605
v  2.6060 272.6925 0.7243
v  2.6001 272.3376 0.6188
v  2.4140 271.9901 0.6306
v  2.3344 271.6276 0.7990
v  2.3805 271.2118 0.8407
v  2.2902 270.8206 0.7474
v  2.0562 270.4633 0.7695
v  1.9201 270.0898 0.9360
v  1.9148 269.6649 1.0063
v  1.8276 269.2758 0.9327
v  1.5945 268.9348 0.9134
v  1.3907 268.6053 1.0505
v  1.3342 268.2320 1.1848
v  1.3004 267.8730 1.1739
v  1.1488 267.5525 1.1061
v  0.9156 267.2829 1.1399
v  0.7583 267.0135 1.2894
v  0.7247 266.7376 1.3967
v  0.7021 266.4515 1.3948
v  0.5901 266.2011 1.3349
v  0.3979 266.0064 1.3390
v  0.2353 265.8298 1.4598
v  0.1918 265.6293 1.5997
v  0.1322 265.2641 1.6786
v  -0.0364 264.8917 1.6950
v  -0.2892 264.6326 1.7497
v  -0.5390 264.4503 1.9086
v  -0.6999 264.2748 2.1283
v  -0.7962 264.0492 2.3098
v  -0.9095 263.8171 2.3978
v  -1.0938 263.6273 2.4395
v  -1.3221 263.5219 2.5053
v  -1.5220 263.4698 2.6417
v  -1.6721 263.3598 2.8681
v  -1.7638 263.1449 3.0106
v  -1.9008 262.9334 3.0070
v  -2.1036 262.8324 2.9735
v  -2.3624 262.6793 3.0403
v  -2.5786 262.4586 3.1332
v  -2.7104 262.1967 3.1351
v  -2.7884 261.9814 2.9907
v  -2.8663 261.9002 2.7386
v  -3.0008 261.9125 2.5013
v  -3.1550 261.8602 2.2344
v  -3.2155 261.7273 1.9512
v  -5.3825 267.3741 13.6177
v  -5.3228 267.6052 14.2639
v  -5.3116 267.4569 12.9436
v  -5.5415 267.4554 12.3318
v  -5.4862 267.3378 11.7046
v  -5.5335 267.5476 11.1254
v  -5.7275 267.4964 10.5652
v  -5.6186 267.5640 9.9928
v  -5.7869 267.8033 9.5105
v  -5.8795 267.7669 8.9717
v  -5.8029 268.0192 8.4996
v  -6.0361 268.2229 8.0804
v  -6.0213 268.2943 7.5607
v  -6.0654 268.7246 7.1528
v  -6.3315 268.9812 6.6975
v  -6.3020 269.3383 6.2114
v  -6.4821 269.8562 5.9612
v  -6.6909 270.1849 5.5093
v  -6.6381 270.6852 5.1796
v  -6.8623 271.1851 4.9713
v  -6.9323 271.5477 4.5264
v  -6.8422 272.0535 4.3249
v  -7.0106 272.4842 4.0697
v  -6.9026 272.8632 3.6358
v  -6.8003 273.4352 3.4846
v  -6.9020 273.9207 3.1701
v  -6.6806 274.3606 2.8415
v  -6.5662 274.9193 2.7629
v  -6.5328 275.3758 2.4353
v  -6.1826 275.7210 2.2152
v  -5.9679 276.1862 2.1575
v  -5.7336 276.5122 1.8297
v  -5.2809 276.6307 1.7137
v  -4.9235 276.9641 1.6746
v  -4.5122 277.1576 1.3859
v  -3.9412 277.1978 1.3301
v  -3.4268 277.4846 1.3010
v  -2.9200 277.6067 1.0387
v  -2.3383 277.5514 1.0047
v  -1.8017 277.7307 1.0143
v  -1.3127 277.7754 0.7783
v  -0.8500 277.5946 0.7461
v  -0.3996 277.6152 0.8075
v  -0.0236 277.5684 0.6175
v  0.2609 277.2396 0.5582
v  0.6242 277.0366 0.6697
v  1.0152 276.8470 0.5541
v  1.2179 276.4343 0.4502
v  1.4574 276.0397 0.5904
v  1.8174 275.7365 0.5909
v  1.9985 275.3071 0.4545
v  2.0552 274.8215 0.5352
v  2.2905 274.4045 0.6679
v  2.4836 273.9763 0.5819
v  2.4344 273.4950 0.5368
v  2.4097 273.0385 0.7017
v  2.5414 272.6972 0.7648
v  2.5355 272.3484 0.6592
v  2.3507 272.0061 0.6702
v  2.2707 271.6437 0.8391
v  2.3173 271.2278 0.8805
v  2.2279 270.8414 0.7875
v  1.9955 270.4878 0.8089
v  1.8587 270.1129 0.9762
v  1.8535 269.6861 1.0466
v  1.7670 269.3004 0.9731
v  1.5362 268.9636 0.9536
v  1.3320 268.6338 1.0908
v  1.2750 268.2574 1.2262
v  1.2412 267.8986 1.2149
v  1.0914 267.5823 1.1476
v  0.8600 267.3152 1.1808
v  0.7018 267.0448 1.3309
v  0.6679 266.7662 1.4392
v  0.6455 266.4803 1.4372
v  0.5349 266.2333 1.3776
v  0.3448 266.0413 1.3813
v  0.1820 265.8650 1.5020
v  0.1384 265.6631 1.6432
v  0.0803 265.2992 1.7221
v  -0.0839 264.9348 1.7372
v  -0.3304 264.6832 1.7896
v  -0.5763 264.5051 1.9463
v  -0.7357 264.3312 2.1663
v  -0.8305 264.1056 2.3483
v  -0.9420 263.8749 2.4353
v  -1.1229 263.6885 2.4756
v  -1.3472 263.5851 2.5401
v  -1.5465 263.5334 2.6761
v  -1.6988 263.4216 2.9052
v  -1.7938 263.2027 3.0505
v  -1.9347 262.9880 3.0488
v  -2.1422 262.8813 3.0181
v  -2.4036 262.7248 3.0856
v  -2.6267 262.4966 3.1794
v  -2.7666 262.2244 3.1791
v  -2.8518 262.0011 3.0283
v  -2.9362 261.9130 2.7678
v  -3.0742 261.9205 2.5206
v  -3.2304 261.8667 2.2454
v  -3.2913 261.7332 1.9607
v  -5.3174 267.4143 13.6103
v  -5.2579 267.6444 14.2531
v  -5.2461 267.4970 12.9366
v  -5.4763 267.4953 12.3246
v  -5.4210 267.3778 11.7011
v  -5.4681 267.5880 11.1212
v  -5.6617 267.5364 10.5627
v  -5.5528 267.6034 9.9931
v  -5.7214 267.8431 9.5104
v  -5.8134 267.8061 8.9748
v  -5.7364 268.0577 8.5040
v  -5.9699 268.2611 8.0853
v  -5.9547 268.3312 7.5695
v  -5.9992 268.7627 7.1629
v  -6.2654 269.0187 6.7099
v  -6.2358 269.3733 6.2276
v  -6.4163 269.8917 5.9783
v  -6.6241 270.2177 5.5293
v  -6.5709 270.7150 5.2018
v  -6.7954 271.2143 4.9942
v  -6.8646 271.5726 4.5529
v  -6.7740 272.0754 4.3531
v  -6.9427 272.5035 4.0996
v  -6.8361 272.8788 3.6706
v  -6.7344 273.4497 3.5218
v  -6.8371 273.9327 3.2095
v  -6.6177 274.3669 2.8846
v  -6.5041 274.9234 2.8081
v  -6.4726 275.3745 2.4831
v  -6.1266 275.7125 2.2666
v  -5.9150 276.1735 2.2116
v  -5.6869 276.4926 1.8877
v  -5.2437 276.6067 1.7761
v  -4.8903 276.9398 1.7394
v  -4.4843 277.1317 1.4528
v  -3.9189 277.1708 1.3982
v  -3.4047 277.4585 1.3697
v  -2.9014 277.5798 1.1084
v  -2.3245 277.5243 1.0750
v  -1.7872 277.7042 1.0849
v  -1.3014 277.7484 0.8495
v  -0.8440 277.5686 0.8177
v  -0.3946 277.5896 0.8799
v  -0.0226 277.5437 0.6901
v  0.2554 277.2197 0.6319
v  0.6164 277.0187 0.7441
v  1.0063 276.8306 0.6283
v  1.2053 276.4229 0.5251
v  1.4428 276.0309 0.6652
v  1.8039 275.7274 0.6657
v  1.9830 275.3013 0.5297
v  2.0383 274.8205 0.6097
v  2.2741 274.4031 0.7431
v  2.4671 273.9750 0.6566
v  2.4176 273.4994 0.6116
v  2.3926 273.0457 0.7760
v  2.5248 272.7025 0.8394
v  2.5183 272.3550 0.7336
v  2.3348 272.0169 0.7444
v  2.2544 271.6550 0.9133
v  2.3012 271.2361 0.9548
v  2.2116 270.8510 0.8618
v  1.9812 270.5015 0.8829
v  1.8442 270.1271 1.0501
v  1.8388 269.6967 1.1211
v  1.7520 269.3109 1.0474
v  1.5234 268.9781 1.0279
v  1.3200 268.6503 1.1644
v  1.2625 268.2714 1.3007
v  1.2284 267.9100 1.2893
v  1.0792 267.5958 1.2222
v  0.8504 267.3323 1.2549
v  0.6926 267.0630 1.4045
v  0.6584 266.7822 1.5138
v  0.6359 266.4943 1.5116
v  0.5258 266.2488 1.4520
v  0.3381 266.0600 1.4555
v  0.1767 265.8858 1.5752
v  0.1331 265.6838 1.7169
v  0.0767 265.3199 1.7957
v  -0.0850 264.9590 1.8096
v  -0.3262 264.7136 1.8601
v  -0.5669 264.5400 2.0135
v  -0.7240 264.3680 2.2323
v  -0.8179 264.1414 2.4151
v  -0.9293 263.9093 2.5022
v  -1.1090 263.7238 2.5419
v  -1.3304 263.6218 2.6055
v  -1.5279 263.5702 2.7404
v  -1.6821 263.4568 2.9712
v  -1.7814 263.2328 3.1200
v  -1.9280 263.0127 3.1206
v  -2.1410 262.8997 3.0927
v  -2.4057 262.7381 3.1608
v  -2.6373 262.5006 3.2549
v  -2.7898 262.2132 3.2514
v  -2.8884 261.9741 3.0896
v  -2.9848 261.8735 2.8117
v  -3.1289 261.8735 2.5469
v  -3.2870 261.8177 2.2602
v  -3.3478 261.6841 1.9754
v  -5.2997 267.4890 13.6033
v  -5.2407 267.7177 14.2414
v  -5.2281 267.5715 12.9335
v  -5.4587 267.5697 12.3218
v  -5.4030 267.4526 11.7031
v  -5.4495 267.6626 11.1258
v  -5.6430 267.6105 10.5691
v  -5.5338 267.6766 10.0051
v  -5.7022 267.9163 9.5244
v  -5.7934 267.8783 8.9926
v  -5.7158 268.1280 8.5268
v  -5.9494 268.3306 8.1103
v  -5.9334 268.3985 7.6002
v  -5.9778 268.8258 7.2013
v  -6.2443 269.0784 6.7529
v  -6.2141 269.4274 6.2773
v  -6.3943 269.9433 6.0311
v  -6.6016 270.2666 5.5842
v  -6.5480 270.7593 5.2599
v  -6.7729 271.2586 5.0528
v  -6.8416 271.6151 4.6129
v  -6.7509 272.1159 4.4140
v  -6.9201 272.5459 4.1592
v  -6.8156 272.9166 3.7345
v  -6.7156 273.4838 3.5881
v  -6.8198 273.9661 3.2761
v  -6.6023 274.3961 2.9540
v  -6.4893 274.9515 2.8782
v  -6.4580 275.4030 2.5527
v  -6.1139 275.7386 2.3376
v  -5.9017 276.2006 2.2825
v  -5.6722 276.5207 1.9575
v  -5.2337 276.6342 1.8469
v  -4.8814 276.9687 1.8103
v  -4.4754 277.1612 1.5231
v  -3.9136 277.2003 1.4688
v  -3.3977 277.4891 1.4400
v  -2.8926 277.6107 1.1780
v  -2.3183 277.5555 1.1447
v  -1.7782 277.7360 1.1545
v  -1.2887 277.7801 0.9180
v  -0.8315 277.6010 0.8862
v  -0.3777 277.6212 0.9480
v  0.0015 277.5729 0.7566
v  0.2810 277.2491 0.6982
v  0.6436 277.0469 0.8100
v  1.0382 276.8557 0.6933
v  1.2382 276.4470 0.5904
v  1.4758 276.0550 0.7298
v  1.8402 275.7476 0.7304
v  2.0206 275.3181 0.5943
v  2.0762 274.8386 0.6740
v  2.3127 274.4183 0.8077
v  2.5076 273.9843 0.7208
v  2.4582 273.5077 0.6764
v  2.4334 273.0540 0.8401
v  2.5658 272.7054 0.9045
v  2.5585 272.3535 0.7986
v  2.3755 272.0160 0.8096
v  2.2950 271.6549 0.9780
v  2.3415 271.2320 1.0202
v  2.2508 270.8438 0.9269
v  2.0217 270.4964 0.9481
v  1.8851 270.1240 1.1145
v  1.8793 269.6904 1.1862
v  1.7914 269.3011 1.1120
v  1.5636 268.9698 1.0929
v  1.3619 268.6452 1.2282
v  1.3041 268.2658 1.3648
v  1.2694 267.9003 1.3534
v  1.1194 267.5849 1.2861
v  0.8925 267.3240 1.3187
v  0.7360 267.0575 1.4670
v  0.7017 266.7761 1.5767
v  0.6789 266.4850 1.5745
v  0.5681 266.2384 1.5145
v  0.3818 266.0516 1.5180
v  0.2224 265.8802 1.6363
v  0.1790 265.6793 1.7777
v  0.1236 265.3138 1.8564
v  -0.0390 264.9502 1.8698
v  -0.2790 264.7059 1.9198
v  -0.5162 264.5346 2.0710
v  -0.6717 264.3636 2.2875
v  -0.7659 264.1357 2.4710
v  -0.8788 263.9001 2.5593
v  -1.0604 263.7126 2.5995
v  -1.2814 263.6104 2.6631
v  -1.4770 263.5587 2.7967
v  -1.6319 263.4448 3.0272
v  -1.7339 263.2177 3.1784
v  -1.8847 262.9930 3.1804
v  -2.1007 262.8770 3.1536
v  -2.3675 262.7114 3.2219
v  -2.6039 262.4684 3.3155
v  -2.7661 262.1700 3.3100
v  -2.8766 261.9163 3.1388
v  -2.9838 261.8046 2.8444
v  -3.1329 261.7989 2.5645
v  -3.2914 261.7420 2.2701
v  -3.3520 261.6091 1.9867
v  -5.3398 267.5543 13.6009
v  -5.2811 267.7822 14.2357
v  -5.2680 267.6368 12.9361
v  -5.4989 267.6352 12.3250
v  -5.4427 267.5183 11.7095
v  -5.4886 267.7278 11.1365
v  -5.6822 267.6752 10.5807
v  -5.5728 267.7408 10.0218
v  -5.7406 267.9800 9.5443
v  -5.8313 267.9412 9.0148
v  -5.7532 268.1888 8.5546
v  -5.9867 268.3906 8.1407
v  -5.9699 268.4568 7.6349
v  -6.0137 268.8771 7.2454
v  -6.2805 269.1255 6.8014
v  -6.2496 269.4691 6.3315
v  -6.4290 269.9809 6.0885
v  -6.6366 270.3029 5.6418
v  -6.5829 270.7922 5.3199
v  -6.8080 271.2921 5.1126
v  -6.8768 271.6502 4.6713
v  -6.7865 272.1512 4.4719
v  -6.9560 272.5867 4.2137
v  -6.8531 272.9545 3.7900
v  -6.7547 273.5175 3.6447
v  -6.8602 274.0013 3.3311
v  -6.6434 274.4312 3.0089
v  -6.5304 274.9873 2.9321
v  -6.4977 275.4446 2.6033
v  -6.1522 275.7840 2.3866
v  -5.9359 276.2516 2.3286
v  -5.6983 276.5801 1.9983
v  -5.2568 276.6973 1.8846
v  -4.9019 277.0337 1.8457
v  -4.4908 277.2288 1.5554
v  -3.9284 277.2689 1.5003
v  -3.4099 277.5584 1.4708
v  -2.8987 277.6814 1.2067
v  -2.3233 277.6270 1.1730
v  -1.7797 277.8075 1.1823
v  -1.2819 277.8519 0.9437
v  -0.8198 277.6728 0.9113
v  -0.3587 277.6914 0.9719
v  0.0347 277.6387 0.7779
v  0.3225 277.3107 0.7183
v  0.6899 277.1048 0.8287
v  1.0924 276.9075 0.7110
v  1.2974 276.4925 0.6078
v  1.5370 276.0981 0.7463
v  1.9051 275.7852 0.7472
v  2.0893 275.3476 0.6105
v  2.1466 274.8652 0.6903
v  2.3838 274.4414 0.8239
v  2.5814 273.9986 0.7370
v  2.5326 273.5149 0.6932
v  2.5083 273.0588 0.8563
v  2.6405 272.7040 0.9218
v  2.6326 272.3446 0.8159
v  2.4491 272.0041 0.8278
v  2.3687 271.6434 0.9954
v  2.4147 271.2177 1.0383
v  2.3226 270.8240 0.9447
v  2.0932 270.4755 0.9664
v  1.9574 270.1054 1.1317
v  1.9513 269.6709 1.2038
v  1.8620 269.2766 1.1293
v  1.6332 268.9436 1.1104
v  1.4331 268.6215 1.2448
v  1.3754 268.2439 1.3809
v  1.3402 267.8753 1.3697
v  1.1884 267.5562 1.3021
v  0.9616 267.2953 1.3349
v  0.8067 267.0315 1.4818
v  0.7724 266.7516 1.5910
v  0.7493 266.4581 1.5890
v  0.6370 266.2084 1.5286
v  0.4502 266.0211 1.5323
v  0.2924 265.8513 1.6497
v  0.2493 265.6523 1.7899
v  0.1933 265.2847 1.8685
v  0.0271 264.9133 1.8827
v  -0.2164 264.6646 1.9338
v  -0.4540 264.4920 2.0849
v  -0.6094 264.3208 2.2998
v  -0.7049 264.0917 2.4832
v  -0.8202 263.8526 2.5731
v  -1.0056 263.6613 2.6147
v  -1.2289 263.5576 2.6793
v  -1.4238 263.5057 2.8123
v  -1.5774 263.3925 3.0406
v  -1.6790 263.1662 3.1915
v  -1.8300 262.9406 3.1931
v  -2.0450 262.8263 3.1650
v  -2.3116 262.6602 3.2331
v  -2.5464 262.4188 3.3256
v  -2.7095 262.1200 3.3204
v  -2.8232 261.8619 3.1473
v  -2.9336 261.7469 2.8469
v  -3.0840 261.7404 2.5629
v  -3.2412 261.6838 2.2693
v  -3.3013 261.5518 1.9880
# 2246 vertices

vn 0.3568 -0.9342 0.0000
vn 0.9097 -0.4152 0.0000
vn 0.9350 0.3547 0.0000
vn 0.4499 0.8931 0.0000
vn -0.2828 0.9592 0.0000
vn -0.9309 0.3652 0.0000
vn -0.9223 -0.3864 0.0000
vn -0.3715 -0.9284 0.0000
vn 0.0000 0.0000 -1.0000
vn 0.0000 0.0000 1.0000
vn 0.3105 -0.7920 0.5256
vn 0.7940 -0.3475 0.4988
vn 0.7881 0.3105 0.5316
vn 0.3692 0.7598 0.5351
vn -0.2536 0.8165 0.5186
vn -0.7387 0.2691 0.6180
vn -0.7781 -0.3415 0.5272
vn -0.3012 -0.7855 0.5406
vn 0.1634 -0.1682 0.9721
vn 0.2211 -0.2050 0.9534
vn 0.0193 -0.3033 0.9527
vn 0.0041 -0.2579 0.9662
vn 0.2170 -0.0020 0.9762
vn 0.2914 0.0048 0.9566
vn 0.1534 0.1433 0.9777
vn 0.2064 0.2101 0.9556
vn 0.0125 0.2013 0.9794
vn 0.0099 0.2959 0.9552
vn -0.1491 0.1427 0.9785
vn -0.2070 0.2001 0.9576
vn -0.2302 -0.0129 0.9731
vn -0.2928 -0.0184 0.9560
vn -0.1650 -0.1890 0.9680
vn -0.1940 -0.2256 0.9547
vn 0.3137 -0.2676 0.9110
vn 0.2404 -0.2012 0.9496
vn 0.0292 -0.2833 0.9586
vn 0.0386 -0.3826 0.9231
vn 0.4270 0.0183 0.9041
vn 0.3394 0.0186 0.9404
vn 0.3118 0.3364 0.8886
vn 0.2562 0.2798 0.9252
vn 0.0083 0.4777 0.8785
vn 0.0066 0.4002 0.9164
vn -0.3177 0.3135 0.8949
vn -0.2584 0.2598 0.9305
vn -0.4125 -0.0250 0.9106
vn -0.3253 -0.0169 0.9455
vn -0.2506 -0.2914 0.9232
vn -0.1905 -0.2186 0.9570
vn 0.0160 -0.1577 0.9874
vn 0.1253 -0.1083 0.9862
vn 0.1230 -0.1117 0.9861
vn 0.0167 -0.1692 0.9854
vn 0.1646 0.0062 0.9863
vn 0.1443 0.0006 0.9895
vn 0.1174 0.1256 0.9851
vn 0.0917 0.0931 0.9914
vn 0.0032 0.1759 0.9844
vn 0.0026 0.1246 0.9922
vn -0.1179 0.1151 0.9863
vn -0.0932 0.0841 0.9921
vn -0.1600 -0.0117 0.9870
vn -0.1442 -0.0162 0.9894
vn -0.1012 -0.1196 0.9877
vn -0.1023 -0.1257 0.9868
vn 0.4767 -0.8699 0.1265
vn 0.4790 -0.8740 0.0816
vn 0.4806 -0.8770 -0.0038
vn 0.4806 -0.8769 0.0045
vn 0.4805 -0.8768 -0.0197
vn 0.8454 -0.3245 0.4243
vn 0.9242 -0.3559 0.1386
vn 0.9330 -0.3593 -0.0199
vn 0.9328 -0.3591 0.0312
vn 0.9322 -0.3589 -0.0457
vn 0.7256 -0.2773 0.6297
vn 0.9328 -0.3592 0.0312
vn 0.7791 0.3698 0.5061
vn 0.8830 0.4183 0.2132
vn 0.9035 0.4280 -0.0220
vn 0.9025 0.4275 -0.0529
vn 0.9032 0.4279 0.0343
vn 0.6741 0.3207 0.6654
vn 0.3255 0.7819 0.5316
vn 0.0144 0.8298 0.5578
vn 0.0173 0.9736 0.2275
vn 0.3745 0.8989 0.2274
vn -0.2981 0.7949 0.5284
vn -0.3441 0.9180 0.1970
vn 0.0176 0.9998 0.0019
vn 0.3846 0.9231 -0.0092
vn -0.3510 0.9363 0.0127
vn 0.2552 0.9666 0.0218
vn 0.3683 0.9296 0.0135
vn 0.3796 0.9246 -0.0327
vn 0.0176 0.9998 -0.0050
vn -0.3468 0.9379 0.0021
vn -0.3368 0.9413 -0.0210
vn -0.2218 0.9751 -0.0015
vn 0.2876 0.6913 0.6629
vn 0.0120 0.7263 0.6872
vn -0.2645 0.7049 0.6581
vn 0.2556 0.9664 -0.0283
vn 0.0177 0.9989 -0.0436
vn 0.3755 0.9268 0.0055
vn 0.3685 0.9296 0.0086
vn -0.3428 0.9389 -0.0296
vn -0.2220 0.9737 -0.0517
vn -0.3370 0.9412 -0.0259
vn -0.8321 0.2599 0.4899
vn -0.9474 0.2950 0.1240
vn -0.9542 0.2971 0.0335
vn -0.9542 0.2971 0.0348
vn -0.9532 0.2968 -0.0578
vn -0.7205 0.2259 0.6557
vn -0.7968 -0.4027 0.4505
vn -0.8900 -0.4506 0.0703
vn -0.8916 -0.4514 0.0353
vn -0.8905 -0.4509 -0.0607
vn -0.8915 -0.4514 0.0392
vn -0.6680 -0.3370 0.6635
vn -0.3015 -0.9457 0.1218
vn -0.3034 -0.9517 0.0462
vn -0.3037 -0.9526 0.0202
vn -0.3036 -0.9522 -0.0350
vn -0.3037 -0.9526 0.0175
vn 0.2719 -0.7059 0.6541
vn 0.6906 -0.3130 0.6520
vn 0.7108 0.2722 0.6486
vn 0.3402 0.6804 0.6491
vn -0.2172 0.7296 0.6484
vn -0.7193 0.2796 0.6360
vn -0.7022 -0.2968 0.6471
vn -0.2823 -0.7117 0.6432
vn 0.4806 -0.8769 0.0000
vn 0.9332 -0.3594 0.0000
vn 0.9037 0.4281 0.0000
vn 0.3846 0.9231 0.0000
vn -0.3510 0.9364 0.0000
vn -0.9548 0.2973 0.0000
vn -0.8922 -0.4517 0.0000
vn -0.3037 -0.9528 0.0000
vn 0.0055 -0.0534 -0.9986
vn 0.0430 -0.0370 -0.9984
vn 0.0543 0.0010 -0.9985
vn 0.0365 0.0386 -0.9986
vn 0.0008 0.0538 -0.9986
vn -0.0378 0.0358 -0.9986
vn -0.0523 -0.0039 -0.9986
vn -0.0335 -0.0400 -0.9986
vn 0.4940 -0.4389 0.7506
vn 0.4918 -0.4316 0.7562
vn 0.0678 -0.6288 0.7746
vn 0.0733 -0.6343 0.7696
vn 0.5645 -0.0094 0.8254
vn 0.5980 0.0035 0.8015
vn 0.3267 0.3251 0.8875
vn 0.3791 0.3898 0.8392
vn 0.0122 0.4144 0.9100
vn 0.0114 0.5242 0.8515
vn -0.2984 0.2730 0.9145
vn -0.3744 0.3497 0.8588
vn -0.4585 -0.0509 0.8872
vn -0.5389 -0.0499 0.8409
vn -0.3394 -0.4350 0.8340
vn -0.3683 -0.4530 0.8119
vn 0.4045 -0.3475 0.8459
vn 0.0528 -0.5059 0.8609
vn 0.5248 0.0174 0.8510
vn 0.3614 0.3813 0.8509
vn 0.0110 0.5263 0.8502
vn -0.3644 0.3506 0.8627
vn -0.5012 -0.0380 0.8645
vn -0.3213 -0.3804 0.8672
vn 0.2107 -0.1770 0.9614
vn 0.1052 -0.0861 0.9907
vn 0.0139 -0.1134 0.9934
vn 0.0284 -0.2489 0.9681
vn 0.2881 0.0154 0.9575
vn 0.1601 0.0126 0.9870
vn 0.2085 0.2206 0.9528
vn 0.1243 0.1320 0.9834
vn 0.0097 0.2968 0.9549
vn 0.0079 0.1710 0.9852
vn -0.1871 0.1880 0.9642
vn -0.0941 0.1000 0.9905
vn -0.2498 -0.0169 0.9682
vn -0.1167 -0.0067 0.9931
vn -0.1567 -0.1847 0.9702
vn -0.0704 -0.0823 0.9941
vn 0.3688 -0.6738 0.6403
vn -0.2324 -0.7266 0.6466
vn 0.3637 -0.6825 0.6340
vn 0.7312 -0.2895 0.6176
vn 0.7304 0.3350 0.5952
vn 0.3055 0.7436 0.5948
vn -0.2906 0.7440 0.6017
vn -0.7434 0.2252 0.6298
vn -0.6794 -0.3482 0.6459
vn -0.2338 -0.7264 0.6463
vn 0.8037 0.3801 0.4578
vn 0.8786 0.4155 0.2355
vn 0.9040 0.4276 0.0000
vn 0.2995 0.8370 0.4579
vn 0.3274 0.9150 0.2356
vn 0.3369 0.9415 0.0000
vn -0.3801 0.8037 0.4579
vn -0.4155 0.8786 0.2356
vn -0.4275 0.9040 0.0000
vn -0.8370 0.2995 0.4579
vn -0.9150 0.3274 0.2356
vn -0.9415 0.3369 0.0000
vn -0.8037 -0.3801 0.4578
vn -0.8786 -0.4155 0.2355
vn -0.9040 -0.4275 0.0000
vn -0.2995 -0.8370 0.4579
vn -0.3274 -0.9150 0.2356
vn -0.3369 -0.9415 0.0000
vn 0.3801 -0.8037 0.4579
vn 0.4155 -0.8786 0.2356
vn 0.4275 -0.9040 0.0000
vn 0.8370 -0.2995 0.4579
vn 0.9150 -0.3275 0.2356
vn 0.9415 -0.3370 0.0000
vn 0.8056 0.3812 -0.4535
vn 0.3149 0.8273 -0.4651
vn -0.3462 0.8046 -0.4825
vn -0.8230 0.2776 -0.4956
vn -0.7926 -0.3845 -0.4732
vn -0.2745 -0.8038 -0.5278
vn 0.3744 -0.7486 -0.5471
vn 0.7691 -0.2845 -0.5723
vn 0.5380 -0.0074 0.8429
vn 0.7207 -0.0273 0.6928
vn 0.6826 0.3013 0.6657
vn 0.5013 0.3278 0.8008
vn 0.3466 -0.8918 0.2907
vn 0.4929 -0.8460 0.2033
vn 0.6237 -0.6392 0.4499
vn 0.4644 -0.6667 0.5829
vn 0.9998 -0.0205 0.0030
vn 0.9789 0.1865 -0.0831
vn 0.9588 0.2352 0.1590
vn 0.9493 -0.0524 0.3099
vn 0.9154 0.2704 -0.2983
vn 0.9011 0.3194 -0.2933
vn 0.8224 0.1747 -0.5414
vn 0.7724 0.2176 -0.5968
vn 0.7609 -0.0558 -0.6464
vn 0.6805 -0.0764 -0.7288
vn 0.7866 -0.2810 -0.5498
vn 0.7112 -0.3821 -0.5901
vn 0.8557 -0.3907 -0.3393
vn 0.7642 -0.6285 -0.1448
vn 0.9538 -0.2803 -0.1087
vn 0.8520 -0.4976 0.1628
vn 0.9366 -0.0111 -0.3501
vn 0.5111 0.8329 0.2123
vn 0.3436 0.8894 0.3014
vn 0.6585 0.7437 0.1149
vn 0.0859 0.8956 -0.4365
vn 0.2039 0.8539 -0.4789
vn 0.3184 0.7972 -0.5129
vn -0.1143 0.2545 -0.9603
vn -0.0150 0.2594 -0.9657
vn 0.0845 0.2617 -0.9614
vn -0.0781 -0.3602 -0.9296
vn 0.0148 -0.3645 -0.9311
vn 0.1076 -0.3657 -0.9245
vn 0.1338 -0.9102 -0.3920
vn 0.2157 -0.8880 -0.4062
vn 0.2961 -0.8591 -0.4174
vn -0.9978 0.0030 0.0657
vn -0.9713 -0.2118 0.1080
vn -0.9747 -0.1415 0.1732
vn -0.9913 -0.0052 0.1317
vn -0.8976 -0.3108 0.3127
vn -0.9304 -0.1754 0.3220
vn -0.8358 -0.1675 0.5229
vn -0.8725 -0.0900 0.4802
vn -0.8131 0.0266 0.5815
vn -0.8421 0.0228 0.5389
vn -0.8478 0.1730 0.5013
vn -0.8656 0.1386 0.4811
vn -0.9082 0.2764 0.3142
vn -0.9178 0.2258 0.3266
vn -0.9680 0.2027 0.1478
vn -0.9689 0.1622 0.1867
vn -0.9804 -0.0133 0.1967
vn -0.9691 -0.0704 0.2364
vn -0.9450 -0.0379 0.3249
vn -0.9010 -0.0125 0.4336
vn -0.8687 0.0189 0.4949
vn -0.8817 0.1041 0.4602
vn -0.9247 0.1748 0.3381
vn -0.9668 0.1213 0.2248
vn -0.9369 -0.0109 0.3494
vn -0.3450 0.2369 0.9082
vn -0.3542 0.0035 0.9351
vn -0.3439 -0.2301 0.9104
vn -0.4895 0.7041 0.5145
vn -0.7086 0.7000 -0.0882
vn -0.8745 -0.0378 -0.4835
vn -0.8495 0.2169 -0.4809
vn -0.8423 -0.2901 -0.4544
vn -0.6868 -0.7263 -0.0286
vn -0.4873 -0.7016 0.5200
vn -0.9366 -0.0077 0.3504
vn -0.9376 -0.0092 0.3476
vn -0.9356 -0.0076 0.3529
vn -0.9350 -0.0111 0.3544
vn -0.9374 -0.0107 0.3482
vn -0.9336 -0.0111 0.3582
vn -0.9361 -0.0190 0.3512
vn -0.9394 -0.0135 0.3425
vn 0.4129 0.5061 0.7572
vn 0.5392 0.4924 0.6833
vn 0.6538 0.4681 0.5946
vn 0.0997 0.9805 0.1694
vn 0.3005 0.9497 0.0883
vn 0.4870 0.8734 0.0030
vn -0.1823 0.8530 -0.4891
vn 0.0488 0.8270 -0.5601
vn 0.2770 0.7520 -0.5981
vn -0.3044 0.3030 -0.9031
vn -0.0851 0.2966 -0.9512
vn 0.1386 0.2753 -0.9513
vn -0.1922 -0.5089 -0.8391
vn -0.0447 -0.4939 -0.8684
vn 0.1040 -0.4677 -0.8778
vn 0.0483 -0.9166 -0.3968
vn 0.1337 -0.8963 -0.4229
vn 0.2179 -0.8684 -0.4454
vn 0.3520 -0.8935 0.2790
vn 0.4038 -0.8787 0.2545
vn 0.4543 -0.8609 0.2290
vn 0.5181 -0.2120 0.8286
vn 0.5836 -0.2075 0.7851
vn 0.6454 -0.2017 0.7367
vn -0.4000 -0.5068 -0.7637
vn -0.5132 -0.4961 -0.7004
vn -0.6177 -0.4770 -0.6253
vn -0.5061 0.2128 -0.8358
vn -0.5570 0.2097 -0.8036
vn -0.6058 0.2058 -0.7685
vn -0.3397 0.8962 -0.2852
vn -0.3757 0.8869 -0.2688
vn -0.4110 0.8761 -0.2519
vn -0.0344 0.9190 0.3927
vn -0.1033 0.9042 0.4145
vn -0.1716 0.8843 0.4342
vn 0.2069 0.5098 0.8350
vn 0.0756 0.4982 0.8638
vn -0.0571 0.4775 0.8768
vn 0.3191 -0.3029 0.8980
vn 0.1148 -0.2986 0.9475
vn -0.0945 -0.2811 0.9550
vn 0.1967 -0.8529 0.4836
vn -0.0203 -0.8326 0.5534
vn -0.2363 -0.7688 0.5943
vn -0.0857 -0.9809 -0.1747
vn -0.2736 -0.9566 -0.0999
vn -0.4502 -0.8927 -0.0210
vn 0.6806 -0.7031 -0.2059
vn 0.8676 -0.0204 -0.4969
vn 0.5463 0.6743 -0.4969
vn -0.0950 0.9740 -0.2058
vn -0.6806 0.7031 0.2058
vn -0.8676 0.0204 0.4969
vn -0.5463 -0.6743 0.4969
vn 0.0950 -0.9740 0.2058
vn -0.4881 -0.2258 -0.8431
vn 0.4881 0.2258 0.8431
vn -0.9988 0.0000 -0.0487
vn 0.0001 0.0000 -1.0000
vn 0.0009 0.0000 1.0000
vn 0.9988 0.0000 0.0487
vn 0.0181 0.9998 -0.0057
vn 0.0000 -1.0000 0.0000
vn 0.0000 0.0336 -0.9994
vn -0.9986 0.0011 -0.0526
vn 0.9986 -0.0011 0.0526
vn 0.9986 -0.0002 0.0537
vn 0.0000 0.8961 0.4439
vn -0.0003 0.8959 0.4443
vn 0.0001 0.8959 0.4443
vn -0.9985 0.0000 -0.0540
vn 0.0000 0.9967 0.0814
vn 0.0000 1.0000 0.0000
vn 0.0044 -0.0142 -0.9999
vn 0.0066 -0.0071 -1.0000
vn 0.0089 0.0000 -1.0000
vn -0.9990 -0.0063 -0.0432
vn -0.9991 0.0000 -0.0432
vn -0.9990 0.0063 -0.0432
vn -0.0044 0.0132 0.9999
vn -0.0067 0.0066 1.0000
vn -0.0089 0.0000 1.0000
vn 0.9991 0.0012 0.0432
vn 0.9991 -0.0051 0.0432
vn 0.9990 0.0075 0.0432
vn 0.0008 0.9533 0.3020
vn 0.0213 0.9998 0.0003
vn 0.0397 0.9526 -0.3015
vn -0.0008 0.9533 -0.3020
vn -0.0213 0.9998 -0.0003
vn -0.0397 0.9526 0.3015
vn 0.4736 0.8807 0.0073
vn 0.0164 0.0029 -0.9999
vn -0.7062 -0.7079 -0.0109
vn -0.0165 -0.0029 0.9999
vn -0.4736 0.8807 -0.0073
vn -0.0164 0.0029 0.9999
vn 0.7062 -0.7079 0.0109
vn 0.0165 -0.0029 -0.9999
vn 0.9999 0.0000 0.0154
vn 0.0221 0.0000 -0.9998
vn -0.9999 0.0000 -0.0154
vn -0.0221 0.0000 0.9998
vn 0.9996 -0.0140 0.0251
vn -0.0757 -0.2889 -0.9543
vn -0.9987 0.0518 0.0029
vn -0.2604 -0.2796 0.9241
vn -0.9996 -0.0140 -0.0251
vn 0.0757 -0.2889 0.9543
vn 0.9987 0.0518 -0.0029
vn 0.2604 -0.2796 -0.9241
vn 0.9964 0.0786 0.0302
vn 0.0309 -0.3350 -0.9417
vn -0.9964 0.0786 -0.0302
vn -0.0421 -0.3348 0.9413
vn -0.0309 -0.3350 0.9417
vn 0.0421 -0.3348 -0.9413
vn 0.9998 0.0162 -0.0079
vn -0.0610 0.2895 -0.9552
vn -0.9983 -0.0569 -0.0143
vn -0.2466 0.2809 0.9275
vn -0.9998 0.0162 0.0079
vn 0.0611 0.2895 0.9552
vn 0.9983 -0.0569 0.0143
vn 0.2466 0.2809 -0.9275
vn 0.9998 -0.0155 -0.0083
vn -0.9984 0.0545 -0.0156
vn -0.9998 -0.0155 0.0083
vn 0.9984 0.0545 0.0156
vn 0.9996 0.0146 0.0248
vn -0.9985 -0.0540 0.0017
vn -0.9996 0.0146 -0.0248
vn 0.9985 -0.0540 -0.0017
vn -0.9974 0.0720 0.0074
vn 0.9974 0.0720 -0.0074
vn 0.3802 -0.9178 0.1147
vn 0.9183 -0.3804 0.1097
vn 0.9231 0.3824 0.0406
vn 0.3821 0.9226 -0.0528
vn -0.3802 0.9178 -0.1147
vn -0.9183 0.3804 -0.1097
vn -0.9231 -0.3824 -0.0406
vn -0.3822 -0.9226 0.0528
vn 0.3524 -0.8507 -0.3900
vn 0.8312 -0.3443 -0.4365
vn 0.8146 0.3374 -0.4718
vn 0.3362 0.8116 -0.4779
vn -0.3414 0.8241 -0.4519
vn -0.8441 0.3496 -0.4065
vn -0.8593 -0.3559 -0.3674
vn -0.3570 -0.8619 -0.3602
vn 0.3647 -0.8805 -0.3029
vn 0.9006 -0.3731 -0.2228
vn 0.9155 0.3792 -0.1343
vn 0.3810 0.9199 -0.0927
vn -0.3797 0.9166 -0.1252
vn -0.9032 0.3741 -0.2106
vn -0.8828 -0.3657 -0.2948
vn -0.3611 -0.8717 -0.3312
vn -0.1230 0.2969 -0.9470
vn -0.2969 0.1230 -0.9470
vn -0.2969 -0.1230 -0.9470
vn -0.1230 -0.2969 -0.9470
vn 0.1230 -0.2969 -0.9470
vn 0.2969 -0.1230 -0.9470
vn 0.2969 0.1230 -0.9470
vn 0.1230 0.2969 -0.9470
vn 0.3827 -0.9239 0.0000
vn 0.9239 -0.3827 0.0000
vn 0.9239 0.3827 0.0000
vn 0.3827 0.9239 0.0000
vn -0.3827 0.9239 0.0000
vn -0.9239 0.3827 0.0000
vn -0.9239 -0.3827 0.0000
vn -0.3827 -0.9239 0.0000
vn 0.3620 -0.8741 0.3240
vn -0.3530 -0.8522 0.3862
vn -0.8292 -0.3435 0.4409
vn -0.8205 0.3399 0.4595
vn -0.3447 0.8322 0.4342
vn 0.3546 0.8561 0.3760
vn 0.8765 0.3631 0.3161
vn 0.8832 -0.3658 0.2935
vn 0.3012 -0.7273 0.6167
vn 0.7273 -0.3012 0.6167
vn 0.7273 0.3012 0.6167
vn 0.3012 0.7273 0.6167
vn -0.3012 0.7273 0.6167
vn -0.7273 0.3012 0.6167
vn -0.7273 -0.3012 0.6167
vn -0.3012 -0.7273 0.6167
vn -0.1513 0.3654 0.9185
vn -0.3654 0.1513 0.9185
vn -0.3654 -0.1513 0.9185
vn -0.1513 -0.3654 0.9185
vn 0.1513 -0.3654 0.9185
vn 0.3654 -0.1513 0.9185
vn 0.3654 0.1513 0.9185
vn 0.1513 0.3654 0.9185
vn -0.0739 0.1785 0.9812
vn -0.1785 0.0739 0.9812
vn -0.1785 -0.0739 0.9812
vn -0.0739 -0.1785 0.9812
vn 0.0739 -0.1785 0.9812
vn 0.1785 -0.0739 0.9812
vn 0.1785 0.0739 0.9812
vn 0.0739 0.1785 0.9812
vn -0.9239 -0.3826 0.0000
vn 0.3823 -0.9230 0.0440
vn 0.9237 -0.3826 0.0182
vn 0.9237 0.3826 -0.0182
vn 0.3823 0.9230 -0.0440
vn -0.3823 0.9230 -0.0440
vn -0.9237 0.3826 -0.0182
vn -0.9237 -0.3826 0.0182
vn -0.3823 -0.9230 0.0440
vn 0.2919 -0.7026 -0.6489
vn -0.2975 -0.7209 -0.6259
vn -0.7374 -0.3062 -0.6021
vn -0.7438 0.3082 -0.5931
vn -0.3039 0.7357 -0.6053
vn 0.2981 0.7171 -0.6300
vn 0.7011 0.2896 -0.6516
vn 0.6949 -0.2878 -0.6590
vn 0.0918 -0.2217 0.9708
vn 0.2217 -0.0918 0.9708
vn 0.2217 0.0918 0.9708
vn 0.0918 0.2216 0.9708
vn -0.0918 0.2216 0.9708
vn -0.2216 0.0918 0.9708
vn -0.2216 -0.0918 0.9708
vn -0.0918 -0.2217 0.9708
vn 0.2146 -0.5180 -0.8280
vn 0.5180 -0.2146 -0.8280
vn 0.5180 0.2146 -0.8280
vn 0.2146 0.5180 -0.8280
vn -0.2146 0.5180 -0.8280
vn -0.5180 0.2146 -0.8280
vn -0.5180 -0.2146 -0.8280
vn -0.2146 -0.5180 -0.8280
vn -0.4760 0.8334 0.2808
vn -0.5120 0.8525 0.1056
vn -0.5288 0.8383 -0.1330
vn -0.5104 0.8492 0.1357
vn -0.5158 0.8490 0.1146
vn -0.5313 0.8471 -0.0128
vn -0.4864 0.8078 0.3331
vn -0.5112 0.8503 0.1256
vn -0.5168 0.8289 0.2142
vn -0.4743 0.7529 0.4563
vn -0.5077 0.8447 0.1696
vn -0.4802 0.7424 0.4671
vn -0.4680 0.6943 0.5467
vn -0.5107 0.7571 0.4075
vn -0.4384 0.4960 0.7495
vn -0.4711 0.5664 0.6762
vn -0.4961 0.5562 0.6668
vn -0.4219 0.3059 0.8535
vn -0.4788 0.5377 0.6940
vn -0.4804 0.4314 0.7636
vn -0.4549 0.3167 0.8323
vn -0.4754 0.6292 0.6149
vn -0.4959 0.4393 0.7491
vn -0.5073 0.4066 0.7598
vn -0.5062 0.6081 0.6115
vn -0.5596 0.3163 0.7660
vn -0.5483 0.4364 0.7134
vn -0.5123 0.6205 0.5937
vn -0.6018 0.3614 0.7122
vn -0.4829 0.6221 0.6162
vn -0.3767 0.7864 0.4895
vn -0.5386 0.6096 0.5816
vn -0.2579 0.8467 0.4655
vn -0.1424 0.9206 0.3637
vn -0.4226 0.7923 0.4401
vn -0.1403 0.9175 0.3721
vn -0.0304 0.9469 0.3202
vn -0.3114 0.8743 0.3722
vn -0.0212 0.9456 0.3245
vn 0.1518 0.9498 0.2736
vn -0.1557 0.9342 0.3211
vn 0.1508 0.9472 0.2829
vn 0.5081 0.8368 0.2041
vn 0.2380 0.9405 0.2424
vn 0.4195 0.8800 0.2229
vn 0.8237 0.5456 0.1544
vn 0.6737 0.7208 0.1631
vn 0.5916 0.7901 0.1605
vn 0.9096 0.3876 0.1494
vn 0.9217 0.3637 0.1345
vn 0.7595 0.6383 0.1257
vn 0.9211 0.3656 0.1340
vn 0.9910 0.0018 0.1337
vn 0.9548 0.2731 0.1177
vn 0.9258 0.3639 0.1028
vn 0.9766 -0.1666 0.1359
vn 0.9401 -0.3128 0.1354
vn 0.9859 0.1330 0.1014
vn 0.9906 0.0939 0.0996
vn 0.9006 -0.4125 0.1373
vn 0.8962 -0.4240 0.1306
vn 0.9963 -0.0136 0.0850
vn 0.9963 -0.0315 0.0795
vn 0.8774 -0.4661 0.1137
vn 0.8294 -0.5471 0.1131
vn 0.9806 -0.1851 0.0643
vn 0.9994 -0.0105 0.0345
vn 0.9284 -0.3657 0.0661
vn 0.7540 -0.6508 0.0893
vn 0.8713 -0.4871 0.0600
vn 0.9956 -0.0931 -0.0082
vn 0.9974 -0.0693 -0.0189
vn 0.8777 -0.4786 0.0245
vn 0.6748 -0.7357 0.0593
vn 0.7995 -0.6001 0.0260
vn 0.9842 -0.1626 -0.0700
vn 0.9925 0.0488 -0.1124
vn 0.9427 -0.3277 -0.0619
vn 0.7218 -0.6920 0.0134
vn 0.7235 -0.6902 0.0087
vn 0.8743 -0.4756 -0.0975
vn 0.9398 -0.2816 -0.1936
vn 0.8914 -0.4234 -0.1615
vn 0.6558 -0.7549 -0.0077
vn 0.4052 -0.9058 0.1234
vn 0.4716 -0.8784 0.0779
vn 0.7283 -0.6726 -0.1310
vn 0.8511 -0.4474 -0.2747
vn 0.7901 -0.5733 -0.2168
vn 0.4360 -0.8999 0.0038
vn 0.1998 -0.9750 0.0967
vn 0.6183 -0.7791 -0.1036
vn 0.8990 -0.3711 -0.2326
vn 0.8857 -0.4163 -0.2055
vn 0.6823 -0.6909 -0.2390
vn 0.4265 -0.8374 -0.3417
vn 0.5682 -0.7464 -0.3465
vn 0.8740 -0.4848 -0.0329
vn 0.9018 -0.3557 0.2455
vn 0.8988 -0.4358 0.0479
vn 0.8657 -0.4618 -0.1931
vn -0.9609 0.2411 0.1362
vn -0.9466 0.2437 0.2110
vn -0.9712 0.2382 -0.0048
vn -0.9726 0.2226 0.0672
vn -0.9461 0.2216 0.2361
vn -0.9693 0.2419 -0.0443
vn -0.9525 0.2083 0.2222
vn -0.9564 0.2199 0.1921
vn -0.9708 0.2393 0.0150
vn -0.9197 0.1531 0.3617
vn -0.9608 0.2403 0.1382
vn -0.9660 0.2002 0.1636
vn -0.9041 0.0829 0.4191
vn -0.9602 0.2200 0.1720
vn -0.9345 0.0373 0.3541
vn -0.9110 -0.0135 0.4122
vn -0.9614 0.1512 0.2301
vn -0.9017 -0.0915 0.4227
vn -0.9407 0.0284 0.3380
vn -0.9616 0.1401 0.2362
vn -0.9167 -0.0864 0.3901
vn -0.9574 0.2099 0.1983
vn -0.9609 0.2239 0.1631
vn -0.9607 0.0206 0.2767
vn -0.9450 0.3154 0.0871
vn -0.9739 0.1917 0.1215
vn -0.9826 0.1083 0.1509
vn -0.8850 0.4648 -0.0281
vn -0.9459 0.3226 0.0330
vn -0.9245 0.3812 -0.0055
vn -0.6470 0.7370 -0.1956
vn -0.7681 0.6259 -0.1353
vn -0.6621 0.7172 -0.2172
vn -0.2718 0.8902 -0.3656
vn -0.5091 0.8014 -0.3141
vn -0.4397 0.8261 -0.3526
vn -0.0943 0.9000 -0.4257
vn -0.3428 0.8569 -0.3851
vn -0.2964 0.8623 -0.4106
vn 0.0950 0.8787 -0.4678
vn -0.1355 0.8891 -0.4372
vn -0.1482 0.8808 -0.4498
vn 0.3879 0.7596 -0.5220
vn 0.2967 0.8060 -0.5122
vn 0.1421 0.8546 -0.4994
vn 0.6054 0.5528 -0.5726
vn 0.6628 0.4792 -0.5754
vn 0.4335 0.7083 -0.5572
vn 0.6598 0.4520 -0.6003
vn 0.8058 0.1381 -0.5759
vn 0.6792 0.4275 -0.5966
vn 0.6656 0.4340 -0.6071
vn 0.8081 -0.0288 -0.5883
vn 0.8023 -0.0102 -0.5969
vn 0.7346 0.3022 -0.6074
vn 0.7822 -0.0097 -0.6229
vn 0.7116 -0.4459 -0.5430
vn 0.7797 -0.1622 -0.6047
vn 0.7781 0.1722 -0.6041
vn 0.7563 -0.2175 -0.6170
vn 0.6323 -0.5414 -0.5541
vn 0.7419 -0.2536 -0.6208
vn 0.7801 0.0504 -0.6236
vn 0.7285 -0.2535 -0.6364
vn 0.5722 -0.5865 -0.5733
vn 0.6574 -0.4185 -0.6266
vn 0.7550 -0.0402 -0.6544
vn 0.7371 -0.1220 -0.6647
vn 0.5737 -0.5289 -0.6254
vn 0.4960 -0.6370 -0.5900
vn 0.6567 -0.3210 -0.6824
vn 0.7270 0.0042 -0.6866
vn 0.6870 -0.1771 -0.7048
vn 0.4861 -0.5941 -0.6409
vn 0.3740 -0.7287 -0.5737
vn 0.5462 -0.4655 -0.6964
vn 0.6775 -0.0169 -0.7353
vn 0.6743 -0.0022 -0.7385
vn 0.5308 -0.4340 -0.7279
vn 0.3264 -0.7224 -0.6096
vn 0.3429 -0.6817 -0.6462
vn 0.4713 -0.4453 -0.7613
vn 0.5137 -0.3297 -0.7921
vn 0.3758 -0.5556 -0.7417
vn 0.0792 -0.8360 -0.5429
vn -0.0858 -0.9132 -0.3983
vn 0.0343 -0.8404 -0.5408
vn 0.2997 -0.5762 -0.7604
vn 0.4285 -0.3906 -0.8148
vn 0.2286 -0.6251 -0.7463
vn -0.1348 -0.8577 -0.4962
vn -0.0651 -0.8186 -0.5706
vn 0.3674 -0.4474 -0.8154
vn 0.5991 -0.1054 -0.7937
vn 0.5943 -0.1245 -0.7946
vn 0.4054 -0.2988 -0.8639
vn 0.3661 -0.2822 -0.8868
vn 0.7562 0.0464 -0.6527
vn 0.9518 0.3043 -0.0389
vn 0.9298 0.3183 0.1851
vn 0.9439 0.3074 0.1205
vn -0.8501 -0.5177 -0.0964
vn -0.8384 -0.5121 0.1868
vn -0.8469 -0.5185 0.1178
vn -0.8489 -0.5264 -0.0469
vn -0.8222 -0.5246 0.2207
vn -0.8612 -0.5068 -0.0382
vn -0.8482 -0.5296 -0.0074
vn -0.8256 -0.5428 0.1539
vn -0.8647 -0.4671 -0.1846
vn -0.8390 -0.5423 0.0431
vn -0.8535 -0.5212 -0.0017
vn -0.8673 -0.4330 -0.2457
vn -0.8206 -0.5702 0.0381
vn -0.8767 -0.4528 -0.1623
vn -0.8568 -0.4529 -0.2465
vn -0.8031 -0.5898 -0.0845
vn -0.8828 -0.3441 -0.3197
vn -0.8536 -0.4500 -0.2624
vn -0.8351 -0.5005 -0.2282
vn -0.8817 -0.2165 -0.4192
vn -0.8607 -0.4253 -0.2800
vn -0.8674 -0.3342 -0.3686
vn -0.8515 -0.1035 -0.5140
vn -0.8580 -0.3633 -0.3631
vn -0.8438 -0.1675 -0.5098
vn -0.8044 -0.0497 -0.5919
vn -0.8335 -0.2794 -0.4766
vn -0.7609 0.0271 -0.6483
vn -0.7400 0.0782 -0.6681
vn -0.8049 -0.0939 -0.5859
vn -0.5668 0.2492 -0.7853
vn -0.5713 0.2656 -0.7766
vn -0.6705 0.1416 -0.7283
vn -0.2703 0.3524 -0.8960
vn -0.3098 0.3266 -0.8930
vn -0.4830 0.2397 -0.8422
vn -0.1183 0.3401 -0.9329
vn -0.1835 0.3238 -0.9282
vn -0.4028 0.2709 -0.8743
vn -0.0311 0.3040 -0.9522
vn -0.0494 0.3076 -0.9502
vn -0.3639 0.3155 -0.8764
vn 0.0301 0.2250 -0.9739
vn 0.1827 0.1844 -0.9657
vn -0.1868 0.3616 -0.9134
vn 0.0151 0.1923 -0.9812
vn 0.2834 -0.0530 -0.9575
vn 0.0442 0.2195 -0.9746
vn -0.0000 0.2368 -0.9716
vn 0.2359 -0.1510 -0.9600
vn 0.1771 -0.0335 -0.9836
vn 0.0389 0.2638 -0.9638
vn 0.1332 -0.0519 -0.9897
vn 0.1826 -0.2973 -0.9372
vn 0.1289 0.0598 -0.9898
vn 0.1065 0.1700 -0.9797
vn 0.0955 -0.3078 -0.9467
vn 0.0865 -0.3588 -0.9294
vn 0.1475 0.1304 -0.9804
vn 0.1369 0.1123 -0.9842
vn 0.0308 -0.3445 -0.9383
vn 0.0252 -0.3353 -0.9418
vn 0.1331 0.0877 -0.9872
vn 0.1342 0.1186 -0.9838
vn -0.0048 -0.2882 -0.9576
vn -0.0559 -0.4042 -0.9130
vn 0.0604 -0.0478 -0.9970
vn 0.1350 0.1918 -0.9721
vn 0.0222 -0.0878 -0.9959
vn -0.1286 -0.4298 -0.8937
vn -0.1018 -0.3444 -0.9333
vn 0.0478 0.0632 -0.9969
vn 0.1079 0.2276 -0.9678
vn -0.0366 -0.0835 -0.9958
vn -0.2180 -0.4623 -0.8595
vn -0.2304 -0.4749 -0.8494
vn -0.0704 -0.0697 -0.9951
vn 0.0837 0.2894 -0.9535
vn -0.0208 0.0908 -0.9957
vn -0.2641 -0.3413 -0.9021
vn -0.3717 -0.4870 -0.7904
vn -0.3084 -0.3338 -0.8908
vn -0.1408 -0.0667 -0.9878
vn -0.1056 -0.0219 -0.9942
vn -0.3318 -0.2436 -0.9114
vn -0.5823 -0.4644 -0.6673
vn -0.6411 -0.4999 -0.5823
vn -0.4888 -0.3297 -0.8077
vn -0.1643 -0.0311 -0.9859
vn -0.0814 0.0461 -0.9956
vn -0.4341 -0.2305 -0.8709
vn -0.6277 -0.4274 -0.6506
vn -0.4255 -0.1943 -0.8838
vn -0.0327 0.2593 -0.9652
vn 0.1785 0.4910 -0.8527
vn 0.1364 0.4672 -0.8735
vn 0.0096 0.3325 -0.9430
vn 0.1525 0.5044 -0.8499
vn 0.4218 0.8462 -0.3256
vn 0.4673 0.8599 0.2056
vn 0.4559 0.8248 0.3344
vn -0.2470 -0.9337 -0.2592
vn -0.2277 -0.9718 0.0614
vn -0.2136 -0.9612 0.1744
vn -0.2445 -0.9604 -0.1336
vn -0.2253 -0.9720 0.0675
vn -0.2326 -0.9722 -0.0257
vn -0.2457 -0.9395 -0.2386
vn -0.2198 -0.9751 0.0279
vn -0.2628 -0.9263 -0.2701
vn -0.2497 -0.9258 -0.2839
vn -0.2281 -0.9659 -0.1226
vn -0.2878 -0.8165 -0.5006
vn -0.2528 -0.8927 -0.3730
vn -0.2574 -0.8668 -0.4271
vn -0.2918 -0.6560 -0.6961
vn -0.2374 -0.8115 -0.5339
vn -0.2837 -0.6498 -0.7052
vn -0.2939 -0.5429 -0.7867
vn -0.2421 -0.7321 -0.6368
vn -0.2962 -0.4667 -0.8334
vn -0.2915 -0.5357 -0.7925
vn -0.2577 -0.6765 -0.6899
vn -0.2614 -0.3765 -0.8888
vn -0.2560 -0.5408 -0.8012
vn -0.2227 -0.5469 -0.8070
vn -0.1715 -0.2458 -0.9540
vn -0.2162 -0.4951 -0.8415
vn -0.1609 -0.4223 -0.8921
vn -0.0889 -0.1955 -0.9767
vn -0.2445 -0.4894 -0.8371
vn -0.1193 -0.3949 -0.9109
vn -0.0168 -0.2504 -0.9680
vn -0.3033 -0.4760 -0.8255
vn -0.0905 -0.4176 -0.9041
vn 0.0836 -0.3378 -0.9375
vn -0.2488 -0.4623 -0.8511
vn -0.0635 -0.4383 -0.8966
vn 0.0949 -0.3982 -0.9124
vn -0.2724 -0.4574 -0.8465
vn -0.1271 -0.4698 -0.8736
vn 0.0867 -0.4514 -0.8881
vn -0.3570 -0.4196 -0.8345
vn -0.3294 -0.4597 -0.8247
vn -0.0106 -0.5406 -0.8412
vn -0.4127 -0.3589 -0.8372
vn -0.5774 -0.2591 -0.7742
vn -0.2666 -0.5382 -0.7995
vn -0.4044 -0.4101 -0.8175
vn -0.6331 -0.0842 -0.7695
vn -0.4948 -0.3619 -0.7901
vn -0.4187 -0.4834 -0.7688
vn -0.6039 -0.0699 -0.7940
vn -0.6232 -0.0452 -0.7808
vn -0.5291 -0.4042 -0.7461
vn -0.5840 -0.2152 -0.7827
vn -0.5874 0.2504 -0.7695
vn -0.6254 0.0023 -0.7803
vn -0.6138 -0.3630 -0.7010
vn -0.6135 0.0236 -0.7894
vn -0.5177 0.3783 -0.7673
vn -0.6268 0.0603 -0.7768
vn -0.6713 -0.2352 -0.7029
vn -0.6279 0.0872 -0.7734
vn -0.5027 0.4126 -0.7596
vn -0.6131 0.1883 -0.7672
vn -0.7084 -0.1647 -0.6863
vn -0.6888 -0.0155 -0.7248
vn -0.5398 0.3841 -0.7491
vn -0.5310 0.4075 -0.7429
vn -0.7075 0.0362 -0.7058
vn -0.7582 -0.1813 -0.6263
vn -0.7011 0.1046 -0.7053
vn -0.5108 0.4835 -0.7109
vn -0.5185 0.4773 -0.7095
vn -0.7380 0.0940 -0.6683
vn -0.8130 -0.2324 -0.5339
vn -0.7974 -0.0644 -0.6000
vn -0.5916 0.4213 -0.6874
vn -0.4964 0.5411 -0.6788
vn -0.7174 0.2608 -0.6460
vn -0.8666 -0.0235 -0.4985
vn -0.8847 -0.0293 -0.4652
vn -0.7518 0.2567 -0.6073
vn -0.5112 0.4947 -0.7028
vn -0.5132 0.4932 -0.7024
vn -0.7767 0.3001 -0.5537
vn -0.9412 0.0844 -0.3271
vn -0.9385 0.1032 -0.3296
vn -0.7127 0.4008 -0.5757
vn -0.3357 0.6265 -0.7034
vn -0.4794 0.5755 -0.6626
vn -0.8648 0.2158 -0.4534
vn -0.8974 0.1340 -0.4205
vn -0.6772 0.4973 -0.5423
vn -0.3432 0.8186 -0.4605
vn -0.2038 0.9190 -0.3375
vn -0.3862 0.8084 -0.4443
vn -0.4712 0.6687 -0.5751
vn -0.3814 0.8360 -0.3944
vn -0.2862 0.9525 0.1037
vn -0.2389 0.8985 0.3681
vn 0.5121 -0.8525 -0.1047
vn 0.4765 -0.8339 -0.2784
vn 0.5289 -0.8384 0.1317
vn 0.5106 -0.8492 -0.1349
vn 0.5159 -0.8490 -0.1146
vn 0.5313 -0.8471 0.0113
vn 0.4869 -0.8084 -0.3309
vn 0.5112 -0.8501 -0.1268
vn 0.5168 -0.8288 -0.2145
vn 0.4750 -0.7538 -0.4540
vn 0.5077 -0.8440 -0.1730
vn 0.4803 -0.7433 -0.4656
vn 0.4678 -0.6937 -0.5476
vn 0.5100 -0.7543 -0.4135
vn 0.4396 -0.4986 -0.7471
vn 0.4715 -0.5667 -0.6756
vn 0.4956 -0.5547 -0.6683
vn 0.4223 -0.3076 -0.8527
vn 0.4788 -0.5379 -0.6938
vn 0.4803 -0.4305 -0.7642
vn 0.4549 -0.3163 -0.8325
vn 0.4753 -0.6318 -0.6123
vn 0.4960 -0.4442 -0.7461
vn 0.5073 -0.4079 -0.7591
vn 0.5063 -0.6073 -0.6123
vn 0.5598 -0.3155 -0.7662
vn 0.5482 -0.4372 -0.7129
vn 0.5119 -0.6217 -0.5928
vn 0.6032 -0.3567 -0.7134
vn 0.4814 -0.6239 -0.6156
vn 0.3744 -0.7891 -0.4870
vn 0.5446 -0.6024 -0.5836
vn 0.2593 -0.8456 -0.4666
vn 0.1396 -0.9216 -0.3622
vn 0.4254 -0.7906 -0.4404
vn 0.1399 -0.9177 -0.3720
vn 0.0289 -0.9471 -0.3197
vn 0.3143 -0.8732 -0.3725
vn 0.0203 -0.9457 -0.3244
vn -0.1542 -0.9496 -0.2730
vn 0.1622 -0.9329 -0.3214
vn -0.1529 -0.9470 -0.2826
vn -0.5195 -0.8304 -0.2012
vn -0.2312 -0.9422 -0.2424
vn -0.4135 -0.8825 -0.2239
vn -0.8306 -0.5354 -0.1530
vn -0.6736 -0.7210 -0.1629
vn -0.5851 -0.7949 -0.1605
vn -0.9116 -0.3831 -0.1493
vn -0.9230 -0.3606 -0.1343
vn -0.7550 -0.6437 -0.1253
vn -0.9209 -0.3660 -0.1340
vn -0.9910 0.0056 -0.1337
vn -0.9543 -0.2749 -0.1174
vn -0.9233 -0.3704 -0.1020
vn -0.9756 0.1723 -0.1361
vn -0.9375 0.3206 -0.1356
vn -0.9854 -0.1369 -0.1009
vn -0.9902 -0.0983 -0.0990
vn -0.8994 0.4151 -0.1372
vn -0.8950 0.4265 -0.1306
vn -0.9963 0.0119 -0.0847
vn -0.9964 0.0298 -0.0792
vn -0.8769 0.4671 -0.1137
vn -0.8285 0.5485 -0.1132
vn -0.9807 0.1845 -0.0642
vn -0.9994 0.0091 -0.0344
vn -0.9284 0.3657 -0.0662
vn -0.7532 0.6518 -0.0893
vn -0.8711 0.4874 -0.0600
vn -0.9957 0.0920 0.0082
vn -0.9975 0.0681 0.0189
vn -0.8776 0.4787 -0.0246
vn -0.6741 0.7363 -0.0593
vn -0.7993 0.6004 -0.0260
vn -0.9844 0.1614 0.0703
vn -0.9923 -0.0510 0.1130
vn -0.9429 0.3272 0.0622
vn -0.7169 0.6970 -0.0150
vn -0.7178 0.6961 -0.0107
vn -0.8751 0.4738 0.0986
vn -0.9415 0.2731 0.1972
vn -0.8936 0.4178 0.1643
vn -0.6541 0.7564 0.0064
vn -0.3985 0.9083 -0.1270
vn -0.4674 0.8804 -0.0802
vn -0.7294 0.6713 0.1318
vn -0.8528 0.4429 0.2768
vn -0.7912 0.5715 0.2179
vn -0.4396 0.8982 -0.0023
vn -0.2115 0.9730 -0.0926
vn -0.6164 0.7806 0.1033
vn -0.8926 0.3880 0.2295
vn -0.8824 0.4238 0.2044
vn -0.6849 0.6889 0.2372
vn -0.4382 0.8339 0.3356
vn -0.5772 0.7427 0.3396
vn -0.8730 0.4864 0.0358
vn -0.9014 0.3615 -0.2383
vn -0.8981 0.4375 -0.0450
vn -0.8657 0.4619 0.1932
vn 0.9467 -0.2438 -0.2105
vn 0.9609 -0.2412 -0.1360
vn 0.9712 -0.2383 0.0045
vn 0.9726 -0.2227 -0.0672
vn 0.9462 -0.2217 -0.2356
vn 0.9693 -0.2418 0.0435
vn 0.9526 -0.2084 -0.2218
vn 0.9564 -0.2199 -0.1921
vn 0.9709 -0.2391 -0.0158
vn 0.9201 -0.1534 -0.3605
vn 0.9608 -0.2401 -0.1386
vn 0.9660 -0.2003 -0.1634
vn 0.9049 -0.0836 -0.4174
vn 0.9602 -0.2186 -0.1739
vn 0.9343 -0.0373 -0.3547
vn 0.9115 0.0125 -0.4112
vn 0.9613 -0.1507 -0.2305
vn 0.9015 0.0921 -0.4229
vn 0.9409 -0.0289 -0.3374
vn 0.9616 -0.1404 -0.2357
vn 0.9157 0.0893 -0.3919
vn 0.9572 -0.2128 -0.1964
vn 0.9603 -0.2286 -0.1597
vn 0.9607 -0.0201 -0.2768
vn 0.9446 -0.3166 -0.0863
vn 0.9741 -0.1906 -0.1219
vn 0.9826 -0.1066 -0.1518
vn 0.8826 -0.4692 0.0303
vn 0.9471 -0.3192 -0.0343
vn 0.9256 -0.3785 0.0042
vn 0.6369 -0.7446 0.2001
vn 0.7713 -0.6225 0.1331
vn 0.6681 -0.7126 0.2141
vn 0.2642 -0.8919 0.3671
vn 0.5101 -0.8009 0.3137
vn 0.4414 -0.8253 0.3522
vn 0.0906 -0.9001 0.4262
vn 0.3443 -0.8564 0.3849
vn 0.2979 -0.8619 0.4105
vn -0.0998 -0.8780 0.4682
vn 0.1386 -0.8890 0.4364
vn 0.1528 -0.8805 0.4487
vn -0.4017 -0.7523 0.5222
vn -0.2995 -0.8055 0.5114
vn -0.1284 -0.8590 0.4956
vn -0.6090 -0.5488 0.5726
vn -0.6664 -0.4748 0.5748
vn -0.4272 -0.7133 0.5557
vn -0.6596 -0.4522 0.6003
vn -0.8079 -0.1311 0.5745
vn -0.6782 -0.4295 0.5963
vn -0.6634 -0.4379 0.6067
vn -0.8086 0.0337 0.5874
vn -0.8027 0.0128 0.5962
vn -0.7328 -0.3082 0.6066
vn -0.7822 0.0107 0.6229
vn -0.7083 0.4549 0.5399
vn -0.7797 0.1640 0.6043
vn -0.7776 -0.1773 0.6033
vn -0.7565 0.2174 0.6168
vn -0.6309 0.5443 0.5529
vn -0.7419 0.2539 0.6206
vn -0.7803 -0.0525 0.6232
vn -0.7287 0.2534 0.6362
vn -0.5714 0.5879 0.5726
vn -0.6571 0.4190 0.6266
vn -0.7551 0.0389 0.6545
vn -0.7371 0.1210 0.6648
vn -0.5733 0.5295 0.6253
vn -0.4953 0.6380 0.5896
vn -0.6567 0.3208 0.6825
vn -0.7271 -0.0060 0.6865
vn -0.6872 0.1761 0.7048
vn -0.4855 0.5949 0.6406
vn -0.3727 0.7300 0.5729
vn -0.5461 0.4656 0.6964
vn -0.6780 0.0133 0.7349
vn -0.6749 -0.0021 0.7379
vn -0.5297 0.4366 0.7272
vn -0.3209 0.7289 0.6048
vn -0.3400 0.6854 0.6439
vn -0.4737 0.4403 0.7627
vn -0.5179 0.3193 0.7936
vn -0.3781 0.5517 0.7434
vn -0.0763 0.8382 0.5401
vn 0.0902 0.9151 0.3931
vn -0.0324 0.8417 0.5389
vn -0.3001 0.5759 0.7605
vn -0.4276 0.3926 0.8143
vn -0.2299 0.6244 0.7465
vn 0.1194 0.8520 0.5098
vn 0.0450 0.8088 0.5864
vn -0.3665 0.4478 0.8156
vn -0.5895 0.1230 0.7983
vn -0.5885 0.1345 0.7972
vn -0.4307 0.2811 0.8576
vn -0.4204 0.2490 0.8725
vn -0.7696 -0.0602 0.6356
vn -0.9516 -0.3018 0.0590
vn -0.9325 -0.3180 -0.1711
vn -0.9439 -0.3075 -0.1206
vn 0.8384 0.5120 -0.1870
vn 0.8501 0.5175 0.0972
vn 0.8469 0.5185 -0.1178
vn 0.8488 0.5265 0.0474
vn 0.8220 0.5247 -0.2214
vn 0.8613 0.5067 0.0386
vn 0.8482 0.5297 0.0074
vn 0.8254 0.5429 -0.1547
vn 0.8647 0.4667 0.1858
vn 0.8389 0.5425 -0.0437
vn 0.8535 0.5211 0.0014
vn 0.8672 0.4324 0.2470
vn 0.8200 0.5710 -0.0393
vn 0.8767 0.4526 0.1626
vn 0.8567 0.4527 0.2472
vn 0.8024 0.5909 0.0833
vn 0.8830 0.3430 0.3205
vn 0.8536 0.4502 0.2622
vn 0.8349 0.5013 0.2273
vn 0.8817 0.2143 0.4204
vn 0.8603 0.4268 0.2790
vn 0.8673 0.3342 0.3689
vn 0.8509 0.1004 0.5156
vn 0.8578 0.3652 0.3617
vn 0.8438 0.1670 0.5100
vn 0.8041 0.0483 0.5926
vn 0.8336 0.2827 0.4745
vn 0.7600 -0.0292 0.6493
vn 0.7399 -0.0791 0.6681
vn 0.8070 0.0996 0.5821
vn 0.5625 -0.2526 0.7873
vn 0.5716 -0.2667 0.7760
vn 0.6771 -0.1358 0.7233
vn 0.2679 -0.3533 0.8963
vn 0.3082 -0.3274 0.8932
vn 0.4854 -0.2386 0.8411
vn 0.1170 -0.3404 0.9330
vn 0.1831 -0.3241 0.9281
vn 0.4046 -0.2707 0.8735
vn 0.0298 -0.3042 0.9521
vn 0.0489 -0.3079 0.9502
vn 0.3674 -0.3155 0.8749
vn -0.0324 -0.2239 0.9741
vn -0.1862 -0.1833 0.9653
vn 0.1908 -0.3641 0.9116
vn -0.0142 -0.1927 0.9812
vn -0.2866 0.0561 0.9564
vn -0.0441 -0.2203 0.9744
vn 0.0011 -0.2383 0.9712
vn -0.2369 0.1528 0.9594
vn -0.1777 0.0340 0.9835
vn -0.0382 -0.2657 0.9633
vn -0.1333 0.0521 0.9897
vn -0.1830 0.2990 0.9365
vn -0.1292 -0.0604 0.9898
vn -0.1067 -0.1716 0.9794
vn -0.0955 0.3087 0.9464
vn -0.0865 0.3601 0.9289
vn -0.1478 -0.1309 0.9803
vn -0.1371 -0.1127 0.9841
vn -0.0307 0.3451 0.9381
vn -0.0252 0.3358 0.9416
vn -0.1332 -0.0880 0.9872
vn -0.1342 -0.1190 0.9838
vn 0.0050 0.2884 0.9575
vn 0.0560 0.4047 0.9127
vn -0.0606 0.0477 0.9970
vn -0.1354 -0.1924 0.9719
vn -0.0224 0.0878 0.9959
vn 0.1287 0.4304 0.8934
vn 0.1019 0.3448 0.9331
vn -0.0482 -0.0640 0.9968
vn -0.1086 -0.2291 0.9673
vn 0.0364 0.0832 0.9959
vn 0.2184 0.4636 0.8587
vn 0.2309 0.4764 0.8484
vn 0.0696 0.0686 0.9952
vn -0.0863 -0.2943 0.9518
vn 0.0191 -0.0941 0.9954
vn 0.2649 0.3440 0.9008
vn 0.3733 0.4918 0.7867
vn 0.3087 0.3355 0.8900
vn 0.1375 0.0634 0.9885
vn 0.1017 0.0181 0.9947
vn 0.3309 0.2430 0.9119
vn 0.5826 0.4656 0.6662
vn 0.6406 0.5006 0.5822
vn 0.4888 0.3299 0.8076
vn 0.1678 0.0338 0.9852
vn 0.0886 -0.0407 0.9952
vn 0.4296 0.2253 0.8744
vn 0.6143 0.4100 0.6742
vn 0.4147 0.1824 0.8915
vn 0.0419 -0.2497 0.9674
vn -0.1567 -0.4706 0.8683
vn -0.1297 -0.4615 0.8776
vn -0.0393 -0.3719 0.9274
vn -0.1824 -0.5429 0.8197
vn -0.4238 -0.8472 0.3203
vn -0.4672 -0.8626 -0.1939
vn -0.4560 -0.8248 -0.3344
vn 0.2277 0.9718 -0.0612
vn 0.2470 0.9329 0.2622
vn 0.2134 0.9611 -0.1753
vn 0.2446 0.9602 0.1351
vn 0.2253 0.9719 -0.0685
vn 0.2327 0.9722 0.0255
vn 0.2459 0.9391 0.2402
vn 0.2195 0.9751 -0.0305
vn 0.2630 0.9259 0.2713
vn 0.2495 0.9257 0.2842
vn 0.2275 0.9664 0.1196
vn 0.2881 0.8143 0.5038
vn 0.2518 0.8942 0.3701
vn 0.2571 0.8681 0.4245
vn 0.2925 0.6522 0.6994
vn 0.2367 0.8131 0.5318
vn 0.2838 0.6500 0.7049
vn 0.2944 0.5413 0.7876
vn 0.2417 0.7335 0.6353
vn 0.2962 0.4663 0.8336
vn 0.2917 0.5352 0.7928
vn 0.2576 0.6769 0.6895
vn 0.2612 0.3737 0.8900
vn 0.2562 0.5409 0.8011
vn 0.2228 0.5483 0.8060
vn 0.1712 0.2436 0.9547
vn 0.2165 0.4956 0.8412
vn 0.1609 0.4229 0.8918
vn 0.0886 0.1947 0.9768
vn 0.2445 0.4890 0.8373
vn 0.1202 0.3950 0.9108
vn 0.0176 0.2510 0.9678
vn 0.3043 0.4764 0.8249
vn 0.0910 0.4178 0.9040
vn -0.0842 0.3374 0.9376
vn 0.2486 0.4622 0.8512
vn 0.0637 0.4383 0.8966
vn -0.0945 0.3983 0.9124
vn 0.2714 0.4573 0.8469
vn 0.1276 0.4695 0.8736
vn -0.0843 0.4516 0.8882
vn 0.3537 0.4204 0.8356
vn 0.3301 0.4584 0.8252
vn 0.0187 0.5385 0.8424
vn 0.4123 0.3594 0.8372
vn 0.5747 0.2614 0.7755
vn 0.2688 0.5361 0.8002
vn 0.4050 0.4092 0.8176
vn 0.6314 0.0875 0.7705
vn 0.4949 0.3611 0.7904
vn 0.4202 0.4809 0.7695
vn 0.6034 0.0719 0.7942
vn 0.6225 0.0470 0.7812
vn 0.5300 0.4009 0.7473
vn 0.5841 0.2141 0.7830
vn 0.5881 -0.2458 0.7706
vn 0.6251 -0.0021 0.7806
vn 0.6144 0.3583 0.7029
vn 0.6133 -0.0240 0.7895
vn 0.5187 -0.3757 0.7680
vn 0.6268 -0.0600 0.7769
vn 0.6713 0.2337 0.7034
vn 0.6278 -0.0873 0.7734
vn 0.5031 -0.4115 0.7599
vn 0.6132 -0.1881 0.7672
vn 0.7083 0.1640 0.6866
vn 0.6887 0.0152 0.7249
vn 0.5399 -0.3838 0.7491
vn 0.5311 -0.4073 0.7430
vn 0.7074 -0.0364 0.7058
vn 0.7580 0.1811 0.6266
vn 0.7009 -0.1048 0.7055
vn 0.5104 -0.4838 0.7109
vn 0.5181 -0.4777 0.7095
vn 0.7379 -0.0940 0.6683
vn 0.8129 0.2328 0.5338
vn 0.7974 0.0647 0.5999
vn 0.5905 -0.4227 0.6875
vn 0.4966 -0.5408 0.6789
vn 0.7182 -0.2589 0.6458
vn 0.8659 0.0229 0.4998
vn 0.8839 0.0284 0.4668
vn 0.7518 -0.2566 0.6074
vn 0.5127 -0.4935 0.7025
vn 0.5148 -0.4919 0.7021
vn 0.7762 -0.3005 0.5542
vn 0.9398 -0.0873 0.3303
vn 0.9370 -0.1062 0.3329
vn 0.7128 -0.4009 0.5755
vn 0.3403 -0.6253 0.7023
vn 0.4817 -0.5747 0.6616
vn 0.8638 -0.2192 0.4537
vn 0.8963 -0.1387 0.4212
vn 0.6785 -0.4958 0.5420
vn 0.3582 -0.8098 0.4646
vn 0.2287 -0.9080 0.3510
vn 0.3915 -0.8073 0.4416
vn 0.4654 -0.6891 0.5555
vn 0.3788 -0.8436 0.3805
vn 0.2861 -0.9524 -0.1049
vn 0.2390 -0.8985 -0.3681
vn 0.0776 0.0358 0.9963
vn -0.1066 -0.0210 -0.9941
vn -0.5305 0.8421 -0.0972
vn -0.5303 0.8124 -0.2426
vn -0.5097 0.8521 0.1188
vn -0.5208 0.8536 -0.0092
vn -0.5209 0.8509 0.0681
vn -0.5015 0.8369 0.2195
vn -0.5170 0.8545 0.0500
vn -0.4972 0.8242 0.2710
vn -0.4945 0.8217 0.2834
vn -0.5085 0.8399 0.1896
vn -0.4670 0.7494 0.4694
vn -0.4840 0.8015 0.3512
vn -0.4906 0.7677 0.4122
vn -0.4475 0.6084 0.6554
vn -0.4827 0.6737 0.5596
vn -0.4577 0.5255 0.7172
vn -0.4388 0.4462 0.7800
vn -0.4765 0.5548 0.6819
vn -0.4367 0.3665 0.8215
vn -0.4508 0.4370 0.7784
vn -0.4734 0.5272 0.7057
vn -0.4550 0.3603 0.8144
vn -0.4619 0.5432 0.7011
vn -0.4912 0.5333 0.6887
vn -0.5163 0.3419 0.7852
vn -0.5036 0.5328 0.6801
vn -0.5384 0.4630 0.7041
vn -0.5561 0.3802 0.7391
vn -0.4656 0.6378 0.6136
vn -0.5148 0.5735 0.6373
vn -0.4910 0.5953 0.6360
vn -0.2419 0.8440 0.4787
vn -0.3472 0.7958 0.4961
vn -0.3500 0.7982 0.4903
vn -0.0858 0.9161 0.3918
vn -0.2279 0.8797 0.4174
vn -0.2302 0.8810 0.4134
vn 0.0355 0.9350 0.3528
vn -0.0958 0.9232 0.3722
vn -0.1100 0.9216 0.3723
vn 0.2209 0.9226 0.3162
vn 0.1448 0.9357 0.3217
vn 0.0999 0.9393 0.3282
vn 0.5314 0.8028 0.2704
vn 0.5943 0.7669 0.2423
vn 0.4524 0.8549 0.2541
vn 0.7245 0.6474 0.2366
vn 0.8495 0.4826 0.2130
vn 0.7216 0.6576 0.2166
vn 0.8051 0.5521 0.2169
vn 0.9468 0.2405 0.2140
vn 0.9151 0.3451 0.2086
vn 0.8727 0.4452 0.2006
vn 0.9672 0.1293 0.2189
vn 0.9747 -0.0427 0.2196
vn 0.9586 0.2016 0.2009
vn 0.9674 0.1455 0.2072
vn 0.9317 -0.2724 0.2403
vn 0.9285 -0.2838 0.2394
vn 0.9770 0.0076 0.2130
vn 0.9723 -0.0757 0.2210
vn 0.8830 -0.3999 0.2458
vn 0.8903 -0.3855 0.2425
vn 0.9708 -0.1134 0.2114
vn 0.9706 -0.1195 0.2092
vn 0.8800 -0.4117 0.2367
vn 0.8326 -0.4989 0.2403
vn 0.9403 -0.2664 0.2118
vn 0.9791 -0.0920 0.1811
vn 0.9370 -0.2822 0.2057
vn 0.8096 -0.5401 0.2298
vn 0.8264 -0.5162 0.2251
vn 0.9545 -0.2394 0.1778
vn 0.9873 -0.0729 0.1413
vn 0.9487 -0.2645 0.1731
vn 0.7939 -0.5682 0.2166
vn 0.7418 -0.6315 0.2256
vn 0.9141 -0.3682 0.1699
vn 0.9853 -0.1358 0.1039
vn 0.9543 -0.2708 0.1261
vn 0.8228 -0.5338 0.1952
vn 0.6974 -0.6726 0.2475
vn 0.7527 -0.6227 0.2138
vn 0.8819 -0.4610 0.0989
vn 0.9171 -0.3964 0.0420
vn 0.8263 -0.5486 0.1274
vn 0.6083 -0.7462 0.2705
vn 0.4642 -0.8185 0.3384
vn 0.6032 -0.7544 0.2590
vn 0.8378 -0.5396 0.0830
vn 0.8778 -0.4765 0.0487
vn 0.6463 -0.7427 0.1752
vn 0.4795 -0.8527 0.2075
vn 0.6458 -0.7469 0.1585
vn 0.8090 -0.5664 0.1573
vn 0.8538 -0.4796 0.2025
vn 0.7567 -0.6382 0.1416
vn 0.5860 -0.8018 -0.1167
vn 0.5539 -0.7999 -0.2308
vn 0.6493 -0.7605 0.0050
vn 0.6707 -0.7163 0.1927
vn -0.9728 0.2292 -0.0343
vn -0.9730 0.2307 0.0073
vn -0.9624 0.2347 0.1367
vn -0.9652 0.2376 0.1094
vn -0.9727 0.2317 0.0154
vn -0.9472 0.2203 0.2330
vn -0.9668 0.2438 0.0770
vn -0.9664 0.2231 0.1278
vn -0.9405 0.1975 0.2765
vn -0.9650 0.2530 0.0687
vn -0.9471 0.1836 0.2633
vn -0.9432 0.1895 0.2730
vn -0.9627 0.2286 0.1445
vn -0.9170 0.0666 0.3932
vn -0.9396 0.1167 0.3218
vn -0.9485 0.0884 0.3042
vn -0.8988 -0.0569 0.4346
vn -0.9474 0.1024 0.3031
vn -0.9378 0.0224 0.3466
vn -0.9256 -0.0240 0.3778
vn -0.9541 0.1926 0.2295
vn -0.9479 0.0736 0.3099
vn -0.9556 0.1366 0.2610
vn -0.9481 0.2899 0.1305
vn -0.9696 0.0955 0.2253
vn -0.9641 0.2214 0.1465
vn -0.9394 0.3366 0.0650
vn -0.9725 0.1944 0.1285
vn -0.8986 0.4387 0.0106
vn -0.8323 0.5515 -0.0552
vn -0.8702 0.4920 -0.0238
vn -0.6123 0.7685 -0.1857
vn -0.5147 0.8201 -0.2500
vn -0.6184 0.7529 -0.2253
vn -0.3394 0.8824 -0.3259
vn -0.2960 0.8892 -0.3490
vn -0.4279 0.8441 -0.3233
vn -0.1646 0.9086 -0.3839
vn -0.1154 0.9106 -0.3968
vn -0.2708 0.8888 -0.3697
vn 0.0181 0.9044 -0.4263
vn 0.1571 0.8828 -0.4428
vn -0.0210 0.9112 -0.4114
vn 0.2869 0.8289 -0.4802
vn 0.5645 0.6533 -0.5045
vn 0.4106 0.7666 -0.4937
vn 0.5100 0.6858 -0.5192
vn 0.7520 0.3960 -0.5269
vn 0.6920 0.4885 -0.5315
vn 0.6353 0.5599 -0.5319
vn 0.8052 0.2500 -0.5377
vn 0.8344 0.1493 -0.5306
vn 0.7656 0.3521 -0.5384
vn 0.8133 0.2024 -0.5455
vn 0.8462 -0.1281 -0.5172
vn 0.8471 -0.0079 -0.5314
vn 0.8293 0.1706 -0.5321
vn 0.8366 -0.1504 -0.5267
vn 0.7710 -0.4110 -0.4864
vn 0.8336 -0.1839 -0.5209
vn 0.8502 -0.0175 -0.5262
vn 0.8033 -0.2941 -0.5178
vn 0.7225 -0.4913 -0.4864
vn 0.7996 -0.2975 -0.5216
vn 0.8411 -0.0954 -0.5325
vn 0.7990 -0.2841 -0.5300
vn 0.6871 -0.5336 -0.4931
vn 0.7243 -0.4612 -0.5125
vn 0.8161 -0.1897 -0.5459
vn 0.8199 -0.1636 -0.5486
vn 0.7244 -0.4414 -0.5295
vn 0.6192 -0.6152 -0.4880
vn 0.7013 -0.4768 -0.5300
vn 0.8001 -0.1886 -0.5694
vn 0.8079 -0.1404 -0.5724
vn 0.7163 -0.4250 -0.5534
vn 0.5508 -0.6855 -0.4761
vn 0.5821 -0.6447 -0.4955
vn 0.7174 -0.3907 -0.5768
vn 0.7408 -0.3027 -0.5997
vn 0.6476 -0.5088 -0.5673
vn 0.4646 -0.7536 -0.4650
vn 0.3651 -0.8393 -0.4028
vn 0.4460 -0.7551 -0.4805
vn 0.5585 -0.5933 -0.5797
vn 0.5611 -0.5810 -0.5896
vn 0.4109 -0.7641 -0.4974
vn 0.1816 -0.9232 -0.3388
vn 0.1211 -0.9457 -0.3017
vn 0.3558 -0.7996 -0.4838
vn 0.5934 -0.5201 -0.6143
vn 0.5593 -0.5701 -0.6018
vn 0.3879 -0.7443 -0.5436
vn 0.3888 -0.7306 -0.5613
vn 0.5957 -0.5364 -0.5979
vn 0.8359 -0.2375 -0.4949
vn 0.9378 -0.0878 -0.3359
vn 0.9129 -0.1359 -0.3849
vn 0.8648 -0.1605 -0.4757
vn 0.9396 -0.1089 -0.3246
vn 0.9818 -0.0804 -0.1720
vn -0.8539 -0.5179 0.0519
vn -0.8289 -0.4978 0.2550
vn -0.8471 -0.5257 0.0776
vn -0.8383 -0.5197 0.1649
vn -0.8573 -0.5128 -0.0458
vn -0.8424 -0.5282 0.1067
vn -0.8530 -0.5192 0.0527
vn -0.8602 -0.5015 -0.0927
vn -0.8356 -0.5387 0.1074
vn -0.8702 -0.4848 -0.0875
vn -0.8623 -0.4978 -0.0930
vn -0.8422 -0.5378 0.0379
vn -0.8802 -0.4325 -0.1955
vn -0.8465 -0.5217 -0.1060
vn -0.8498 -0.5144 -0.1150
vn -0.8779 -0.3881 -0.2805
vn -0.8360 -0.5230 -0.1661
vn -0.8717 -0.4146 -0.2612
vn -0.8822 -0.3349 -0.3311
vn -0.8515 -0.4678 -0.2366
vn -0.8868 -0.2610 -0.3813
vn -0.8883 -0.2641 -0.3757
vn -0.8762 -0.3534 -0.3278
vn -0.8601 -0.1201 -0.4957
vn -0.8574 -0.2101 -0.4698
vn -0.8488 -0.2231 -0.4794
vn -0.7946 0.0192 -0.6069
vn -0.8262 -0.0992 -0.5546
vn -0.7907 -0.0237 -0.6117
vn -0.6644 0.2151 -0.7158
vn -0.7441 0.1156 -0.6580
vn -0.6097 0.2251 -0.7600
vn -0.3763 0.3746 -0.8474
vn -0.5243 0.2798 -0.8042
vn -0.3880 0.3203 -0.8642
vn -0.1861 0.3798 -0.9062
vn -0.3746 0.3244 -0.8686
vn -0.2642 0.3386 -0.9031
vn -0.0625 0.3654 -0.9287
vn -0.2712 0.3492 -0.8970
vn -0.1919 0.3384 -0.9212
vn 0.0846 0.3147 -0.9454
vn -0.1258 0.3699 -0.9205
vn -0.1347 0.3467 -0.9283
vn 0.2084 0.1666 -0.9638
vn 0.1232 0.2330 -0.9646
vn -0.0077 0.3262 -0.9453
vn 0.2118 0.0805 -0.9740
vn 0.2506 0.0288 -0.9677
vn 0.1093 0.2479 -0.9626
vn 0.1770 0.1026 -0.9789
vn 0.2715 -0.1359 -0.9528
vn 0.2139 0.0540 -0.9754
vn 0.1787 0.1611 -0.9706
vn 0.2228 -0.1379 -0.9651
vn 0.2261 -0.2187 -0.9492
vn 0.2317 0.0885 -0.9688
vn 0.2286 0.0632 -0.9715
vn 0.1797 -0.2981 -0.9375
vn 0.1860 -0.2628 -0.9468
vn 0.2488 0.0445 -0.9675
vn 0.2349 -0.0114 -0.9720
vn 0.1468 -0.3129 -0.9384
vn 0.1468 -0.3025 -0.9418
vn 0.2321 -0.0220 -0.9724
vn 0.2408 0.0157 -0.9704
vn 0.1423 -0.2587 -0.9554
vn 0.0861 -0.3857 -0.9186
vn 0.1662 -0.1745 -0.9705
vn 0.2397 0.0455 -0.9698
vn 0.1937 -0.0755 -0.9781
vn 0.0663 -0.3633 -0.9293
vn 0.0315 -0.4286 -0.9030
vn 0.1309 -0.1926 -0.9725
vn 0.2224 0.0549 -0.9734
vn 0.1926 -0.0174 -0.9811
vn 0.0396 -0.3493 -0.9362
vn -0.0651 -0.5440 -0.8366
vn 0.0033 -0.3992 -0.9168
vn 0.1056 -0.1632 -0.9809
vn 0.0903 -0.1783 -0.9798
vn -0.0555 -0.3900 -0.9192
vn -0.2227 -0.5783 -0.7848
vn -0.2562 -0.5930 -0.7634
vn -0.1398 -0.4463 -0.8839
vn -0.0084 -0.2902 -0.9569
vn -0.0304 -0.3115 -0.9497
vn -0.2276 -0.4828 -0.8456
vn -0.4082 -0.6091 -0.6800
vn -0.3538 -0.5624 -0.7474
vn -0.0422 -0.2854 -0.9575
vn 0.1686 -0.0578 -0.9840
vn 0.0558 -0.1658 -0.9846
vn -0.0834 -0.2988 -0.9507
vn 0.0123 -0.1889 -0.9819
vn 0.3132 0.1530 -0.9373
vn 0.6043 0.4946 -0.6246
vn 0.6989 0.5999 -0.3895
vn 0.6850 0.5871 -0.4314
vn 0.6712 0.5826 -0.4582
vn 0.6825 0.5948 -0.4248
vn -0.2285 -0.9679 0.1047
vn -0.2030 -0.9159 0.3464
vn -0.2345 -0.9717 -0.0284
vn -0.2228 -0.9669 0.1242
vn -0.2453 -0.9664 -0.0772
vn -0.2388 -0.9679 -0.0777
vn -0.2310 -0.9730 -0.0003
vn -0.2616 -0.9304 -0.2570
vn -0.2443 -0.9612 -0.1283
vn -0.2554 -0.9453 -0.2032
vn -0.2753 -0.8764 -0.3952
vn -0.2514 -0.9427 -0.2192
vn -0.2867 -0.8576 -0.4271
vn -0.2745 -0.8003 -0.5330
vn -0.2522 -0.8405 -0.4795
vn -0.3062 -0.6447 -0.7005
vn -0.2819 -0.6862 -0.6706
vn -0.2738 -0.6852 -0.6749
vn -0.3156 -0.4907 -0.8122
vn -0.2890 -0.6366 -0.7150
vn -0.2895 -0.5599 -0.7763
vn -0.3034 -0.4427 -0.8438
vn -0.2939 -0.6289 -0.7198
vn -0.2675 -0.4670 -0.8428
vn -0.2387 -0.3953 -0.8870
vn -0.2394 -0.5337 -0.8111
vn -0.1868 -0.3159 -0.9302
vn -0.1952 -0.3430 -0.9188
vn -0.2212 -0.4689 -0.8551
vn -0.1071 -0.2528 -0.9616
vn -0.1904 -0.3355 -0.9226
vn -0.2493 -0.4440 -0.8607
vn -0.0214 -0.2939 -0.9556
vn -0.1265 -0.3626 -0.9233
vn -0.2090 -0.4275 -0.8796
vn 0.0300 -0.3492 -0.9366
vn -0.1036 -0.3919 -0.9141
vn -0.2100 -0.4262 -0.8799
vn 0.0241 -0.3904 -0.9203
vn -0.1161 -0.4053 -0.9068
vn -0.2936 -0.4136 -0.8618
vn -0.0426 -0.4371 -0.8984
vn -0.1664 -0.4083 -0.8976
vn -0.4729 -0.3045 -0.8268
vn -0.2813 -0.4270 -0.8594
vn -0.2372 -0.4481 -0.8619
vn -0.5071 -0.2131 -0.8351
vn -0.4596 -0.2919 -0.8388
vn -0.3285 -0.4494 -0.8307
vn -0.4865 -0.2147 -0.8469
vn -0.5480 -0.0964 -0.8309
vn -0.4514 -0.3385 -0.8256
vn -0.4750 -0.2792 -0.8345
vn -0.5445 0.0284 -0.8383
vn -0.5416 -0.0683 -0.8379
vn -0.5149 -0.3042 -0.8015
vn -0.5261 -0.0443 -0.8493
vn -0.4856 0.2442 -0.8394
vn -0.5360 -0.0076 -0.8442
vn -0.5573 -0.1947 -0.8072
vn -0.5136 0.0827 -0.8540
vn -0.4528 0.2770 -0.8475
vn -0.5311 0.0527 -0.8457
vn -0.5776 -0.1364 -0.8049
vn -0.5294 0.0703 -0.8454
vn -0.4410 0.3003 -0.8458
vn -0.5005 0.1737 -0.8481
vn -0.5925 -0.0891 -0.8006
vn -0.5863 -0.0534 -0.8084
vn -0.4858 0.2274 -0.8440
vn -0.4339 0.3304 -0.8382
vn -0.5474 0.1098 -0.8296
vn -0.6361 -0.1396 -0.7588
vn -0.6227 -0.0775 -0.7786
vn -0.5081 0.2217 -0.8323
vn -0.4126 0.3858 -0.8252
vn -0.5222 0.2103 -0.8265
vn -0.6711 -0.1381 -0.7284
vn -0.6884 -0.1776 -0.7032
vn -0.6047 0.0768 -0.7927
vn -0.5054 0.2470 -0.8268
vn -0.5379 0.2105 -0.8163
vn -0.6957 0.0266 -0.7178
vn -0.7935 -0.0990 -0.6005
vn -0.7608 -0.0243 -0.6485
vn -0.5922 0.1741 -0.7867
vn -0.4339 0.2974 -0.8505
vn -0.4947 0.2607 -0.8290
vn -0.7221 0.0918 -0.6856
vn -0.8254 -0.0213 -0.5641
vn -0.6757 0.1550 -0.7207
vn -0.3251 0.4524 -0.8304
vn -0.3051 0.4858 -0.8191
vn -0.5123 0.3185 -0.7976
vn -0.5530 0.2533 -0.7937
vn -0.4096 0.4461 -0.7958
vn -0.1095 0.8150 -0.5691
vn 0.0992 0.9778 -0.1848
vn 0.0920 0.9876 -0.1275
vn 0.0333 0.9450 -0.3255
vn 0.0157 0.9039 -0.4274
vn 0.5304 -0.8126 0.2416
vn 0.5305 -0.8421 0.0969
vn 0.5098 -0.8522 -0.1178
vn 0.5208 -0.8537 0.0085
vn 0.5208 -0.8509 -0.0681
vn 0.5016 -0.8370 -0.2184
vn 0.5170 -0.8544 -0.0516
vn 0.4974 -0.8244 -0.2700
vn 0.4946 -0.8217 -0.2832
vn 0.5083 -0.8396 -0.1915
vn 0.4674 -0.7505 -0.4672
vn 0.4838 -0.8011 -0.3525
vn 0.4905 -0.7681 -0.4115
vn 0.4487 -0.6115 -0.6518
vn 0.4824 -0.6723 -0.5616
vn 0.4575 -0.5254 -0.7174
vn 0.4393 -0.4475 -0.7790
vn 0.4764 -0.5539 -0.6828
vn 0.4366 -0.3664 -0.8216
vn 0.4509 -0.4376 -0.7780
vn 0.4735 -0.5273 -0.7056
vn 0.4549 -0.3579 -0.8155
vn 0.4621 -0.5400 -0.7035
vn 0.4912 -0.5326 -0.6892
vn 0.5163 -0.3427 -0.7848
vn 0.5035 -0.5333 -0.6798
vn 0.5387 -0.4622 -0.7043
vn 0.5564 -0.3792 -0.7394
vn 0.4641 -0.6404 -0.6119
vn 0.5163 -0.5715 -0.6377
vn 0.4927 -0.5924 -0.6374
vn 0.2371 -0.8469 -0.4759
vn 0.3467 -0.7964 -0.4955
vn 0.3518 -0.7969 -0.4911
vn 0.0836 -0.9165 -0.3912
vn 0.2283 -0.8796 -0.4174
vn 0.2313 -0.8806 -0.4135
vn -0.0374 -0.9352 -0.3522
vn 0.0967 -0.9231 -0.3721
vn 0.1119 -0.9213 -0.3725
vn -0.2253 -0.9218 -0.3154
vn -0.1422 -0.9360 -0.3219
vn -0.0905 -0.9400 -0.3290
vn -0.5368 -0.7995 -0.2697
vn -0.5981 -0.7643 -0.2412
vn -0.4445 -0.8589 -0.2543
vn -0.7250 -0.6467 -0.2369
vn -0.8523 -0.4779 -0.2127
vn -0.7190 -0.6605 -0.2164
vn -0.8037 -0.5541 -0.2168
vn -0.9480 -0.2357 -0.2139
vn -0.9151 -0.3451 -0.2084
vn -0.8705 -0.4497 -0.2002
vn -0.9674 -0.1274 -0.2190
vn -0.9744 0.0473 -0.2196
vn -0.9576 -0.2077 -0.1999
vn -0.9666 -0.1523 -0.2063
vn -0.9306 0.2762 -0.2402
vn -0.9276 0.2869 -0.2395
vn -0.9771 -0.0099 -0.2127
vn -0.9725 0.0742 -0.2208
vn -0.8823 0.4013 -0.2458
vn -0.8898 0.3867 -0.2425
vn -0.9709 0.1125 -0.2113
vn -0.9707 0.1186 -0.2090
vn -0.8798 0.4122 -0.2366
vn -0.8322 0.4997 -0.2404
vn -0.9403 0.2662 -0.2120
vn -0.9792 0.0911 -0.1812
vn -0.9371 0.2820 -0.2057
vn -0.8093 0.5405 -0.2299
vn -0.8261 0.5165 -0.2252
vn -0.9546 0.2390 -0.1779
vn -0.9874 0.0720 -0.1412
vn -0.9488 0.2642 -0.1731
vn -0.7937 0.5683 -0.2167
vn -0.7417 0.6317 -0.2256
vn -0.9142 0.3680 -0.1698
vn -0.9855 0.1350 -0.1033
vn -0.9547 0.2699 -0.1254
vn -0.8218 0.5351 -0.1958
vn -0.6941 0.6755 -0.2490
vn -0.7512 0.6242 -0.2146
vn -0.8834 0.4585 -0.0971
vn -0.9192 0.3919 -0.0388
vn -0.8276 0.5469 -0.1262
vn -0.6065 0.7472 -0.2718
vn -0.4610 0.8196 -0.3401
vn -0.6021 0.7551 -0.2597
vn -0.8377 0.5397 -0.0834
vn -0.8768 0.4782 -0.0499
vn -0.6509 0.7388 -0.1745
vn -0.4846 0.8499 -0.2069
vn -0.6443 0.7480 -0.1592
vn -0.8102 0.5643 -0.1586
vn -0.8558 0.4746 -0.2057
vn -0.7580 0.6363 -0.1433
vn -0.5827 0.8037 0.1208
vn -0.5500 0.8013 0.2355
vn -0.6487 0.7610 -0.0038
vn -0.6706 0.7163 -0.1927
vn 0.9730 -0.2307 -0.0074
vn 0.9728 -0.2292 0.0340
vn 0.9624 -0.2348 -0.1365
vn 0.9652 -0.2377 -0.1094
vn 0.9727 -0.2317 -0.0157
vn 0.9473 -0.2203 -0.2324
vn 0.9668 -0.2437 -0.0773
vn 0.9664 -0.2230 -0.1278
vn 0.9407 -0.1975 -0.2759
vn 0.9651 -0.2526 -0.0696
vn 0.9472 -0.1837 -0.2629
vn 0.9432 -0.1894 -0.2729
vn 0.9627 -0.2281 -0.1454
vn 0.9176 -0.0677 -0.3916
vn 0.9397 -0.1167 -0.3213
vn 0.9483 -0.0877 -0.3049
vn 0.8990 0.0565 -0.4342
vn 0.9475 -0.1029 -0.3028
vn 0.9377 -0.0218 -0.3469
vn 0.9255 0.0244 -0.3780
vn 0.9540 -0.1945 -0.2282
vn 0.9476 -0.0713 -0.3115
vn 0.9554 -0.1330 -0.2635
vn 0.9480 -0.2902 -0.1305
vn 0.9696 -0.0944 -0.2257
vn 0.9640 -0.2220 -0.1461
vn 0.9391 -0.3376 -0.0644
vn 0.9730 -0.1908 -0.1301
vn 0.8974 -0.4412 -0.0095
vn 0.8314 -0.5529 0.0561
vn 0.8746 -0.4845 0.0202
vn 0.6086 -0.7710 0.1873
vn 0.5096 -0.8227 0.2519
vn 0.6227 -0.7498 0.2235
vn 0.3382 -0.8827 0.3262
vn 0.2947 -0.8895 0.3492
vn 0.4301 -0.8432 0.3226
vn 0.1633 -0.9087 0.3841
vn 0.1145 -0.9107 0.3970
vn 0.2742 -0.8881 0.3690
vn -0.0207 -0.9041 0.4268
vn -0.1600 -0.8822 0.4428
vn 0.0325 -0.9122 0.4085
vn -0.2855 -0.8292 0.4805
vn -0.5727 -0.6462 0.5044
vn -0.4069 -0.7691 0.4929
vn -0.5068 -0.6884 0.5189
vn -0.7552 -0.3905 0.5264
vn -0.6922 -0.4884 0.5313
vn -0.6321 -0.5639 0.5314
vn -0.8061 -0.2477 0.5375
vn -0.8352 -0.1461 0.5302
vn -0.7640 -0.3558 0.5382
vn -0.8129 -0.2041 0.5455
vn -0.8460 0.1332 0.5164
vn -0.8472 0.0069 0.5313
vn -0.8281 -0.1780 0.5316
vn -0.8366 0.1499 0.5268
vn -0.7695 0.4150 0.4855
vn -0.8336 0.1840 0.5208
vn -0.8503 0.0151 0.5261
vn -0.8033 0.2943 0.5178
vn -0.7217 0.4929 0.4860
vn -0.7996 0.2976 0.5216
vn -0.8412 0.0940 0.5325
vn -0.7990 0.2838 0.5301
vn -0.6865 0.5345 0.4930
vn -0.7240 0.4617 0.5125
vn -0.8162 0.1889 0.5461
vn -0.8201 0.1626 0.5487
vn -0.7243 0.4416 0.5294
vn -0.6186 0.6161 0.4876
vn -0.7012 0.4771 0.5298
vn -0.8004 0.1873 0.5694
vn -0.8082 0.1386 0.5724
vn -0.7163 0.4249 0.5535
vn -0.5495 0.6870 0.4755
vn -0.5810 0.6461 0.4950
vn -0.7182 0.3885 0.5773
vn -0.7424 0.2967 0.6007
vn -0.6486 0.5065 0.5681
vn -0.4615 0.7569 0.4626
vn -0.3602 0.8433 0.3988
vn -0.4451 0.7560 0.4799
vn -0.5613 0.5886 0.5817
vn -0.5642 0.5759 0.5917
vn -0.4119 0.7631 0.4980
vn -0.1808 0.9236 0.3379
vn -0.1219 0.9455 0.3020
vn -0.3541 0.8009 0.4828
vn -0.5854 0.5326 0.6112
vn -0.5543 0.5774 0.5995
vn -0.3937 0.7398 0.5456
vn -0.3971 0.7248 0.5631
vn -0.5973 0.5344 0.5980
vn -0.8281 0.2494 0.5020
vn -0.9297 0.1056 0.3528
vn -0.9123 0.1401 0.3848
vn -0.8742 0.1566 0.4596
vn -0.9423 0.1077 0.3168
vn -0.9818 0.0803 0.1721
vn 0.8289 0.4978 -0.2553
vn 0.8539 0.5179 -0.0516
vn 0.8471 0.5258 -0.0776
vn 0.8383 0.5196 -0.1652
vn 0.8574 0.5126 0.0463
vn 0.8424 0.5280 -0.1072
vn 0.8531 0.5191 -0.0528
vn 0.8602 0.5014 0.0933
vn 0.8354 0.5389 -0.1083
vn 0.8703 0.4846 0.0879
vn 0.8623 0.4978 0.0932
vn 0.8420 0.5381 -0.0388
vn 0.8803 0.4319 0.1963
vn 0.8463 0.5221 0.1056
vn 0.8497 0.5147 0.1145
vn 0.8780 0.3873 0.2813
vn 0.8355 0.5239 0.1656
vn 0.8718 0.4144 0.2613
vn 0.8823 0.3342 0.3314
vn 0.8511 0.4692 0.2356
vn 0.8868 0.2598 0.3821
vn 0.8883 0.2642 0.3756
vn 0.8759 0.3555 0.3262
vn 0.8600 0.1186 0.4963
vn 0.8574 0.2106 0.4695
vn 0.8488 0.2242 0.4788
vn 0.7937 -0.0216 0.6079
vn 0.8266 0.1010 0.5536
vn 0.7908 0.0244 0.6116
vn 0.6616 -0.2190 0.7172
vn 0.7466 -0.1128 0.6557
vn 0.6094 -0.2245 0.7604
vn 0.3700 -0.3780 0.8487
vn 0.5261 -0.2790 0.8034
vn 0.3890 -0.3197 0.8640
vn 0.1841 -0.3802 0.9064
vn 0.3756 -0.3240 0.8683
vn 0.2645 -0.3385 0.9030
vn 0.0611 -0.3657 0.9287
vn 0.2723 -0.3492 0.8966
vn 0.1923 -0.3384 0.9211
vn -0.0876 -0.3142 0.9453
vn 0.1280 -0.3710 0.9198
vn 0.1377 -0.3476 0.9275
vn -0.2124 -0.1641 0.9633
vn -0.1245 -0.2329 0.9645
vn 0.0102 -0.3286 0.9444
vn -0.2124 -0.0795 0.9739
vn -0.2517 -0.0274 0.9674
vn -0.1084 -0.2495 0.9623
vn -0.1768 -0.1030 0.9788
vn -0.2722 0.1376 0.9523
vn -0.2141 -0.0543 0.9753
vn -0.1782 -0.1628 0.9704
vn -0.2229 0.1387 0.9649
vn -0.2262 0.2200 0.9489
vn -0.2320 -0.0897 0.9686
vn -0.2289 -0.0643 0.9713
vn -0.1795 0.2991 0.9372
vn -0.1860 0.2635 0.9466
vn -0.2491 -0.0451 0.9674
vn -0.2350 0.0110 0.9719
vn -0.1466 0.3134 0.9382
vn -0.1468 0.3030 0.9416
vn -0.2324 0.0216 0.9724
vn -0.2410 -0.0162 0.9704
vn -0.1421 0.2588 0.9554
vn -0.0857 0.3862 0.9184
vn -0.1663 0.1744 0.9705
vn -0.2400 -0.0463 0.9697
vn -0.1939 0.0751 0.9781
vn -0.0660 0.3639 0.9291
vn -0.0312 0.4294 0.9026
vn -0.1310 0.1924 0.9725
vn -0.2230 -0.0568 0.9732
vn -0.1931 0.0158 0.9810
vn -0.0391 0.3503 0.9358
vn 0.0666 0.5468 0.8346
vn -0.0028 0.4003 0.9164
vn -0.1075 0.1593 0.9814
vn -0.0929 0.1733 0.9805
vn 0.0554 0.3897 0.9193
vn 0.2251 0.5817 0.7817
vn 0.2584 0.5958 0.7604
vn 0.1394 0.4462 0.8840
vn 0.0060 0.2878 0.9577
vn 0.0290 0.3100 0.9503
vn 0.2270 0.4822 0.8462
vn 0.4057 0.6074 0.6830
vn 0.3505 0.5601 0.7506
vn 0.0499 0.2928 0.9549
vn -0.1478 0.0806 0.9857
vn -0.0463 0.1758 0.9833
vn 0.0727 0.2879 0.9549
vn -0.0267 0.1741 0.9844
vn -0.3108 -0.1509 0.9384
vn -0.5855 -0.4730 0.6584
vn -0.6884 -0.5868 0.4263
vn -0.6863 -0.5875 0.4288
vn -0.6754 -0.5861 0.4475
vn -0.6826 -0.5947 0.4248
vn 0.2028 0.9155 -0.3476
vn 0.2285 0.9679 -0.1044
vn 0.2346 0.9717 0.0290
vn 0.2227 0.9668 -0.1253
vn 0.2453 0.9663 0.0779
vn 0.2386 0.9680 0.0779
vn 0.2306 0.9730 -0.0009
vn 0.2617 0.9298 0.2587
vn 0.2441 0.9614 0.1272
vn 0.2555 0.9453 0.2028
vn 0.2757 0.8754 0.3971
vn 0.2510 0.9435 0.2164
vn 0.2873 0.8564 0.4291
vn 0.2745 0.7992 0.5348
vn 0.2512 0.8425 0.4766
vn 0.3066 0.6432 0.7017
vn 0.2821 0.6861 0.6706
vn 0.2736 0.6862 0.6740
vn 0.3158 0.4894 0.8129
vn 0.2890 0.6369 0.7147
vn 0.2895 0.5603 0.7760
vn 0.3034 0.4423 0.8440
vn 0.2940 0.6304 0.7184
vn 0.2676 0.4667 0.8430
vn 0.2387 0.3941 0.8876
vn 0.2394 0.5351 0.8102
vn 0.1866 0.3155 0.9304
vn 0.1953 0.3425 0.9190
vn 0.2215 0.4694 0.8547
vn 0.1072 0.2528 0.9616
vn 0.1903 0.3351 0.9228
vn 0.2492 0.4435 0.8609
vn 0.0205 0.2931 0.9559
vn 0.1261 0.3621 0.9236
vn 0.2094 0.4275 0.8794
vn -0.0300 0.3491 0.9366
vn 0.1035 0.3918 0.9142
vn 0.2098 0.4263 0.8799
vn -0.0234 0.3906 0.9203
vn 0.1158 0.4054 0.9068
vn 0.2923 0.4137 0.8622
vn 0.0455 0.4365 0.8985
vn 0.1666 0.4084 0.8975
vn 0.4687 0.3067 0.8284
vn 0.2817 0.4263 0.8596
vn 0.2392 0.4468 0.8621
vn 0.5058 0.2147 0.8355
vn 0.4590 0.2922 0.8390
vn 0.3299 0.4477 0.8311
vn 0.4863 0.2153 0.8468
vn 0.5474 0.0980 0.8311
vn 0.4520 0.3372 0.8259
vn 0.4754 0.2781 0.8346
vn 0.5442 -0.0262 0.8385
vn 0.5413 0.0688 0.8380
vn 0.5154 0.2999 0.8027
vn 0.5260 0.0430 0.8494
vn 0.4863 -0.2410 0.8399
vn 0.5359 0.0079 0.8443
vn 0.5570 0.1932 0.8077
vn 0.5135 -0.0826 0.8541
vn 0.4531 -0.2760 0.8477
vn 0.5310 -0.0526 0.8457
vn 0.5775 0.1358 0.8050
vn 0.5294 -0.0704 0.8455
vn 0.4411 -0.3000 0.8458
vn 0.5005 -0.1736 0.8481
vn 0.5925 0.0889 0.8007
vn 0.5862 0.0533 0.8084
vn 0.4857 -0.2274 0.8440
vn 0.4338 -0.3306 0.8381
vn 0.5475 -0.1099 0.8296
vn 0.6362 0.1398 0.7588
vn 0.6227 0.0777 0.7786
vn 0.5078 -0.2222 0.8324
vn 0.4117 -0.3870 0.8251
vn 0.5218 -0.2108 0.8266
vn 0.6715 0.1396 0.7278
vn 0.6891 0.1799 0.7020
vn 0.6051 -0.0761 0.7925
vn 0.5045 -0.2479 0.8270
vn 0.5373 -0.2110 0.8166
vn 0.6955 -0.0264 0.7180
vn 0.7932 0.0992 0.6008
vn 0.7606 0.0242 0.6488
vn 0.5926 -0.1738 0.7865
vn 0.4352 -0.2963 0.8502
vn 0.4960 -0.2596 0.8286
vn 0.7208 -0.0929 0.6868
vn 0.8224 0.0171 0.5687
vn 0.6748 -0.1557 0.7213
vn 0.3366 -0.4452 0.8298
vn 0.3166 -0.4783 0.8191
vn 0.5104 -0.3216 0.7975
vn 0.5425 -0.2707 0.7952
vn 0.3984 -0.4613 0.7928
vn 0.1168 -0.8060 0.5803
vn -0.0800 -0.9713 0.2241
vn -0.0845 -0.9855 0.1469
vn -0.0338 -0.9456 0.3236
vn -0.0158 -0.9039 0.4274
vn 0.0809 0.1383 0.9871
vn -0.1335 -0.1404 -0.9810
vn -0.1335 -0.1404 -0.9811
vn -0.1337 -0.1404 -0.9810
# 2179 vertex normals

vt 0.5721 0.5269 0.0000
vt 0.5645 0.5442 0.0000
vt 0.4935 0.5127 0.0000
vt 0.5011 0.4954 0.0000
vt 0.6558 0.4954 0.0000
vt 0.6624 0.5131 0.0000
vt 0.5788 0.5446 0.0000
vt 0.6871 0.4252 0.0000
vt 0.7043 0.4329 0.0000
vt 0.6730 0.5031 0.0000
vt 0.6618 0.3494 0.0000
vt 0.6797 0.3434 0.0000
vt 0.7050 0.4193 0.0000
vt 0.5816 0.3060 0.0000
vt 0.5906 0.2894 0.0000
vt 0.6708 0.3328 0.0000
vt 0.4955 0.3439 0.0000
vt 0.4879 0.3266 0.0000
vt 0.5740 0.2887 0.0000
vt 0.4665 0.4153 0.0000
vt 0.4490 0.4082 0.0000
vt 0.4780 0.3368 0.0000
vt 0.4838 0.5029 0.0000
vt 0.4492 0.4228 0.0000
vt 0.0954 0.5714 0.0000
vt 0.0802 0.5666 0.0000
vt 0.0803 0.5641 0.0000
vt 0.0972 0.5694 0.0000
vt 0.0619 0.5743 0.0000
vt 0.0598 0.5726 0.0000
vt 0.0567 0.5878 0.0000
vt 0.0540 0.5877 0.0000
vt 0.0628 0.6036 0.0000
vt 0.0608 0.6054 0.0000
vt 0.0803 0.6120 0.0000
vt 0.0804 0.6148 0.0000
vt 0.0983 0.6030 0.0000
vt 0.1005 0.6048 0.0000
vt 0.1036 0.5880 0.0000
vt 0.1064 0.5880 0.0000
vt 0.0110 0.7965 0.0000
vt 0.0290 0.7808 0.0000
vt 0.0344 0.7869 0.0000
vt 0.0164 0.8027 0.0000
vt 0.6754 0.7766 0.0000
vt 0.6914 0.7833 0.0000
vt 0.6980 0.7994 0.0000
vt 0.6527 0.7992 0.0000
vt 0.6753 0.8219 0.0000
vt 0.6913 0.8154 0.0000
vt 0.6593 0.8153 0.0000
vt 0.6594 0.7832 0.0000
vt 0.5635 0.5463 0.0000
vt 0.5615 0.5507 0.0000
vt 0.4953 0.5198 0.0000
vt 0.4937 0.5150 0.0000
vt 0.6633 0.5152 0.0000
vt 0.6651 0.5203 0.0000
vt 0.5850 0.5482 0.0000
vt 0.5806 0.5461 0.0000
vt 0.7065 0.4338 0.0000
vt 0.7112 0.4357 0.0000
vt 0.6804 0.5009 0.0000
vt 0.6753 0.5029 0.0000
vt 0.6819 0.3426 0.0000
vt 0.6867 0.3409 0.0000
vt 0.7088 0.4130 0.0000
vt 0.7066 0.4175 0.0000
vt 0.5918 0.2874 0.0000
vt 0.5945 0.2828 0.0000
vt 0.6693 0.3256 0.0000
vt 0.6707 0.3305 0.0000
vt 0.4869 0.3245 0.0000
vt 0.4847 0.3198 0.0000
vt 0.5669 0.2859 0.0000
vt 0.5721 0.2874 0.0000
vt 0.4469 0.4074 0.0000
vt 0.4421 0.4056 0.0000
vt 0.4709 0.3393 0.0000
vt 0.4757 0.3372 0.0000
vt 0.4817 0.5038 0.0000
vt 0.4770 0.5059 0.0000
vt 0.4461 0.4295 0.0000
vt 0.4478 0.4247 0.0000
vt 0.0979 0.5211 0.0000
vt 0.0986 0.5202 0.0000
vt 0.1038 0.5218 0.0000
vt 0.1039 0.5229 0.0000
vt 0.0575 0.5242 0.0000
vt 0.0495 0.5276 0.0000
vt 0.0495 0.5264 0.0000
vt 0.0567 0.5234 0.0000
vt 0.0124 0.5643 0.0000
vt 0.0115 0.5636 0.0000
vt 0.0131 0.5593 0.0000
vt 0.0142 0.5593 0.0000
vt 0.0133 0.6157 0.0000
vt 0.0122 0.6157 0.0000
vt 0.0100 0.6099 0.0000
vt 0.0108 0.6092 0.0000
vt 0.0444 0.6515 0.0000
vt 0.0515 0.6551 0.0000
vt 0.0506 0.6558 0.0000
vt 0.0443 0.6527 0.0000
vt 0.1167 0.6516 0.0000
vt 0.1168 0.6527 0.0000
vt 0.1101 0.6560 0.0000
vt 0.1092 0.6553 0.0000
vt 0.1512 0.6085 0.0000
vt 0.1520 0.6092 0.0000
vt 0.1502 0.6143 0.0000
vt 0.1491 0.6143 0.0000
vt 0.1419 0.5525 0.0000
vt 0.1430 0.5524 0.0000
vt 0.1460 0.5585 0.0000
vt 0.1453 0.5594 0.0000
vt 0.2442 0.9589 0.0000
vt 0.2416 0.9522 0.0000
vt 0.2509 0.9524 0.0000
vt 0.2444 0.9457 0.0000
vt 0.2511 0.9431 0.0000
vt 0.2576 0.9459 0.0000
vt 0.2602 0.9525 0.0000
vt 0.2574 0.9591 0.0000
vt 0.2508 0.9617 0.0000
vt 0.0801 0.7450 0.0000
vt 0.0537 0.7680 0.0000
vt 0.0483 0.7619 0.0000
vt 0.0747 0.7388 0.0000
vt 0.0516 0.8797 0.0000
vt 0.0557 0.8780 0.0000
vt 0.0598 0.8797 0.0000
vt 0.0516 0.8879 0.0000
vt 0.0598 0.8879 0.0000
vt 0.0615 0.8838 0.0000
vt 0.0557 0.8896 0.0000
vt 0.0499 0.8838 0.0000
vt 0.4938 0.8808 0.0000
vt 0.4871 0.8808 0.0000
vt 0.4851 0.8759 0.0000
vt 0.4898 0.8712 0.0000
vt 0.6052 0.9853 0.0000
vt 0.6005 0.9900 0.0000
vt 0.5956 0.9879 0.0000
vt 0.5956 0.9813 0.0000
vt 0.7573 0.9805 0.0000
vt 0.7573 0.9872 0.0000
vt 0.7524 0.9892 0.0000
vt 0.7477 0.9845 0.0000
vt 0.8612 0.8711 0.0000
vt 0.8659 0.8758 0.0000
vt 0.8638 0.8807 0.0000
vt 0.8572 0.8807 0.0000
vt 0.8583 0.7197 0.0000
vt 0.8650 0.7197 0.0000
vt 0.8670 0.7246 0.0000
vt 0.8623 0.7293 0.0000
vt 0.7493 0.6140 0.0000
vt 0.7540 0.6093 0.0000
vt 0.7590 0.6113 0.0000
vt 0.7589 0.6180 0.0000
vt 0.5965 0.6162 0.0000
vt 0.5965 0.6095 0.0000
vt 0.6014 0.6075 0.0000
vt 0.6061 0.6122 0.0000
vt 0.4898 0.7268 0.0000
vt 0.4851 0.7221 0.0000
vt 0.4871 0.7172 0.0000
vt 0.4938 0.7172 0.0000
vt 0.0685 0.8867 0.0000
vt 0.0696 0.8867 0.0000
vt 0.0676 0.8916 0.0000
vt 0.0668 0.8908 0.0000
vt 0.0668 0.8768 0.0000
vt 0.0676 0.8760 0.0000
vt 0.0696 0.8809 0.0000
vt 0.0685 0.8809 0.0000
vt 0.0586 0.8710 0.0000
vt 0.0586 0.8699 0.0000
vt 0.0635 0.8719 0.0000
vt 0.0627 0.8727 0.0000
vt 0.0487 0.8727 0.0000
vt 0.0479 0.8719 0.0000
vt 0.0528 0.8699 0.0000
vt 0.0528 0.8710 0.0000
vt 0.0429 0.8809 0.0000
vt 0.0418 0.8809 0.0000
vt 0.0438 0.8760 0.0000
vt 0.0446 0.8768 0.0000
vt 0.0446 0.8908 0.0000
vt 0.0438 0.8916 0.0000
vt 0.0418 0.8867 0.0000
vt 0.0429 0.8867 0.0000
vt 0.0528 0.8966 0.0000
vt 0.0528 0.8977 0.0000
vt 0.0479 0.8957 0.0000
vt 0.0487 0.8949 0.0000
vt 0.0627 0.8949 0.0000
vt 0.0635 0.8957 0.0000
vt 0.0586 0.8977 0.0000
vt 0.0586 0.8966 0.0000
vt 0.5556 0.5552 0.0000
vt 0.4915 0.5262 0.0000
vt 0.6635 0.5276 0.0000
vt 0.5869 0.5553 0.0000
vt 0.7156 0.4418 0.0000
vt 0.6866 0.5050 0.0000
vt 0.6940 0.3424 0.0000
vt 0.7162 0.4115 0.0000
vt 0.6013 0.2792 0.0000
vt 0.6736 0.3194 0.0000
vt 0.4833 0.3123 0.0000
vt 0.5644 0.2787 0.0000
vt 0.4375 0.3995 0.0000
vt 0.4634 0.3382 0.0000
vt 0.4695 0.5049 0.0000
vt 0.4389 0.4319 0.0000
vt 0.5369 0.5770 0.0000
vt 0.4943 0.5506 0.0000
vt 0.6658 0.5574 0.0000
vt 0.6081 0.5748 0.0000
vt 0.7388 0.4623 0.0000
vt 0.7164 0.5030 0.0000
vt 0.7264 0.3397 0.0000
vt 0.7391 0.3905 0.0000
vt 0.6233 0.2546 0.0000
vt 0.6735 0.2870 0.0000
vt 0.4773 0.2844 0.0000
vt 0.5353 0.2632 0.0000
vt 0.4130 0.3876 0.0000
vt 0.4351 0.3425 0.0000
vt 0.4456 0.5104 0.0000
vt 0.4267 0.4562 0.0000
vt 0.5352 0.5789 0.0000
vt 0.5112 0.6067 0.0000
vt 0.4880 0.5923 0.0000
vt 0.4942 0.5531 0.0000
vt 0.6657 0.5599 0.0000
vt 0.6667 0.5937 0.0000
vt 0.6351 0.6032 0.0000
vt 0.6099 0.5766 0.0000
vt 0.7408 0.4640 0.0000
vt 0.7649 0.4830 0.0000
vt 0.7526 0.5054 0.0000
vt 0.7189 0.5032 0.0000
vt 0.7289 0.3397 0.0000
vt 0.7576 0.3412 0.0000
vt 0.7646 0.3692 0.0000
vt 0.7410 0.3889 0.0000
vt 0.6738 0.2845 0.0000
vt 0.6252 0.2531 0.0000
vt 0.6534 0.2386 0.0000
vt 0.6810 0.2567 0.0000
vt 0.5335 0.2615 0.0000
vt 0.4772 0.2819 0.0000
vt 0.4838 0.2466 0.0000
vt 0.5158 0.2353 0.0000
vt 0.4327 0.3424 0.0000
vt 0.4110 0.3861 0.0000
vt 0.3862 0.3558 0.0000
vt 0.3985 0.3313 0.0000
vt 0.4251 0.4581 0.0000
vt 0.4431 0.5107 0.0000
vt 0.4035 0.5106 0.0000
vt 0.3933 0.4810 0.0000
vt 0.4876 0.5947 0.0000
vt 0.5094 0.6083 0.0000
vt 0.5054 0.6108 0.0000
vt 0.4868 0.5993 0.0000
vt 0.6367 0.6051 0.0000
vt 0.6664 0.5961 0.0000
vt 0.6651 0.6015 0.0000
vt 0.6391 0.6091 0.0000
vt 0.7550 0.5057 0.0000
vt 0.7666 0.4848 0.0000
vt 0.7701 0.4897 0.0000
vt 0.7605 0.5070 0.0000
vt 0.7665 0.3677 0.0000
vt 0.7600 0.3414 0.0000
vt 0.7662 0.3423 0.0000
vt 0.7718 0.3647 0.0000
vt 0.6555 0.2375 0.0000
vt 0.6607 0.2338 0.0000
vt 0.6828 0.2481 0.0000
vt 0.6815 0.2543 0.0000
vt 0.4841 0.2442 0.0000
vt 0.4836 0.2387 0.0000
vt 0.5093 0.2294 0.0000
vt 0.5141 0.2335 0.0000
vt 0.3846 0.3540 0.0000
vt 0.3810 0.3506 0.0000
vt 0.3907 0.3311 0.0000
vt 0.3961 0.3309 0.0000
vt 0.4010 0.5105 0.0000
vt 0.3964 0.5102 0.0000
vt 0.3881 0.4862 0.0000
vt 0.3915 0.4826 0.0000
vt 0.3445 0.4082 0.0000
vt 0.3453 0.4252 0.0000
vt 0.3391 0.4247 0.0000
vt 0.3384 0.4085 0.0000
vt 0.2326 0.4222 0.0000
vt 0.2324 0.4067 0.0000
vt 0.0798 0.4229 0.0000
vt 0.0795 0.4080 0.0000
vt 0.1329 0.4099 0.0000
vt 0.1331 0.4241 0.0000
vt 0.0239 0.4234 0.0000
vt 0.0234 0.4082 0.0000
vt 0.0478 0.4078 0.0000
vt 0.0483 0.4231 0.0000
vt 0.3462 0.4461 0.0000
vt 0.3399 0.4449 0.0000
vt 0.2328 0.4424 0.0000
vt 0.0796 0.4416 0.0000
vt 0.1326 0.4410 0.0000
vt 0.6645 0.6111 0.0000
vt 0.6439 0.6172 0.0000
vt 0.0237 0.4425 0.0000
vt 0.0481 0.4423 0.0000
vt 0.3460 0.4610 0.0000
vt 0.3394 0.4598 0.0000
vt 0.2322 0.4572 0.0000
vt 0.1326 0.4533 0.0000
vt 0.0796 0.4555 0.0000
vt 0.7771 0.4963 0.0000
vt 0.7696 0.5100 0.0000
vt 0.0479 0.4565 0.0000
vt 0.0235 0.4566 0.0000
vt 0.3442 0.4784 0.0000
vt 0.3376 0.4770 0.0000
vt 0.3392 0.4980 0.0000
vt 0.3331 0.4959 0.0000
vt 0.2307 0.4742 0.0000
vt 0.2284 0.4924 0.0000
vt 0.0789 0.4662 0.0000
vt 0.1321 0.4678 0.0000
vt 0.1311 0.4852 0.0000
vt 0.0781 0.4894 0.0000
vt 0.0783 0.4762 0.0000
vt 0.7759 0.3423 0.0000
vt 0.7803 0.3601 0.0000
vt 0.6682 0.2276 0.0000
vt 0.6857 0.2389 0.0000
vt 0.0471 0.4678 0.0000
vt 0.0226 0.4733 0.0000
vt 0.0223 0.4925 0.0000
vt 0.0466 0.4778 0.0000
vt 0.0465 0.4914 0.0000
vt 0.3438 0.3714 0.0000
vt 0.3375 0.3729 0.0000
vt 0.3342 0.3529 0.0000
vt 0.3403 0.3500 0.0000
vt 0.2312 0.3749 0.0000
vt 0.2295 0.3566 0.0000
vt 0.1313 0.3771 0.0000
vt 0.0781 0.3753 0.0000
vt 0.0778 0.3565 0.0000
vt 0.1300 0.3582 0.0000
vt 0.5032 0.2217 0.0000
vt 0.4828 0.2291 0.0000
vt 0.0465 0.3746 0.0000
vt 0.0221 0.3747 0.0000
vt 0.0222 0.3549 0.0000
vt 0.0465 0.3552 0.0000
vt 0.3442 0.3882 0.0000
vt 0.3381 0.3894 0.0000
vt 0.2320 0.3894 0.0000
vt 0.0787 0.3905 0.0000
vt 0.1323 0.3925 0.0000
vt 0.3812 0.3291 0.0000
vt 0.3735 0.3445 0.0000
vt 0.0225 0.3903 0.0000
vt 0.0470 0.3900 0.0000
vt 0.0855 0.5476 0.0000
vt 0.1024 0.5530 0.0000
vt 0.0855 0.5455 0.0000
vt 0.0858 0.5445 0.0000
vt 0.1043 0.5503 0.0000
vt 0.1040 0.5513 0.0000
vt 0.0961 0.5268 0.0000
vt 0.1022 0.5286 0.0000
vt 0.0531 0.5567 0.0000
vt 0.0736 0.5481 0.0000
vt 0.0513 0.5553 0.0000
vt 0.0509 0.5544 0.0000
vt 0.0733 0.5450 0.0000
vt 0.0737 0.5460 0.0000
vt 0.0518 0.5331 0.0000
vt 0.0598 0.5297 0.0000
vt 0.0379 0.5815 0.0000
vt 0.0437 0.5665 0.0000
vt 0.0356 0.5815 0.0000
vt 0.0346 0.5811 0.0000
vt 0.0409 0.5647 0.0000
vt 0.0419 0.5651 0.0000
vt 0.0180 0.5664 0.0000
vt 0.0199 0.5614 0.0000
vt 0.0447 0.6116 0.0000
vt 0.0379 0.5939 0.0000
vt 0.0430 0.6131 0.0000
vt 0.0421 0.6134 0.0000
vt 0.0346 0.5942 0.0000
vt 0.0356 0.5938 0.0000
vt 0.0189 0.6136 0.0000
vt 0.0164 0.6070 0.0000
vt 0.0729 0.6303 0.0000
vt 0.0534 0.6210 0.0000
vt 0.0730 0.6326 0.0000
vt 0.0725 0.6336 0.0000
vt 0.0513 0.6234 0.0000
vt 0.0517 0.6225 0.0000
vt 0.0542 0.6497 0.0000
vt 0.0470 0.6462 0.0000
vt 0.1082 0.6202 0.0000
vt 0.0881 0.6302 0.0000
vt 0.1100 0.6216 0.0000
vt 0.1104 0.6226 0.0000
vt 0.0886 0.6335 0.0000
vt 0.0881 0.6325 0.0000
vt 0.1141 0.6462 0.0000
vt 0.1065 0.6499 0.0000
vt 0.1226 0.5937 0.0000
vt 0.1168 0.6105 0.0000
vt 0.1250 0.5937 0.0000
vt 0.1259 0.5940 0.0000
vt 0.1195 0.6122 0.0000
vt 0.1186 0.6119 0.0000
vt 0.1455 0.6065 0.0000
vt 0.1435 0.6123 0.0000
vt 0.1127 0.5618 0.0000
vt 0.1218 0.5804 0.0000
vt 0.1143 0.5602 0.0000
vt 0.1152 0.5597 0.0000
vt 0.1251 0.5799 0.0000
vt 0.1242 0.5804 0.0000
vt 0.1365 0.5551 0.0000
vt 0.1399 0.5620 0.0000
vt 0.0891 0.5402 0.0000
vt 0.1035 0.5447 0.0000
vt 0.0529 0.5478 0.0000
vt 0.0703 0.5405 0.0000
vt 0.0297 0.5750 0.0000
vt 0.0346 0.5621 0.0000
vt 0.0335 0.6130 0.0000
vt 0.0277 0.5979 0.0000
vt 0.0663 0.6398 0.0000
vt 0.0497 0.6318 0.0000
vt 0.1128 0.6300 0.0000
vt 0.0957 0.6386 0.0000
vt 0.1323 0.5965 0.0000
vt 0.1273 0.6108 0.0000
vt 0.1206 0.5581 0.0000
vt 0.1283 0.5739 0.0000
vt 0.0936 0.5323 0.0000
vt 0.1032 0.5353 0.0000
vt 0.0529 0.5384 0.0000
vt 0.0644 0.5336 0.0000
vt 0.0220 0.5694 0.0000
vt 0.0253 0.5609 0.0000
vt 0.0241 0.6138 0.0000
vt 0.0203 0.6039 0.0000
vt 0.0593 0.6464 0.0000
vt 0.0483 0.6411 0.0000
vt 0.1140 0.6396 0.0000
vt 0.1027 0.6452 0.0000
vt 0.1401 0.6021 0.0000
vt 0.1368 0.6115 0.0000
vt 0.1299 0.5566 0.0000
vt 0.1350 0.5670 0.0000
vt 0.0948 0.5301 0.0000
vt 0.0954 0.5286 0.0000
vt 0.1023 0.5305 0.0000
vt 0.1028 0.5329 0.0000
vt 0.0526 0.5360 0.0000
vt 0.0524 0.5350 0.0000
vt 0.0612 0.5311 0.0000
vt 0.0626 0.5320 0.0000
vt 0.0200 0.5678 0.0000
vt 0.0196 0.5675 0.0000
vt 0.0218 0.5613 0.0000
vt 0.0228 0.5610 0.0000
vt 0.0184 0.6055 0.0000
vt 0.0216 0.6137 0.0000
vt 0.0209 0.6135 0.0000
vt 0.0180 0.6059 0.0000
vt 0.0478 0.6436 0.0000
vt 0.0572 0.6478 0.0000
vt 0.0557 0.6485 0.0000
vt 0.0477 0.6443 0.0000
vt 0.1044 0.6470 0.0000
vt 0.1141 0.6420 0.0000
vt 0.1139 0.6443 0.0000
vt 0.1055 0.6483 0.0000
vt 0.1393 0.6117 0.0000
vt 0.1420 0.6036 0.0000
vt 0.1440 0.6054 0.0000
vt 0.1416 0.6120 0.0000
vt 0.1323 0.5561 0.0000
vt 0.1347 0.5557 0.0000
vt 0.1384 0.5633 0.0000
vt 0.1367 0.5652 0.0000
vt 0.4843 0.6085 0.0000
vt 0.4988 0.6176 0.0000
vt 0.3804 0.4920 0.0000
vt 0.3869 0.5109 0.0000
vt 0.2240 0.9684 0.0000
vt 0.2203 0.9590 0.0000
vt 0.2280 0.9576 0.0000
vt 0.2307 0.9642 0.0000
vt 0.2205 0.9447 0.0000
vt 0.2245 0.9354 0.0000
vt 0.2311 0.9399 0.0000
vt 0.2282 0.9464 0.0000
vt 0.2349 0.9254 0.0000
vt 0.2443 0.9217 0.0000
vt 0.2457 0.9295 0.0000
vt 0.2391 0.9321 0.0000
vt 0.2586 0.9220 0.0000
vt 0.2679 0.9260 0.0000
vt 0.2634 0.9325 0.0000
vt 0.2569 0.9297 0.0000
vt 0.2779 0.9363 0.0000
vt 0.2816 0.9457 0.0000
vt 0.2738 0.9472 0.0000
vt 0.2712 0.9406 0.0000
vt 0.2813 0.9601 0.0000
vt 0.2773 0.9694 0.0000
vt 0.2708 0.9649 0.0000
vt 0.2736 0.9584 0.0000
vt 0.2670 0.9793 0.0000
vt 0.2576 0.9830 0.0000
vt 0.2561 0.9753 0.0000
vt 0.2627 0.9726 0.0000
vt 0.2432 0.9828 0.0000
vt 0.2340 0.9788 0.0000
vt 0.2384 0.9722 0.0000
vt 0.2449 0.9751 0.0000
vt 0.2156 0.9683 0.0000
vt 0.2137 0.9636 0.0000
vt 0.2137 0.9404 0.0000
vt 0.2165 0.9345 0.0000
vt 0.2326 0.9176 0.0000
vt 0.2397 0.9152 0.0000
vt 0.2629 0.9152 0.0000
vt 0.2702 0.9182 0.0000
vt 0.2860 0.9355 0.0000
vt 0.2882 0.9409 0.0000
vt 0.2883 0.9644 0.0000
vt 0.2855 0.9710 0.0000
vt 0.2682 0.9877 0.0000
vt 0.2628 0.9900 0.0000
vt 0.2382 0.9899 0.0000
vt 0.2308 0.9866 0.0000
vt 0.3816 0.7328 0.0000
vt 0.3501 0.7412 0.0000
vt 0.3303 0.6858 0.0000
vt 0.3633 0.6718 0.0000
vt 0.2731 0.8670 0.0000
vt 0.2653 0.8432 0.0000
vt 0.3203 0.8198 0.0000
vt 0.3346 0.8456 0.0000
vt 0.3316 0.8057 0.0000
vt 0.3500 0.7522 0.0000
vt 0.3807 0.7632 0.0000
vt 0.3583 0.8182 0.0000
vt 0.2831 0.7472 0.0000
vt 0.2751 0.7246 0.0000
vt 0.3051 0.7012 0.0000
vt 0.3243 0.7446 0.0000
vt 0.2533 0.7118 0.0000
vt 0.2564 0.6821 0.0000
vt 0.3038 0.6996 0.0000
vt 0.2298 0.7229 0.0000
vt 0.2143 0.7009 0.0000
vt 0.2548 0.6820 0.0000
vt 0.2227 0.7438 0.0000
vt 0.1961 0.7427 0.0000
vt 0.2123 0.7023 0.0000
vt 0.2311 0.7634 0.0000
vt 0.2127 0.7928 0.0000
vt 0.1960 0.7451 0.0000
vt 0.2521 0.7742 0.0000
vt 0.2543 0.8087 0.0000
vt 0.2157 0.7945 0.0000
vt 0.2688 0.7694 0.0000
vt 0.3008 0.7940 0.0000
vt 0.2573 0.8084 0.0000
vt 0.3243 0.7479 0.0000
vt 0.3049 0.7874 0.0000
vt 0.2531 0.7447 0.0000
vt 0.3238 0.6778 0.0000
vt 0.2702 0.6496 0.0000
vt 0.2833 0.6179 0.0000
vt 0.3429 0.6475 0.0000
vt 0.2436 0.6138 0.0000
vt 0.2535 0.6467 0.0000
vt 0.1943 0.6690 0.0000
vt 0.1790 0.6448 0.0000
vt 0.1543 0.6709 0.0000
vt 0.1808 0.6817 0.0000
vt 0.1572 0.7376 0.0000
vt 0.1326 0.7345 0.0000
vt 0.1364 0.7681 0.0000
vt 0.1588 0.7573 0.0000
vt 0.1805 0.8106 0.0000
vt 0.1616 0.8236 0.0000
vt 0.1857 0.8458 0.0000
vt 0.1948 0.8248 0.0000
vt 0.2520 0.8443 0.0000
vt 0.2479 0.8690 0.0000
vt 0.3848 0.7309 0.0000
vt 0.3670 0.6718 0.0000
vt 0.3884 0.6761 0.0000
vt 0.4038 0.7155 0.0000
vt 0.2858 0.6152 0.0000
vt 0.3030 0.5913 0.0000
vt 0.3474 0.6224 0.0000
vt 0.3437 0.6439 0.0000
vt 0.1784 0.6411 0.0000
vt 0.1768 0.6117 0.0000
vt 0.2155 0.5967 0.0000
vt 0.2412 0.6110 0.0000
vt 0.1506 0.6711 0.0000
vt 0.1293 0.7328 0.0000
vt 0.1113 0.7118 0.0000
vt 0.1214 0.6752 0.0000
vt 0.1335 0.7703 0.0000
vt 0.1580 0.8241 0.0000
vt 0.1277 0.8169 0.0000
vt 0.1094 0.7839 0.0000
vt 0.1855 0.8495 0.0000
vt 0.2460 0.8722 0.0000
vt 0.2213 0.8906 0.0000
vt 0.1797 0.8801 0.0000
vt 0.2753 0.8700 0.0000
vt 0.3350 0.8493 0.0000
vt 0.3296 0.8803 0.0000
vt 0.2898 0.8971 0.0000
vt 0.3837 0.7654 0.0000
vt 0.4037 0.7795 0.0000
vt 0.3933 0.8220 0.0000
vt 0.3620 0.8186 0.0000
vt 0.4222 0.6966 0.0000
vt 0.4200 0.6717 0.0000
vt 0.3415 0.5910 0.0000
vt 0.3223 0.5745 0.0000
vt 0.1950 0.5815 0.0000
vt 0.1712 0.5897 0.0000
vt 0.1001 0.6830 0.0000
vt 0.0936 0.7055 0.0000
vt 0.0998 0.8000 0.0000
vt 0.1064 0.8245 0.0000
vt 0.1886 0.9008 0.0000
vt 0.2120 0.9090 0.0000
vt 0.3069 0.9086 0.0000
vt 0.3306 0.8996 0.0000
vt 0.4124 0.8194 0.0000
vt 0.4267 0.7925 0.0000
vt 0.1052 0.2531 0.0000
vt 0.0981 0.2322 0.0000
vt 0.1070 0.2119 0.0000
vt 0.1457 0.2120 0.0000
vt 0.1252 0.2033 0.0000
vt 0.1505 0.2522 0.0000
vt 0.1562 0.2312 0.0000
vt 0.1252 0.2615 0.0000
vt 0.0999 0.3477 0.0000
vt 0.0604 0.3310 0.0000
vt 0.0658 0.3260 0.0000
vt 0.1001 0.3405 0.0000
vt 0.0100 0.2531 0.0000
vt 0.0172 0.2534 0.0000
vt 0.0295 0.2892 0.0000
vt 0.0241 0.2942 0.0000
vt 0.0286 0.1654 0.0000
vt 0.0337 0.1704 0.0000
vt 0.0184 0.2052 0.0000
vt 0.0113 0.2049 0.0000
vt 0.0597 0.1344 0.0000
vt 0.0960 0.1172 0.0000
vt 0.0961 0.1246 0.0000
vt 0.0648 0.1394 0.0000
vt 0.1898 0.1340 0.0000
vt 0.1850 0.1392 0.0000
vt 0.1498 0.1242 0.0000
vt 0.1497 0.1169 0.0000
vt 0.2185 0.1606 0.0000
vt 0.2389 0.1979 0.0000
vt 0.2317 0.1988 0.0000
vt 0.2137 0.1659 0.0000
vt 0.2436 0.2476 0.0000
vt 0.2321 0.2896 0.0000
vt 0.2266 0.2845 0.0000
vt 0.2364 0.2484 0.0000
vt 0.1461 0.3483 0.0000
vt 0.1463 0.3411 0.0000
vt 0.1895 0.3251 0.0000
vt 0.1951 0.3302 0.0000
vt 0.4611 0.6705 0.0000
vt 0.4635 0.6993 0.0000
vt 0.5024 0.6552 0.0000
vt 0.5061 0.6980 0.0000
vt 0.3499 0.5446 0.0000
vt 0.3721 0.5637 0.0000
vt 0.3716 0.5057 0.0000
vt 0.4046 0.5339 0.0000
vt 0.1560 0.5519 0.0000
vt 0.1834 0.5425 0.0000
vt 0.1347 0.5126 0.0000
vt 0.1754 0.4986 0.0000
vt 0.0533 0.6985 0.0000
vt 0.0608 0.6725 0.0000
vt 0.0100 0.6904 0.0000
vt 0.0212 0.6518 0.0000
vt 0.0686 0.8412 0.0000
vt 0.0609 0.8129 0.0000
vt 0.0283 0.8544 0.0000
vt 0.0169 0.8124 0.0000
vt 0.2032 0.9497 0.0000
vt 0.1762 0.9402 0.0000
vt 0.1935 0.9900 0.0000
vt 0.1534 0.9760 0.0000
vt 0.3492 0.9371 0.0000
vt 0.3218 0.9475 0.0000
vt 0.3717 0.9724 0.0000
vt 0.3310 0.9880 0.0000
vt 0.4628 0.8128 0.0000
vt 0.4463 0.8439 0.0000
vt 0.5041 0.8232 0.0000
vt 0.4796 0.8694 0.0000
vt 0.1149 0.3015 0.0000
vt 0.0918 0.2918 0.0000
vt 0.1700 0.2890 0.0000
vt 0.1408 0.2998 0.0000
vt 0.1961 0.2425 0.0000
vt 0.1895 0.2668 0.0000
vt 0.1825 0.1934 0.0000
vt 0.1946 0.2155 0.0000
vt 0.1437 0.1668 0.0000
vt 0.1674 0.1769 0.0000
vt 0.0904 0.1747 0.0000
vt 0.1115 0.1647 0.0000
vt 0.0602 0.2172 0.0000
vt 0.0705 0.1938 0.0000
vt 0.0685 0.2712 0.0000
vt 0.0602 0.2471 0.0000
vt 0.0460 0.9900 0.0000
vt 0.0454 0.9864 0.0000
vt 0.0407 0.9822 0.0000
vt 0.0449 0.9843 0.0000
vt 0.0470 0.9688 0.0000
vt 0.0481 0.9709 0.0000
vt 0.0474 0.9733 0.0000
vt 0.0502 0.9722 0.0000
vt 0.0483 0.9817 0.0000
vt 0.0518 0.9833 0.0000
vt 0.0427 0.9719 0.0000
vt 0.0452 0.9744 0.0000
vt 0.0479 0.9743 0.0000
vt 0.0531 0.9777 0.0000
vt 0.0420 0.9775 0.0000
vt 0.0470 0.9789 0.0000
vt 0.0483 0.9685 0.0000
vt 0.0519 0.9723 0.0000
vt 0.0424 0.9822 0.0000
vt 0.0435 0.9804 0.0000
vt 0.0470 0.9641 0.0000
vt 0.0476 0.9679 0.0000
vt 0.0459 0.9853 0.0000
vt 0.0459 0.9827 0.0000
vt 0.0451 0.9733 0.0000
vt 0.0413 0.9711 0.0000
vt 0.0506 0.9825 0.0000
vt 0.0488 0.9801 0.0000
vt 0.0469 0.9789 0.0000
vt 0.0402 0.9767 0.0000
vt 0.0513 0.9769 0.0000
vt 0.0464 0.9756 0.0000
vt 0.1142 0.9334 0.0000
vt 0.1271 0.9454 0.0000
vt 0.1056 0.9683 0.0000
vt 0.0927 0.9563 0.0000
vt 0.0931 0.9807 0.0000
vt 0.1126 0.9755 0.0000
vt 0.1001 0.9880 0.0000
vt 0.1400 0.9334 0.0000
vt 0.1470 0.9407 0.0000
vt 0.1341 0.9526 0.0000
vt 0.1469 0.9648 0.0000
vt 0.1253 0.9877 0.0000
vt 0.1323 0.8753 0.0000
vt 0.1396 0.8816 0.0000
vt 0.1192 0.9029 0.0000
vt 0.1119 0.8965 0.0000
vt 0.0532 0.9408 0.0000
vt 0.0479 0.9355 0.0000
vt 0.0554 0.9290 0.0000
vt 0.0607 0.9343 0.0000
vt 0.0458 0.9474 0.0000
vt 0.0404 0.9420 0.0000
vt 0.0958 0.9298 0.0000
vt 0.0885 0.9235 0.0000
vt 0.1552 0.8965 0.0000
vt 0.1457 0.9267 0.0000
vt 0.1464 0.8589 0.0000
vt 0.1537 0.8653 0.0000
vt 0.0870 0.8710 0.0000
vt 0.1167 0.8603 0.0000
vt 0.0811 0.7450 0.0000
vt 0.0747 0.7377 0.0000
vt 0.0519 0.8036 0.0000
vt 0.0524 0.8026 0.0000
vt 0.0801 0.7910 0.0000
vt 0.0811 0.7914 0.0000
vt 0.0100 0.7965 0.0000
vt 0.0164 0.8038 0.0000
vt 0.0256 0.7339 0.0000
vt 0.0260 0.7349 0.0000
vt 0.0137 0.7624 0.0000
vt 0.0128 0.7628 0.0000
vt 0.4767 0.6267 0.0000
vt 0.4767 0.6366 0.0000
vt 0.4692 0.6366 0.0000
vt 0.4692 0.6267 0.0000
vt 0.4767 0.6465 0.0000
vt 0.4692 0.6465 0.0000
vt 0.0858 0.8977 0.0000
vt 0.0911 0.9030 0.0000
vt 0.0941 0.8894 0.0000
vt 0.0994 0.8947 0.0000
vt 0.0197 0.9022 0.0000
vt 0.0272 0.8956 0.0000
vt 0.0122 0.9087 0.0000
vt 0.0153 0.9787 0.0000
vt 0.0100 0.9734 0.0000
vt 0.4367 0.9542 0.0000
vt 0.4442 0.9542 0.0000
vt 0.4442 0.9659 0.0000
vt 0.4367 0.9659 0.0000
vt 0.0824 0.9734 0.0000
vt 0.0749 0.9799 0.0000
vt 0.0898 0.9669 0.0000
vt 0.5023 0.8987 0.0000
vt 0.5039 0.8952 0.0000
vt 0.5191 0.9031 0.0000
vt 0.5176 0.9066 0.0000
vt 0.5288 0.9199 0.0000
vt 0.5254 0.9218 0.0000
vt 0.5209 0.9047 0.0000
vt 0.3562 0.9198 0.0000
vt 0.3528 0.9181 0.0000
vt 0.3614 0.9033 0.0000
vt 0.3648 0.9050 0.0000
vt 0.3786 0.8944 0.0000
vt 0.3804 0.8978 0.0000
vt 0.3630 0.9015 0.0000
vt 0.4912 0.6366 0.0000
vt 0.4913 0.6465 0.0000
vt 0.4912 0.6267 0.0000
vt 0.4700 0.9799 0.0000
vt 0.4583 0.9799 0.0000
vt 0.4770 0.9612 0.0000
vt 0.4769 0.9671 0.0000
vt 0.4513 0.9729 0.0000
vt 0.4700 0.9542 0.0000
vt 0.4629 0.9472 0.0000
vt 0.4570 0.9473 0.0000
vt 0.4547 0.6366 0.0000
vt 0.4546 0.6267 0.0000
vt 0.4547 0.6466 0.0000
vt 0.4179 0.9473 0.0000
vt 0.4239 0.9473 0.0000
vt 0.4297 0.9729 0.0000
vt 0.4109 0.9543 0.0000
vt 0.4227 0.9799 0.0000
vt 0.4039 0.9612 0.0000
vt 0.4110 0.9799 0.0000
vt 0.4040 0.9672 0.0000
vt 0.5044 0.6365 0.0000
vt 0.5044 0.6465 0.0000
vt 0.5044 0.6266 0.0000
vt 0.4863 0.9519 0.0000
vt 0.4904 0.9561 0.0000
vt 0.4811 0.9654 0.0000
vt 0.4792 0.9449 0.0000
vt 0.4722 0.9378 0.0000
vt 0.4587 0.9430 0.0000
vt 0.4680 0.9337 0.0000
vt 0.4415 0.6367 0.0000
vt 0.4415 0.6267 0.0000
vt 0.4415 0.6466 0.0000
vt 0.4086 0.9381 0.0000
vt 0.4128 0.9339 0.0000
vt 0.4222 0.9432 0.0000
vt 0.4013 0.9451 0.0000
vt 0.3940 0.9522 0.0000
vt 0.4002 0.9657 0.0000
vt 0.3903 0.9570 0.0000
vt 0.5225 0.6529 0.0000
vt 0.5159 0.6366 0.0000
vt 0.5380 0.6365 0.0000
vt 0.5379 0.6583 0.0000
vt 0.5056 0.9470 0.0000
vt 0.5036 0.9437 0.0000
vt 0.5175 0.9358 0.0000
vt 0.5193 0.9382 0.0000
vt 0.4874 0.9368 0.0000
vt 0.5031 0.9212 0.0000
vt 0.4773 0.9185 0.0000
vt 0.4861 0.9047 0.0000
vt 0.4885 0.9067 0.0000
vt 0.4805 0.9206 0.0000
vt 0.4234 0.6203 0.0000
vt 0.4300 0.6366 0.0000
vt 0.4079 0.6367 0.0000
vt 0.4080 0.6149 0.0000
vt 0.4043 0.9190 0.0000
vt 0.4009 0.9207 0.0000
vt 0.3939 0.9063 0.0000
vt 0.3964 0.9047 0.0000
vt 0.3936 0.9367 0.0000
vt 0.3786 0.9201 0.0000
vt 0.3751 0.9456 0.0000
vt 0.3616 0.9364 0.0000
vt 0.3637 0.9341 0.0000
vt 0.3773 0.9425 0.0000
vt 0.5224 0.6202 0.0000
vt 0.5053 0.9472 0.0000
vt 0.4890 0.9572 0.0000
vt 0.4235 0.6530 0.0000
vt 0.4771 0.9188 0.0000
vt 0.4670 0.9350 0.0000
vt 0.4140 0.9354 0.0000
vt 0.5532 0.6201 0.0000
vt 0.5585 0.6364 0.0000
vt 0.5378 0.6150 0.0000
vt 0.5287 0.9239 0.0000
vt 0.5198 0.9376 0.0000
vt 0.5001 0.8956 0.0000
vt 0.4863 0.9045 0.0000
vt 0.3927 0.6531 0.0000
vt 0.3874 0.6368 0.0000
vt 0.4081 0.6583 0.0000
vt 0.3826 0.8946 0.0000
vt 0.3959 0.9041 0.0000
vt 0.3530 0.9220 0.0000
vt 0.3613 0.9361 0.0000
vt 0.5534 0.6528 0.0000
vt 0.3925 0.6204 0.0000
vt 0.6355 0.8105 0.0000
vt 0.6403 0.8221 0.0000
vt 0.6187 0.8300 0.0000
vt 0.6139 0.8184 0.0000
vt 0.6654 0.8396 0.0000
vt 0.6577 0.8612 0.0000
vt 0.6461 0.8563 0.0000
vt 0.6538 0.8347 0.0000
vt 0.6955 0.8354 0.0000
vt 0.7066 0.8555 0.0000
vt 0.6950 0.8603 0.0000
vt 0.6839 0.8402 0.0000
vt 0.7152 0.8113 0.0000
vt 0.7373 0.8179 0.0000
vt 0.7324 0.8295 0.0000
vt 0.7104 0.8229 0.0000
vt 0.7123 0.7789 0.0000
vt 0.7332 0.7694 0.0000
vt 0.7380 0.7810 0.0000
vt 0.7171 0.7906 0.0000
vt 0.6975 0.7629 0.0000
vt 0.6859 0.7580 0.0000
vt 0.6959 0.7373 0.0000
vt 0.7075 0.7422 0.0000
vt 0.6640 0.7586 0.0000
vt 0.6524 0.7633 0.0000
vt 0.6461 0.7412 0.0000
vt 0.6577 0.7365 0.0000
vt 0.6387 0.7793 0.0000
vt 0.6338 0.7909 0.0000
vt 0.6137 0.7798 0.0000
vt 0.6186 0.7682 0.0000
vt 0.5583 0.8560 0.0000
vt 0.5414 0.8683 0.0000
vt 0.5324 0.8464 0.0000
vt 0.5520 0.8408 0.0000
vt 0.6335 0.9218 0.0000
vt 0.6302 0.9429 0.0000
vt 0.6084 0.9337 0.0000
vt 0.6183 0.9154 0.0000
vt 0.7329 0.9149 0.0000
vt 0.7450 0.9328 0.0000
vt 0.7231 0.9418 0.0000
vt 0.7177 0.9211 0.0000
vt 0.7916 0.8558 0.0000
vt 0.7980 0.8407 0.0000
vt 0.8188 0.8460 0.0000
vt 0.8096 0.8678 0.0000
vt 0.7984 0.7573 0.0000
vt 0.7922 0.7421 0.0000
vt 0.8107 0.7320 0.0000
vt 0.8196 0.7539 0.0000
vt 0.7337 0.6825 0.0000
vt 0.7185 0.6761 0.0000
vt 0.7244 0.6564 0.0000
vt 0.7462 0.6655 0.0000
vt 0.6344 0.6750 0.0000
vt 0.6192 0.6813 0.0000
vt 0.6089 0.6638 0.0000
vt 0.6308 0.6548 0.0000
vt 0.5523 0.7557 0.0000
vt 0.5323 0.7516 0.0000
vt 0.5414 0.7298 0.0000
vt 0.5586 0.7405 0.0000
vt 0.5738 0.8358 0.0000
vt 0.5787 0.8474 0.0000
vt 0.6310 0.8973 0.0000
vt 0.6426 0.9022 0.0000
vt 0.7133 0.9000 0.0000
vt 0.7249 0.8952 0.0000
vt 0.7729 0.8457 0.0000
vt 0.7778 0.8341 0.0000
vt 0.7787 0.7652 0.0000
vt 0.7739 0.7536 0.0000
vt 0.7261 0.7026 0.0000
vt 0.7145 0.6978 0.0000
vt 0.6429 0.6954 0.0000
vt 0.6312 0.7002 0.0000
vt 0.5785 0.7507 0.0000
vt 0.5737 0.7623 0.0000
vt 0.5369 0.8726 0.0000
vt 0.5260 0.8465 0.0000
vt 0.6300 0.9492 0.0000
vt 0.6040 0.9383 0.0000
vt 0.7493 0.9374 0.0000
vt 0.7232 0.9481 0.0000
vt 0.8252 0.8462 0.0000
vt 0.8142 0.8722 0.0000
vt 0.8152 0.7277 0.0000
vt 0.8259 0.7538 0.0000
vt 0.7246 0.6501 0.0000
vt 0.7506 0.6610 0.0000
vt 0.6046 0.6592 0.0000
vt 0.6307 0.6485 0.0000
vt 0.5260 0.7515 0.0000
vt 0.5368 0.7254 0.0000
vt 0.5352 0.8741 0.0000
vt 0.5234 0.8790 0.0000
vt 0.5121 0.8515 0.0000
vt 0.5239 0.8467 0.0000
vt 0.0745 0.8945 0.0000
vt 0.0765 0.8896 0.0000
vt 0.6299 0.9514 0.0000
vt 0.6249 0.9631 0.0000
vt 0.5976 0.9517 0.0000
vt 0.6025 0.9399 0.0000
vt 0.7508 0.9391 0.0000
vt 0.7556 0.9509 0.0000
vt 0.7281 0.9621 0.0000
vt 0.7233 0.9503 0.0000
vt 0.8273 0.8463 0.0000
vt 0.8391 0.8513 0.0000
vt 0.8275 0.8786 0.0000
vt 0.8158 0.8736 0.0000
vt 0.0349 0.8896 0.0000
vt 0.0369 0.8945 0.0000
vt 0.8169 0.7262 0.0000
vt 0.8287 0.7214 0.0000
vt 0.8399 0.7489 0.0000
vt 0.8281 0.7537 0.0000
vt 0.0369 0.8731 0.0000
vt 0.0349 0.8781 0.0000
vt 0.7247 0.6479 0.0000
vt 0.7296 0.6362 0.0000
vt 0.7570 0.6476 0.0000
vt 0.7521 0.6594 0.0000
vt 0.0499 0.8630 0.0000
vt 0.0450 0.8650 0.0000
vt 0.6031 0.6576 0.0000
vt 0.5983 0.6458 0.0000
vt 0.6257 0.6345 0.0000
vt 0.6306 0.6463 0.0000
vt 0.0664 0.8650 0.0000
vt 0.0615 0.8630 0.0000
vt 0.5238 0.7514 0.0000
vt 0.5120 0.7465 0.0000
vt 0.5234 0.7191 0.0000
vt 0.5352 0.7240 0.0000
vt 0.0765 0.8781 0.0000
vt 0.0745 0.8731 0.0000
vt 0.6505 0.7997 0.0000
vt 0.6575 0.8167 0.0000
vt 0.6576 0.7821 0.0000
vt 0.6505 0.7991 0.0000
vt 0.6751 0.7746 0.0000
vt 0.6580 0.7816 0.0000
vt 0.6927 0.7817 0.0000
vt 0.6757 0.7746 0.0000
vt 0.7001 0.7992 0.0000
vt 0.6931 0.7822 0.0000
vt 0.6930 0.8168 0.0000
vt 0.7001 0.7998 0.0000
vt 0.6755 0.8242 0.0000
vt 0.6925 0.8172 0.0000
vt 0.6579 0.8171 0.0000
vt 0.6749 0.8242 0.0000
vt 0.5128 0.8805 0.0000
vt 0.5035 0.8580 0.0000
vt 0.6185 0.9717 0.0000
vt 0.5960 0.9623 0.0000
vt 0.7571 0.9615 0.0000
vt 0.7345 0.9707 0.0000
vt 0.8476 0.8577 0.0000
vt 0.8381 0.8802 0.0000
vt 0.8393 0.7199 0.0000
vt 0.8485 0.7425 0.0000
vt 0.7361 0.6276 0.0000
vt 0.7586 0.6370 0.0000
vt 0.5968 0.6352 0.0000
vt 0.6193 0.6259 0.0000
vt 0.5035 0.7400 0.0000
vt 0.5128 0.7175 0.0000
vt 0.5098 0.8805 0.0000
vt 0.5016 0.8807 0.0000
vt 0.4953 0.8657 0.0000
vt 0.5013 0.8601 0.0000
vt 0.6163 0.9739 0.0000
vt 0.6107 0.9798 0.0000
vt 0.5957 0.9735 0.0000
vt 0.5960 0.9653 0.0000
vt 0.7571 0.9645 0.0000
vt 0.7573 0.9727 0.0000
vt 0.7422 0.9789 0.0000
vt 0.7366 0.9729 0.0000
vt 0.8498 0.8599 0.0000
vt 0.8557 0.8656 0.0000
vt 0.8494 0.8806 0.0000
vt 0.8412 0.8803 0.0000
vt 0.8424 0.7199 0.0000
vt 0.8506 0.7197 0.0000
vt 0.8567 0.7348 0.0000
vt 0.8507 0.7404 0.0000
vt 0.7382 0.6254 0.0000
vt 0.7439 0.6195 0.0000
vt 0.7589 0.6257 0.0000
vt 0.7586 0.6340 0.0000
vt 0.5967 0.6322 0.0000
vt 0.5965 0.6239 0.0000
vt 0.6115 0.6177 0.0000
vt 0.6172 0.6237 0.0000
vt 0.5013 0.7379 0.0000
vt 0.4953 0.7323 0.0000
vt 0.5016 0.7172 0.0000
vt 0.5098 0.7175 0.0000
vt 0.0615 0.9047 0.0000
vt 0.0664 0.9026 0.0000
vt 0.0450 0.9026 0.0000
vt 0.0499 0.9047 0.0000
vt 0.3121 0.1491 0.0000
vt 0.3259 0.1512 0.0000
vt 0.3253 0.1526 0.0000
vt 0.3117 0.1505 0.0000
vt 0.3367 0.1598 0.0000
vt 0.3359 0.1610 0.0000
vt 0.3498 0.1624 0.0000
vt 0.3494 0.1638 0.0000
vt 0.3627 0.1643 0.0000
vt 0.3624 0.1657 0.0000
vt 0.3733 0.1716 0.0000
vt 0.3728 0.1730 0.0000
vt 0.3853 0.1722 0.0000
vt 0.3849 0.1737 0.0000
vt 0.3962 0.1763 0.0000
vt 0.3960 0.1777 0.0000
vt 0.4071 0.1795 0.0000
vt 0.4069 0.1809 0.0000
vt 0.4182 0.1783 0.0000
vt 0.4179 0.1798 0.0000
vt 0.4278 0.1837 0.0000
vt 0.4275 0.1852 0.0000
vt 0.4385 0.1829 0.0000
vt 0.4384 0.1844 0.0000
vt 0.4490 0.1810 0.0000
vt 0.4491 0.1825 0.0000
vt 0.4602 0.1853 0.0000
vt 0.4601 0.1868 0.0000
vt 0.4714 0.1824 0.0000
vt 0.4716 0.1840 0.0000
vt 0.4830 0.1817 0.0000
vt 0.4830 0.1831 0.0000
vt 0.4956 0.1831 0.0000
vt 0.4957 0.1845 0.0000
vt 0.5069 0.1791 0.0000
vt 0.5071 0.1807 0.0000
vt 0.5189 0.1809 0.0000
vt 0.5191 0.1824 0.0000
vt 0.5307 0.1786 0.0000
vt 0.5310 0.1801 0.0000
vt 0.5417 0.1742 0.0000
vt 0.5419 0.1757 0.0000
vt 0.5531 0.1770 0.0000
vt 0.5530 0.1785 0.0000
vt 0.5637 0.1738 0.0000
vt 0.5640 0.1753 0.0000
vt 0.5751 0.1698 0.0000
vt 0.5753 0.1713 0.0000
vt 0.5873 0.1723 0.0000
vt 0.5874 0.1737 0.0000
vt 0.5985 0.1684 0.0000
vt 0.5988 0.1700 0.0000
vt 0.6101 0.1651 0.0000
vt 0.6107 0.1664 0.0000
vt 0.6225 0.1667 0.0000
vt 0.6227 0.1681 0.0000
vt 0.6329 0.1621 0.0000
vt 0.6332 0.1636 0.0000
vt 0.6436 0.1598 0.0000
vt 0.6438 0.1611 0.0000
vt 0.6553 0.1614 0.0000
vt 0.6556 0.1628 0.0000
vt 0.6651 0.1573 0.0000
vt 0.6654 0.1588 0.0000
vt 0.6753 0.1571 0.0000
vt 0.6756 0.1585 0.0000
vt 0.6859 0.1575 0.0000
vt 0.6859 0.1589 0.0000
vt 0.6960 0.1540 0.0000
vt 0.6962 0.1555 0.0000
vt 0.7078 0.1539 0.0000
vt 0.7080 0.1554 0.0000
vt 0.7201 0.1543 0.0000
vt 0.7201 0.1557 0.0000
vt 0.7312 0.1508 0.0000
vt 0.7314 0.1523 0.0000
vt 0.7432 0.1496 0.0000
vt 0.7433 0.1510 0.0000
vt 0.7551 0.1526 0.0000
vt 0.7550 0.1540 0.0000
vt 0.7658 0.1502 0.0000
vt 0.7659 0.1518 0.0000
vt 0.7764 0.1491 0.0000
vt 0.7764 0.1506 0.0000
vt 0.7859 0.1534 0.0000
vt 0.7855 0.1547 0.0000
vt 0.7945 0.1518 0.0000
vt 0.7945 0.1534 0.0000
vt 0.8040 0.1506 0.0000
vt 0.8038 0.1520 0.0000
vt 0.8121 0.1560 0.0000
vt 0.8115 0.1575 0.0000
vt 0.8217 0.1563 0.0000
vt 0.8215 0.1578 0.0000
vt 0.8316 0.1551 0.0000
vt 0.8314 0.1566 0.0000
vt 0.8409 0.1600 0.0000
vt 0.8406 0.1615 0.0000
vt 0.8504 0.1633 0.0000
vt 0.8500 0.1646 0.0000
vt 0.8602 0.1637 0.0000
vt 0.8598 0.1652 0.0000
vt 0.8704 0.1663 0.0000
vt 0.8699 0.1676 0.0000
vt 0.8786 0.1734 0.0000
vt 0.8779 0.1746 0.0000
vt 0.8879 0.1759 0.0000
vt 0.8876 0.1774 0.0000
vt 0.8980 0.1764 0.0000
vt 0.8977 0.1779 0.0000
vt 0.9073 0.1810 0.0000
vt 0.9072 0.1824 0.0000
vt 0.2612 0.3390 0.0000
vt 0.2626 0.3391 0.0000
vt 0.2608 0.3473 0.0000
vt 0.2593 0.3470 0.0000
vt 0.2587 0.3322 0.0000
vt 0.2602 0.3319 0.0000
vt 0.2558 0.3243 0.0000
vt 0.2574 0.3242 0.0000
vt 0.2576 0.3159 0.0000
vt 0.2590 0.3161 0.0000
vt 0.2586 0.3067 0.0000
vt 0.2600 0.3067 0.0000
vt 0.2565 0.2990 0.0000
vt 0.2581 0.2987 0.0000
vt 0.2539 0.2906 0.0000
vt 0.2554 0.2904 0.0000
vt 0.2557 0.2821 0.0000
vt 0.2571 0.2819 0.0000
vt 0.2562 0.2724 0.0000
vt 0.2577 0.2723 0.0000
vt 0.2556 0.2643 0.0000
vt 0.2571 0.2641 0.0000
vt 0.2532 0.2563 0.0000
vt 0.2547 0.2562 0.0000
vt 0.2531 0.2479 0.0000
vt 0.2545 0.2478 0.0000
vt 0.2553 0.2395 0.0000
vt 0.2567 0.2398 0.0000
vt 0.2563 0.2321 0.0000
vt 0.2577 0.2321 0.0000
vt 0.2546 0.2253 0.0000
vt 0.2562 0.2251 0.0000
vt 0.2526 0.2183 0.0000
vt 0.2541 0.2181 0.0000
vt 0.2533 0.2113 0.0000
vt 0.2546 0.2110 0.0000
vt 0.2547 0.2047 0.0000
vt 0.2561 0.2049 0.0000
vt 0.2558 0.1986 0.0000
vt 0.2572 0.1988 0.0000
vt 0.2544 0.1935 0.0000
vt 0.2559 0.1932 0.0000
vt 0.2519 0.1885 0.0000
vt 0.2535 0.1882 0.0000
vt 0.2512 0.1829 0.0000
vt 0.2525 0.1826 0.0000
vt 0.2526 0.1776 0.0000
vt 0.2541 0.1775 0.0000
vt 0.2537 0.1692 0.0000
vt 0.2552 0.1693 0.0000
vt 0.2534 0.1613 0.0000
vt 0.2548 0.1612 0.0000
vt 0.2513 0.1547 0.0000
vt 0.2529 0.1545 0.0000
vt 0.2500 0.1478 0.0000
vt 0.2514 0.1477 0.0000
vt 0.2508 0.1409 0.0000
vt 0.2522 0.1409 0.0000
vt 0.2529 0.1342 0.0000
vt 0.2543 0.1345 0.0000
vt 0.2545 0.1285 0.0000
vt 0.2558 0.1289 0.0000
vt 0.2543 0.1234 0.0000
vt 0.2558 0.1234 0.0000
vt 0.2528 0.1185 0.0000
vt 0.2544 0.1184 0.0000
vt 0.2519 0.1134 0.0000
vt 0.2534 0.1133 0.0000
vt 0.2535 0.1073 0.0000
vt 0.2548 0.1073 0.0000
vt 0.2562 0.1017 0.0000
vt 0.2575 0.1021 0.0000
vt 0.2570 0.0965 0.0000
vt 0.2584 0.0966 0.0000
vt 0.2550 0.0918 0.0000
vt 0.2566 0.0917 0.0000
vt 0.2537 0.0853 0.0000
vt 0.2552 0.0852 0.0000
vt 0.2542 0.0783 0.0000
vt 0.2557 0.0784 0.0000
vt 0.2565 0.0728 0.0000
vt 0.2578 0.0731 0.0000
vt 0.2585 0.0678 0.0000
vt 0.2598 0.0682 0.0000
vt 0.2585 0.0621 0.0000
vt 0.2600 0.0622 0.0000
vt 0.2576 0.0551 0.0000
vt 0.2591 0.0554 0.0000
vt 0.2585 0.0480 0.0000
vt 0.2599 0.0483 0.0000
vt 0.2617 0.0423 0.0000
vt 0.2630 0.0426 0.0000
vt 0.3248 0.1541 0.0000
vt 0.3111 0.1518 0.0000
vt 0.3372 0.1608 0.0000
vt 0.3490 0.1654 0.0000
vt 0.3619 0.1670 0.0000
vt 0.3724 0.1744 0.0000
vt 0.3845 0.1753 0.0000
vt 0.3964 0.1760 0.0000
vt 0.4063 0.1823 0.0000
vt 0.4175 0.1814 0.0000
vt 0.4282 0.1838 0.0000
vt 0.4384 0.1860 0.0000
vt 0.4488 0.1839 0.0000
vt 0.4600 0.1882 0.0000
vt 0.4720 0.1857 0.0000
vt 0.4843 0.1832 0.0000
vt 0.4958 0.1859 0.0000
vt 0.5073 0.1823 0.0000
vt 0.5187 0.1809 0.0000
vt 0.5311 0.1816 0.0000
vt 0.5420 0.1772 0.0000
vt 0.5538 0.1773 0.0000
vt 0.5643 0.1768 0.0000
vt 0.5753 0.1728 0.0000
vt 0.5875 0.1751 0.0000
vt 0.5992 0.1716 0.0000
vt 0.6107 0.1678 0.0000
vt 0.6231 0.1696 0.0000
vt 0.6337 0.1653 0.0000
vt 0.6449 0.1617 0.0000
vt 0.6559 0.1643 0.0000
vt 0.6657 0.1605 0.0000
vt 0.6754 0.1569 0.0000
vt 0.6856 0.1602 0.0000
vt 0.6964 0.1572 0.0000
vt 0.7079 0.1538 0.0000
vt 0.7199 0.1570 0.0000
vt 0.7316 0.1541 0.0000
vt 0.7435 0.1523 0.0000
vt 0.7548 0.1553 0.0000
vt 0.7660 0.1536 0.0000
vt 0.7762 0.1520 0.0000
vt 0.7849 0.1560 0.0000
vt 0.7946 0.1552 0.0000
vt 0.8036 0.1534 0.0000
vt 0.8128 0.1574 0.0000
vt 0.8215 0.1593 0.0000
vt 0.8309 0.1581 0.0000
vt 0.8411 0.1599 0.0000
vt 0.8493 0.1658 0.0000
vt 0.8593 0.1670 0.0000
vt 0.8693 0.1690 0.0000
vt 0.8770 0.1757 0.0000
vt 0.8872 0.1789 0.0000
vt 0.8971 0.1794 0.0000
vt 0.9068 0.1836 0.0000
vt 0.2638 0.3392 0.0000
vt 0.2623 0.3472 0.0000
vt 0.2620 0.3316 0.0000
vt 0.2590 0.3241 0.0000
vt 0.2592 0.3150 0.0000
vt 0.2614 0.3067 0.0000
vt 0.2598 0.2984 0.0000
vt 0.2570 0.2903 0.0000
vt 0.2570 0.2806 0.0000
vt 0.2590 0.2723 0.0000
vt 0.2587 0.2641 0.0000
vt 0.2564 0.2562 0.0000
vt 0.2559 0.2478 0.0000
vt 0.2580 0.2397 0.0000
vt 0.2592 0.2323 0.0000
vt 0.2579 0.2250 0.0000
vt 0.2558 0.2181 0.0000
vt 0.2559 0.2109 0.0000
vt 0.2575 0.2049 0.0000
vt 0.2587 0.1989 0.0000
vt 0.2576 0.1931 0.0000
vt 0.2552 0.1880 0.0000
vt 0.2540 0.1825 0.0000
vt 0.2552 0.1772 0.0000
vt 0.2566 0.1693 0.0000
vt 0.2563 0.1611 0.0000
vt 0.2545 0.1544 0.0000
vt 0.2530 0.1477 0.0000
vt 0.2536 0.1409 0.0000
vt 0.2556 0.1347 0.0000
vt 0.2573 0.1291 0.0000
vt 0.2574 0.1236 0.0000
vt 0.2561 0.1185 0.0000
vt 0.2550 0.1135 0.0000
vt 0.2560 0.1072 0.0000
vt 0.2587 0.1023 0.0000
vt 0.2599 0.0969 0.0000
vt 0.2583 0.0917 0.0000
vt 0.2568 0.0852 0.0000
vt 0.2571 0.0783 0.0000
vt 0.2591 0.0730 0.0000
vt 0.2612 0.0685 0.0000
vt 0.2617 0.0625 0.0000
vt 0.2608 0.0558 0.0000
vt 0.2613 0.0488 0.0000
vt 0.2641 0.0427 0.0000
vt 0.3242 0.1556 0.0000
vt 0.3105 0.1530 0.0000
vt 0.3375 0.1592 0.0000
vt 0.3484 0.1669 0.0000
vt 0.3611 0.1682 0.0000
vt 0.3720 0.1731 0.0000
vt 0.3841 0.1770 0.0000
vt 0.3960 0.1773 0.0000
vt 0.4058 0.1837 0.0000
vt 0.4173 0.1829 0.0000
vt 0.4284 0.1822 0.0000
vt 0.4381 0.1876 0.0000
vt 0.4484 0.1853 0.0000
vt 0.4600 0.1865 0.0000
vt 0.4721 0.1874 0.0000
vt 0.4839 0.1845 0.0000
vt 0.4959 0.1874 0.0000
vt 0.5077 0.1838 0.0000
vt 0.5195 0.1796 0.0000
vt 0.5312 0.1831 0.0000
vt 0.5423 0.1787 0.0000
vt 0.5535 0.1758 0.0000
vt 0.5643 0.1784 0.0000
vt 0.5753 0.1743 0.0000
vt 0.5873 0.1734 0.0000
vt 0.5994 0.1733 0.0000
vt 0.6105 0.1691 0.0000
vt 0.6219 0.1690 0.0000
vt 0.6340 0.1671 0.0000
vt 0.6444 0.1630 0.0000
vt 0.6548 0.1639 0.0000
vt 0.6659 0.1621 0.0000
vt 0.6754 0.1584 0.0000
vt 0.6856 0.1615 0.0000
vt 0.6966 0.1589 0.0000
vt 0.7079 0.1553 0.0000
vt 0.7199 0.1583 0.0000
vt 0.7318 0.1559 0.0000
vt 0.7434 0.1536 0.0000
vt 0.7549 0.1567 0.0000
vt 0.7661 0.1554 0.0000
vt 0.7761 0.1533 0.0000
vt 0.7861 0.1563 0.0000
vt 0.7947 0.1570 0.0000
vt 0.8034 0.1548 0.0000
vt 0.8128 0.1558 0.0000
vt 0.8210 0.1607 0.0000
vt 0.8307 0.1597 0.0000
vt 0.8408 0.1613 0.0000
vt 0.8488 0.1671 0.0000
vt 0.8588 0.1687 0.0000
vt 0.8687 0.1702 0.0000
vt 0.8781 0.1762 0.0000
vt 0.8867 0.1804 0.0000
vt 0.8966 0.1809 0.0000
vt 0.9060 0.1845 0.0000
vt 0.2650 0.3388 0.0000
vt 0.2638 0.3469 0.0000
vt 0.2637 0.3313 0.0000
vt 0.2606 0.3239 0.0000
vt 0.2605 0.3151 0.0000
vt 0.2628 0.3067 0.0000
vt 0.2616 0.2982 0.0000
vt 0.2586 0.2902 0.0000
vt 0.2583 0.2811 0.0000
vt 0.2604 0.2724 0.0000
vt 0.2604 0.2641 0.0000
vt 0.2580 0.2561 0.0000
vt 0.2572 0.2479 0.0000
vt 0.2592 0.2396 0.0000
vt 0.2607 0.2323 0.0000
vt 0.2596 0.2249 0.0000
vt 0.2574 0.2181 0.0000
vt 0.2572 0.2110 0.0000
vt 0.2588 0.2048 0.0000
vt 0.2601 0.1989 0.0000
vt 0.2593 0.1930 0.0000
vt 0.2569 0.1879 0.0000
vt 0.2555 0.1826 0.0000
vt 0.2565 0.1771 0.0000
vt 0.2580 0.1693 0.0000
vt 0.2579 0.1612 0.0000
vt 0.2561 0.1543 0.0000
vt 0.2545 0.1478 0.0000
vt 0.2549 0.1410 0.0000
vt 0.2569 0.1347 0.0000
vt 0.2587 0.1292 0.0000
vt 0.2590 0.1238 0.0000
vt 0.2577 0.1186 0.0000
vt 0.2565 0.1137 0.0000
vt 0.2573 0.1075 0.0000
vt 0.2599 0.1021 0.0000
vt 0.2615 0.0971 0.0000
vt 0.2601 0.0917 0.0000
vt 0.2583 0.0853 0.0000
vt 0.2585 0.0785 0.0000
vt 0.2603 0.0729 0.0000
vt 0.2625 0.0685 0.0000
vt 0.2634 0.0628 0.0000
vt 0.2625 0.0561 0.0000
vt 0.2626 0.0493 0.0000
vt 0.2653 0.0430 0.0000
vt 0.3237 0.1570 0.0000
vt 0.3100 0.1544 0.0000
vt 0.3369 0.1606 0.0000
vt 0.3479 0.1684 0.0000
vt 0.3604 0.1694 0.0000
vt 0.3719 0.1746 0.0000
vt 0.3837 0.1785 0.0000
vt 0.3955 0.1787 0.0000
vt 0.4055 0.1852 0.0000
vt 0.4171 0.1844 0.0000
vt 0.4282 0.1837 0.0000
vt 0.4379 0.1891 0.0000
vt 0.4483 0.1868 0.0000
vt 0.4601 0.1880 0.0000
vt 0.4722 0.1890 0.0000
vt 0.4837 0.1859 0.0000
vt 0.4961 0.1888 0.0000
vt 0.5080 0.1853 0.0000
vt 0.5194 0.1811 0.0000
vt 0.5314 0.1846 0.0000
vt 0.5426 0.1802 0.0000
vt 0.5536 0.1773 0.0000
vt 0.5644 0.1799 0.0000
vt 0.5755 0.1757 0.0000
vt 0.5876 0.1749 0.0000
vt 0.5997 0.1749 0.0000
vt 0.6104 0.1704 0.0000
vt 0.6226 0.1704 0.0000
vt 0.6343 0.1686 0.0000
vt 0.6442 0.1643 0.0000
vt 0.6554 0.1652 0.0000
vt 0.6661 0.1637 0.0000
vt 0.6753 0.1599 0.0000
vt 0.6858 0.1629 0.0000
vt 0.6968 0.1605 0.0000
vt 0.7078 0.1568 0.0000
vt 0.7201 0.1597 0.0000
vt 0.7319 0.1575 0.0000
vt 0.7433 0.1550 0.0000
vt 0.7550 0.1581 0.0000
vt 0.7662 0.1570 0.0000
vt 0.7760 0.1548 0.0000
vt 0.7862 0.1577 0.0000
vt 0.7947 0.1586 0.0000
vt 0.8033 0.1562 0.0000
vt 0.8125 0.1573 0.0000
vt 0.8208 0.1622 0.0000
vt 0.8305 0.1612 0.0000
vt 0.8402 0.1626 0.0000
vt 0.8485 0.1685 0.0000
vt 0.8584 0.1702 0.0000
vt 0.8683 0.1716 0.0000
vt 0.8776 0.1775 0.0000
vt 0.8862 0.1819 0.0000
vt 0.8961 0.1824 0.0000
vt 0.9052 0.1855 0.0000
vt 0.2663 0.3384 0.0000
vt 0.2654 0.3466 0.0000
vt 0.2653 0.3309 0.0000
vt 0.2620 0.3237 0.0000
vt 0.2619 0.3154 0.0000
vt 0.2642 0.3065 0.0000
vt 0.2631 0.2980 0.0000
vt 0.2600 0.2901 0.0000
vt 0.2597 0.2815 0.0000
vt 0.2618 0.2724 0.0000
vt 0.2619 0.2640 0.0000
vt 0.2596 0.2560 0.0000
vt 0.2586 0.2481 0.0000
vt 0.2605 0.2398 0.0000
vt 0.2622 0.2322 0.0000
vt 0.2612 0.2248 0.0000
vt 0.2589 0.2181 0.0000
vt 0.2586 0.2113 0.0000
vt 0.2602 0.2048 0.0000
vt 0.2615 0.1986 0.0000
vt 0.2608 0.1927 0.0000
vt 0.2584 0.1876 0.0000
vt 0.2569 0.1828 0.0000
vt 0.2578 0.1774 0.0000
vt 0.2595 0.1693 0.0000
vt 0.2594 0.1610 0.0000
vt 0.2577 0.1542 0.0000
vt 0.2560 0.1479 0.0000
vt 0.2563 0.1414 0.0000
vt 0.2584 0.1348 0.0000
vt 0.2601 0.1292 0.0000
vt 0.2605 0.1237 0.0000
vt 0.2593 0.1185 0.0000
vt 0.2579 0.1139 0.0000
vt 0.2586 0.1080 0.0000
vt 0.2612 0.1023 0.0000
vt 0.2630 0.0970 0.0000
vt 0.2616 0.0916 0.0000
vt 0.2598 0.0853 0.0000
vt 0.2599 0.0789 0.0000
vt 0.2616 0.0733 0.0000
vt 0.2639 0.0687 0.0000
vt 0.2650 0.0628 0.0000
vt 0.2640 0.0561 0.0000
vt 0.2639 0.0497 0.0000
vt 0.2663 0.0438 0.0000
vt 0.4125 0.2192 0.0000
vt 0.4127 0.2206 0.0000
vt 0.3989 0.2203 0.0000
vt 0.3987 0.2188 0.0000
vt 0.4248 0.2140 0.0000
vt 0.4252 0.2155 0.0000
vt 0.4380 0.2125 0.0000
vt 0.4383 0.2139 0.0000
vt 0.4506 0.2107 0.0000
vt 0.4509 0.2121 0.0000
vt 0.4620 0.2056 0.0000
vt 0.4622 0.2071 0.0000
vt 0.4741 0.2081 0.0000
vt 0.4743 0.2095 0.0000
vt 0.4850 0.2038 0.0000
vt 0.4853 0.2053 0.0000
vt 0.4960 0.1998 0.0000
vt 0.4963 0.2012 0.0000
vt 0.5072 0.2026 0.0000
vt 0.5073 0.2040 0.0000
vt 0.5167 0.1978 0.0000
vt 0.5170 0.1993 0.0000
vt 0.5273 0.1966 0.0000
vt 0.5277 0.1980 0.0000
vt 0.5378 0.1958 0.0000
vt 0.5379 0.1972 0.0000
vt 0.5487 0.1915 0.0000
vt 0.5488 0.1930 0.0000
vt 0.5605 0.1952 0.0000
vt 0.5605 0.1967 0.0000
vt 0.5724 0.1937 0.0000
vt 0.5724 0.1952 0.0000
vt 0.5847 0.1919 0.0000
vt 0.5845 0.1934 0.0000
vt 0.5957 0.1974 0.0000
vt 0.5954 0.1988 0.0000
vt 0.6074 0.1963 0.0000
vt 0.6074 0.1978 0.0000
vt 0.6194 0.1957 0.0000
vt 0.6194 0.1971 0.0000
vt 0.6305 0.2004 0.0000
vt 0.6302 0.2018 0.0000
vt 0.6412 0.1988 0.0000
vt 0.6411 0.2004 0.0000
vt 0.6518 0.2004 0.0000
vt 0.6518 0.2019 0.0000
vt 0.6634 0.2020 0.0000
vt 0.6632 0.2034 0.0000
vt 0.6751 0.1999 0.0000
vt 0.6750 0.2015 0.0000
vt 0.6864 0.2038 0.0000
vt 0.6863 0.2052 0.0000
vt 0.6980 0.2056 0.0000
vt 0.6979 0.2070 0.0000
vt 0.7096 0.2043 0.0000
vt 0.7094 0.2058 0.0000
vt 0.7198 0.2096 0.0000
vt 0.7193 0.2110 0.0000
vt 0.7306 0.2094 0.0000
vt 0.7306 0.2108 0.0000
vt 0.7413 0.2073 0.0000
vt 0.7411 0.2088 0.0000
vt 0.7508 0.2113 0.0000
vt 0.7503 0.2126 0.0000
vt 0.7603 0.2109 0.0000
vt 0.7604 0.2124 0.0000
vt 0.7704 0.2082 0.0000
vt 0.7704 0.2098 0.0000
vt 0.7807 0.2121 0.0000
vt 0.7802 0.2135 0.0000
vt 0.7921 0.2120 0.0000
vt 0.7921 0.2135 0.0000
vt 0.8042 0.2100 0.0000
vt 0.8041 0.2115 0.0000
vt 0.8153 0.2141 0.0000
vt 0.8149 0.2155 0.0000
vt 0.8270 0.2151 0.0000
vt 0.8270 0.2166 0.0000
vt 0.8385 0.2138 0.0000
vt 0.8384 0.2153 0.0000
vt 0.8486 0.2186 0.0000
vt 0.8480 0.2200 0.0000
vt 0.8589 0.2190 0.0000
vt 0.8590 0.2204 0.0000
vt 0.8682 0.2164 0.0000
vt 0.8682 0.2179 0.0000
vt 0.8763 0.2184 0.0000
vt 0.8762 0.2197 0.0000
vt 0.8856 0.2193 0.0000
vt 0.8857 0.2207 0.0000
vt 0.8937 0.2158 0.0000
vt 0.8940 0.2174 0.0000
vt 0.9027 0.2144 0.0000
vt 0.9031 0.2156 0.0000
vt 0.9127 0.2150 0.0000
vt 0.9128 0.2164 0.0000
vt 0.9220 0.2124 0.0000
vt 0.9223 0.2139 0.0000
vt 0.9311 0.2090 0.0000
vt 0.9313 0.2104 0.0000
vt 0.9409 0.2102 0.0000
vt 0.9409 0.2116 0.0000
vt 0.9506 0.2082 0.0000
vt 0.9510 0.2096 0.0000
vt 0.9592 0.2027 0.0000
vt 0.9597 0.2042 0.0000
vt 0.9684 0.1999 0.0000
vt 0.9689 0.2012 0.0000
vt 0.9785 0.1987 0.0000
vt 0.9787 0.2001 0.0000
vt 0.9874 0.1945 0.0000
vt 0.9877 0.1960 0.0000
vt 0.7541 0.6829 0.0000
vt 0.7570 0.6754 0.0000
vt 0.7583 0.6762 0.0000
vt 0.7555 0.6835 0.0000
vt 0.7634 0.6715 0.0000
vt 0.7645 0.6723 0.0000
vt 0.7699 0.6658 0.0000
vt 0.7710 0.6666 0.0000
vt 0.7732 0.6584 0.0000
vt 0.7745 0.6592 0.0000
vt 0.7761 0.6503 0.0000
vt 0.7774 0.6510 0.0000
vt 0.7818 0.6444 0.0000
vt 0.7830 0.6450 0.0000
vt 0.7876 0.6375 0.0000
vt 0.7889 0.6382 0.0000
vt 0.7893 0.6295 0.0000
vt 0.7908 0.6299 0.0000
vt 0.7901 0.6206 0.0000
vt 0.7915 0.6210 0.0000
vt 0.7937 0.6133 0.0000
vt 0.7951 0.6136 0.0000
vt 0.7984 0.6062 0.0000
vt 0.7997 0.6066 0.0000
vt 0.7988 0.5984 0.0000
vt 0.8003 0.5984 0.0000
vt 0.7966 0.5907 0.0000
vt 0.7981 0.5906 0.0000
vt 0.7957 0.5832 0.0000
vt 0.7971 0.5831 0.0000
vt 0.7974 0.5760 0.0000
vt 0.7988 0.5761 0.0000
vt 0.7992 0.5686 0.0000
vt 0.8006 0.5688 0.0000
vt 0.7984 0.5621 0.0000
vt 0.7998 0.5619 0.0000
vt 0.7959 0.5566 0.0000
vt 0.7974 0.5563 0.0000
vt 0.7942 0.5508 0.0000
vt 0.7956 0.5504 0.0000
vt 0.7949 0.5449 0.0000
vt 0.7962 0.5447 0.0000
vt 0.7962 0.5390 0.0000
vt 0.7975 0.5392 0.0000
vt 0.7960 0.5336 0.0000
vt 0.7974 0.5335 0.0000
vt 0.7936 0.5293 0.0000
vt 0.7952 0.5289 0.0000
vt 0.7909 0.5219 0.0000
vt 0.7924 0.5217 0.0000
vt 0.7901 0.5139 0.0000
vt 0.7915 0.5137 0.0000
vt 0.7908 0.5068 0.0000
vt 0.7922 0.5068 0.0000
vt 0.7909 0.4999 0.0000
vt 0.7923 0.4999 0.0000
vt 0.7890 0.4940 0.0000
vt 0.7904 0.4936 0.0000
vt 0.7857 0.4888 0.0000
vt 0.7871 0.4882 0.0000
vt 0.7832 0.4838 0.0000
vt 0.7845 0.4832 0.0000
vt 0.7823 0.4783 0.0000
vt 0.7836 0.4779 0.0000
vt 0.7825 0.4727 0.0000
vt 0.7839 0.4726 0.0000
vt 0.7822 0.4674 0.0000
vt 0.7835 0.4673 0.0000
vt 0.7795 0.4623 0.0000
vt 0.7809 0.4617 0.0000
vt 0.7756 0.4580 0.0000
vt 0.7770 0.4574 0.0000
vt 0.7736 0.4527 0.0000
vt 0.7748 0.4521 0.0000
vt 0.7736 0.4467 0.0000
vt 0.7750 0.4465 0.0000
vt 0.7727 0.4395 0.0000
vt 0.7742 0.4393 0.0000
vt 0.7704 0.4332 0.0000
vt 0.7718 0.4328 0.0000
vt 0.7667 0.4287 0.0000
vt 0.7681 0.4281 0.0000
vt 0.7636 0.4243 0.0000
vt 0.7649 0.4235 0.0000
vt 0.7618 0.4179 0.0000
vt 0.7629 0.4171 0.0000
vt 0.7605 0.4101 0.0000
vt 0.7618 0.4097 0.0000
vt 0.7583 0.4031 0.0000
vt 0.7596 0.4026 0.0000
vt 0.7543 0.3982 0.0000
vt 0.7557 0.3975 0.0000
vt 0.4129 0.2219 0.0000
vt 0.3992 0.2219 0.0000
vt 0.4256 0.2171 0.0000
vt 0.4380 0.2122 0.0000
vt 0.4509 0.2136 0.0000
vt 0.4623 0.2087 0.0000
vt 0.4743 0.2080 0.0000
vt 0.4857 0.2068 0.0000
vt 0.4964 0.2026 0.0000
vt 0.5076 0.2054 0.0000
vt 0.5174 0.2010 0.0000
vt 0.5273 0.1964 0.0000
vt 0.5378 0.1987 0.0000
vt 0.5488 0.1946 0.0000
vt 0.5605 0.1951 0.0000
vt 0.5722 0.1967 0.0000
vt 0.5842 0.1949 0.0000
vt 0.5953 0.2001 0.0000
vt 0.6073 0.1995 0.0000
vt 0.6192 0.1985 0.0000
vt 0.6298 0.2031 0.0000
vt 0.6411 0.2021 0.0000
vt 0.6518 0.2002 0.0000
vt 0.6628 0.2048 0.0000
vt 0.6747 0.2031 0.0000
vt 0.6866 0.2035 0.0000
vt 0.6975 0.2085 0.0000
vt 0.7091 0.2073 0.0000
vt 0.7203 0.2100 0.0000
vt 0.7305 0.2123 0.0000
vt 0.7409 0.2104 0.0000
vt 0.7510 0.2136 0.0000
vt 0.7606 0.2141 0.0000
vt 0.7703 0.2113 0.0000
vt 0.7813 0.2141 0.0000
vt 0.7922 0.2151 0.0000
vt 0.8039 0.2131 0.0000
vt 0.8155 0.2166 0.0000
vt 0.8269 0.2182 0.0000
vt 0.8382 0.2169 0.0000
vt 0.8490 0.2192 0.0000
vt 0.8590 0.2219 0.0000
vt 0.8682 0.2197 0.0000
vt 0.8775 0.2195 0.0000
vt 0.8857 0.2221 0.0000
vt 0.8943 0.2192 0.0000
vt 0.9035 0.2168 0.0000
vt 0.9127 0.2177 0.0000
vt 0.9226 0.2157 0.0000
vt 0.9315 0.2119 0.0000
vt 0.9411 0.2129 0.0000
vt 0.9515 0.2111 0.0000
vt 0.9603 0.2059 0.0000
vt 0.9694 0.2023 0.0000
vt 0.9791 0.2015 0.0000
vt 0.9884 0.1976 0.0000
vt 0.7596 0.6773 0.0000
vt 0.7566 0.6844 0.0000
vt 0.7652 0.6713 0.0000
vt 0.7720 0.6675 0.0000
vt 0.7760 0.6601 0.0000
vt 0.7787 0.6519 0.0000
vt 0.7842 0.6453 0.0000
vt 0.7901 0.6390 0.0000
vt 0.7924 0.6304 0.0000
vt 0.7931 0.6216 0.0000
vt 0.7963 0.6138 0.0000
vt 0.8010 0.6070 0.0000
vt 0.8018 0.5985 0.0000
vt 0.7998 0.5905 0.0000
vt 0.7987 0.5832 0.0000
vt 0.8001 0.5759 0.0000
vt 0.8020 0.5689 0.0000
vt 0.8014 0.5618 0.0000
vt 0.7991 0.5561 0.0000
vt 0.7972 0.5504 0.0000
vt 0.7974 0.5445 0.0000
vt 0.7988 0.5391 0.0000
vt 0.7990 0.5335 0.0000
vt 0.7969 0.5287 0.0000
vt 0.7940 0.5215 0.0000
vt 0.7929 0.5135 0.0000
vt 0.7935 0.5065 0.0000
vt 0.7938 0.4997 0.0000
vt 0.7920 0.4933 0.0000
vt 0.7887 0.4878 0.0000
vt 0.7860 0.4828 0.0000
vt 0.7849 0.4775 0.0000
vt 0.7851 0.4722 0.0000
vt 0.7849 0.4670 0.0000
vt 0.7825 0.4612 0.0000
vt 0.7787 0.4568 0.0000
vt 0.7761 0.4517 0.0000
vt 0.7762 0.4461 0.0000
vt 0.7756 0.4390 0.0000
vt 0.7733 0.4323 0.0000
vt 0.7697 0.4274 0.0000
vt 0.7663 0.4230 0.0000
vt 0.7641 0.4166 0.0000
vt 0.7630 0.4091 0.0000
vt 0.7611 0.4020 0.0000
vt 0.7573 0.3967 0.0000
vt 0.4133 0.2232 0.0000
vt 0.3994 0.2235 0.0000
vt 0.4261 0.2188 0.0000
vt 0.4383 0.2136 0.0000
vt 0.4510 0.2151 0.0000
vt 0.4625 0.2102 0.0000
vt 0.4740 0.2064 0.0000
vt 0.4857 0.2084 0.0000
vt 0.4962 0.2040 0.0000
vt 0.5068 0.2043 0.0000
vt 0.5179 0.2026 0.0000
vt 0.5275 0.1978 0.0000
vt 0.5379 0.2001 0.0000
vt 0.5490 0.1961 0.0000
vt 0.5607 0.1936 0.0000
vt 0.5718 0.1982 0.0000
vt 0.5838 0.1964 0.0000
vt 0.5955 0.1984 0.0000
vt 0.6071 0.2012 0.0000
vt 0.6188 0.1999 0.0000
vt 0.6297 0.2044 0.0000
vt 0.6411 0.2039 0.0000
vt 0.6517 0.2016 0.0000
vt 0.6626 0.2062 0.0000
vt 0.6746 0.2048 0.0000
vt 0.6865 0.2048 0.0000
vt 0.6971 0.2100 0.0000
vt 0.7090 0.2089 0.0000
vt 0.7205 0.2084 0.0000
vt 0.7302 0.2138 0.0000
vt 0.7409 0.2120 0.0000
vt 0.7517 0.2122 0.0000
vt 0.7606 0.2157 0.0000
vt 0.7703 0.2128 0.0000
vt 0.7813 0.2124 0.0000
vt 0.7921 0.2167 0.0000
vt 0.8038 0.2146 0.0000
vt 0.8158 0.2150 0.0000
vt 0.8267 0.2198 0.0000
vt 0.8383 0.2184 0.0000
vt 0.8501 0.2186 0.0000
vt 0.8589 0.2234 0.0000
vt 0.8684 0.2214 0.0000
vt 0.8772 0.2207 0.0000
vt 0.8857 0.2236 0.0000
vt 0.8947 0.2210 0.0000
vt 0.9034 0.2180 0.0000
vt 0.9130 0.2190 0.0000
vt 0.9229 0.2174 0.0000
vt 0.9317 0.2134 0.0000
vt 0.9421 0.2119 0.0000
vt 0.9519 0.2125 0.0000
vt 0.9609 0.2075 0.0000
vt 0.9697 0.2036 0.0000
vt 0.9797 0.2027 0.0000
vt 0.9892 0.1993 0.0000
vt 0.7609 0.6783 0.0000
vt 0.7573 0.6856 0.0000
vt 0.7660 0.6725 0.0000
vt 0.7730 0.6684 0.0000
vt 0.7775 0.6610 0.0000
vt 0.7801 0.6528 0.0000
vt 0.7853 0.6458 0.0000
vt 0.7913 0.6395 0.0000
vt 0.7940 0.6310 0.0000
vt 0.7946 0.6221 0.0000
vt 0.7975 0.6143 0.0000
vt 0.8023 0.6070 0.0000
vt 0.8034 0.5987 0.0000
vt 0.8015 0.5905 0.0000
vt 0.8002 0.5833 0.0000
vt 0.8014 0.5758 0.0000
vt 0.8033 0.5688 0.0000
vt 0.8031 0.5618 0.0000
vt 0.8008 0.5559 0.0000
vt 0.7988 0.5503 0.0000
vt 0.7987 0.5444 0.0000
vt 0.8000 0.5388 0.0000
vt 0.8005 0.5334 0.0000
vt 0.7986 0.5284 0.0000
vt 0.7955 0.5213 0.0000
vt 0.7943 0.5134 0.0000
vt 0.7948 0.5062 0.0000
vt 0.7951 0.4994 0.0000
vt 0.7936 0.4929 0.0000
vt 0.7903 0.4873 0.0000
vt 0.7875 0.4825 0.0000
vt 0.7863 0.4772 0.0000
vt 0.7863 0.4717 0.0000
vt 0.7862 0.4665 0.0000
vt 0.7841 0.4607 0.0000
vt 0.7803 0.4563 0.0000
vt 0.7775 0.4515 0.0000
vt 0.7773 0.4456 0.0000
vt 0.7770 0.4386 0.0000
vt 0.7748 0.4318 0.0000
vt 0.7713 0.4267 0.0000
vt 0.7678 0.4225 0.0000
vt 0.7653 0.4162 0.0000
vt 0.7642 0.4087 0.0000
vt 0.7625 0.4015 0.0000
vt 0.7590 0.3959 0.0000
vt 0.4137 0.2245 0.0000
vt 0.3996 0.2251 0.0000
vt 0.4265 0.2202 0.0000
vt 0.4384 0.2150 0.0000
vt 0.4512 0.2166 0.0000
vt 0.4628 0.2116 0.0000
vt 0.4743 0.2079 0.0000
vt 0.4858 0.2099 0.0000
vt 0.4961 0.2054 0.0000
vt 0.5074 0.2056 0.0000
vt 0.5182 0.2041 0.0000
vt 0.5276 0.1992 0.0000
vt 0.5382 0.2015 0.0000
vt 0.5492 0.1976 0.0000
vt 0.5606 0.1951 0.0000
vt 0.5717 0.1997 0.0000
vt 0.5836 0.1979 0.0000
vt 0.5954 0.1998 0.0000
vt 0.6070 0.2028 0.0000
vt 0.6185 0.2013 0.0000
vt 0.6297 0.2058 0.0000
vt 0.6411 0.2054 0.0000
vt 0.6515 0.2030 0.0000
vt 0.6625 0.2076 0.0000
vt 0.6746 0.2064 0.0000
vt 0.6862 0.2061 0.0000
vt 0.6968 0.2115 0.0000
vt 0.7089 0.2104 0.0000
vt 0.7202 0.2099 0.0000
vt 0.7300 0.2153 0.0000
vt 0.7409 0.2135 0.0000
vt 0.7514 0.2135 0.0000
vt 0.7607 0.2173 0.0000
vt 0.7704 0.2142 0.0000
vt 0.7812 0.2138 0.0000
vt 0.7920 0.2183 0.0000
vt 0.8038 0.2161 0.0000
vt 0.8155 0.2163 0.0000
vt 0.8265 0.2213 0.0000
vt 0.8382 0.2199 0.0000
vt 0.8494 0.2200 0.0000
vt 0.8588 0.2249 0.0000
vt 0.8685 0.2229 0.0000
vt 0.8769 0.2220 0.0000
vt 0.8858 0.2251 0.0000
vt 0.8949 0.2225 0.0000
vt 0.9033 0.2194 0.0000
vt 0.9132 0.2203 0.0000
vt 0.9233 0.2190 0.0000
vt 0.9320 0.2148 0.0000
vt 0.9420 0.2134 0.0000
vt 0.9523 0.2140 0.0000
vt 0.9615 0.2089 0.0000
vt 0.9700 0.2049 0.0000
vt 0.9802 0.2040 0.0000
vt 0.9900 0.2006 0.0000
vt 0.7620 0.6794 0.0000
vt 0.7583 0.6868 0.0000
vt 0.7668 0.6736 0.0000
vt 0.7742 0.6692 0.0000
vt 0.7789 0.6618 0.0000
vt 0.7813 0.6535 0.0000
vt 0.7863 0.6467 0.0000
vt 0.7926 0.6400 0.0000
vt 0.7955 0.6314 0.0000
vt 0.7961 0.6225 0.0000
vt 0.7988 0.6149 0.0000
vt 0.8036 0.6071 0.0000
vt 0.8049 0.5986 0.0000
vt 0.8031 0.5904 0.0000
vt 0.8016 0.5834 0.0000
vt 0.8027 0.5761 0.0000
vt 0.8047 0.5687 0.0000
vt 0.8046 0.5615 0.0000
vt 0.8023 0.5555 0.0000
vt 0.8002 0.5503 0.0000
vt 0.8001 0.5446 0.0000
vt 0.8013 0.5386 0.0000
vt 0.8018 0.5330 0.0000
vt 0.8001 0.5280 0.0000
vt 0.7970 0.5209 0.0000
vt 0.7957 0.5133 0.0000
vt 0.7962 0.5062 0.0000
vt 0.7965 0.4991 0.0000
vt 0.7950 0.4924 0.0000
vt 0.7917 0.4867 0.0000
vt 0.7889 0.4822 0.0000
vt 0.7877 0.4771 0.0000
vt 0.7877 0.4714 0.0000
vt 0.7874 0.4659 0.0000
vt 0.7855 0.4599 0.0000
vt 0.7817 0.4555 0.0000
vt 0.7789 0.4514 0.0000
vt 0.7787 0.4455 0.0000
vt 0.7783 0.4381 0.0000
vt 0.7761 0.4310 0.0000
vt 0.7726 0.4260 0.0000
vt 0.7691 0.4220 0.0000
vt 0.7668 0.4160 0.0000
vt 0.7655 0.4083 0.0000
vt 0.7638 0.4009 0.0000
vt 0.7603 0.3951 0.0000
vt 0.0110 0.9593 0.0000
vt 0.0100 0.9583 0.0000
vt 0.0100 0.9568 0.0000
vt 0.0136 0.9583 0.0000
vt 0.0125 0.9557 0.0000
vt 0.0110 0.9557 0.0000
vt 0.0136 0.9568 0.0000
vt 0.0125 0.9593 0.0000
vt 0.0175 0.9492 0.0000
vt 0.0165 0.9481 0.0000
vt 0.0165 0.9467 0.0000
vt 0.0190 0.9456 0.0000
vt 0.0201 0.9481 0.0000
vt 0.0201 0.9467 0.0000
vt 0.0190 0.9492 0.0000
vt 0.0175 0.9456 0.0000
vt 0.3333 0.5386 0.0000
vt 0.3345 0.5393 0.0000
vt 0.3258 0.5494 0.0000
vt 0.3246 0.5485 0.0000
vt 0.3379 0.5264 0.0000
vt 0.3393 0.5271 0.0000
vt 0.3436 0.5152 0.0000
vt 0.3448 0.5157 0.0000
vt 0.3500 0.5046 0.0000
vt 0.3514 0.5052 0.0000
vt 0.3525 0.4930 0.0000
vt 0.3539 0.4936 0.0000
vt 0.3582 0.4831 0.0000
vt 0.3594 0.4836 0.0000
vt 0.3613 0.4725 0.0000
vt 0.3628 0.4729 0.0000
vt 0.3626 0.4617 0.0000
vt 0.3641 0.4620 0.0000
vt 0.3674 0.4522 0.0000
vt 0.3687 0.4526 0.0000
vt 0.3674 0.4421 0.0000
vt 0.3690 0.4423 0.0000
vt 0.3686 0.4323 0.0000
vt 0.3699 0.4324 0.0000
vt 0.3709 0.4226 0.0000
vt 0.3724 0.4226 0.0000
vt 0.3687 0.4118 0.0000
vt 0.3703 0.4118 0.0000
vt 0.3695 0.4008 0.0000
vt 0.3708 0.4007 0.0000
vt 0.3686 0.3894 0.0000
vt 0.3701 0.3892 0.0000
vt 0.3650 0.3783 0.0000
vt 0.3665 0.3781 0.0000
vt 0.3652 0.3668 0.0000
vt 0.3665 0.3666 0.0000
vt 0.3618 0.3559 0.0000
vt 0.3633 0.3555 0.0000
vt 0.3581 0.3451 0.0000
vt 0.3595 0.3447 0.0000
vt 0.3578 0.3336 0.0000
vt 0.3592 0.3333 0.0000
vt 0.3535 0.3239 0.0000
vt 0.3550 0.3235 0.0000
vt 0.3508 0.3138 0.0000
vt 0.3522 0.3133 0.0000
vt 0.3496 0.3024 0.0000
vt 0.3511 0.3020 0.0000
vt 0.3445 0.2922 0.0000
vt 0.3460 0.2917 0.0000
vt 0.3420 0.2810 0.0000
vt 0.3433 0.2807 0.0000
vt 0.3394 0.2698 0.0000
vt 0.3409 0.2693 0.0000
vt 0.3339 0.2599 0.0000
vt 0.3354 0.2594 0.0000
vt 0.3320 0.2489 0.0000
vt 0.3333 0.2485 0.0000
vt 0.3291 0.2386 0.0000
vt 0.3306 0.2381 0.0000
vt 0.3246 0.2294 0.0000
vt 0.3259 0.2288 0.0000
vt 0.3196 0.3172 0.0000
vt 0.3208 0.3170 0.0000
vt 0.3220 0.3273 0.0000
vt 0.3204 0.3276 0.0000
vt 0.3165 0.3083 0.0000
vt 0.3180 0.3077 0.0000
vt 0.3118 0.2996 0.0000
vt 0.3133 0.2991 0.0000
vt 0.3107 0.2889 0.0000
vt 0.3120 0.2885 0.0000
vt 0.3075 0.2782 0.0000
vt 0.3089 0.2777 0.0000
vt 0.3024 0.2676 0.0000
vt 0.3038 0.2672 0.0000
vt 0.3011 0.2560 0.0000
vt 0.3025 0.2557 0.0000
vt 0.2984 0.2450 0.0000
vt 0.2998 0.2445 0.0000
vt 0.2937 0.2346 0.0000
vt 0.2952 0.2343 0.0000
vt 0.2929 0.2237 0.0000
vt 0.2942 0.2235 0.0000
vt 0.2915 0.2138 0.0000
vt 0.2930 0.2136 0.0000
vt 0.2883 0.2051 0.0000
vt 0.2898 0.2050 0.0000
vt 0.2891 0.1963 0.0000
vt 0.2904 0.1965 0.0000
vt 0.2903 0.1872 0.0000
vt 0.2918 0.1873 0.0000
vt 0.2891 0.1787 0.0000
vt 0.2907 0.1788 0.0000
vt 0.2902 0.1696 0.0000
vt 0.2916 0.1697 0.0000
vt 0.2936 0.1604 0.0000
vt 0.2950 0.1607 0.0000
vt 0.2946 0.1510 0.0000
vt 0.2961 0.1513 0.0000
vt 0.2958 0.1416 0.0000
vt 0.2973 0.1419 0.0000
vt 0.3005 0.1327 0.0000
vt 0.3017 0.1333 0.0000
vt 0.3042 0.1237 0.0000
vt 0.3057 0.1242 0.0000
vt 0.3062 0.1140 0.0000
vt 0.3076 0.1146 0.0000
vt 0.3105 0.1053 0.0000
vt 0.3118 0.1059 0.0000
vt 0.3165 0.0973 0.0000
vt 0.3177 0.0981 0.0000
vt 0.3204 0.0886 0.0000
vt 0.3217 0.0894 0.0000
vt 0.2961 0.3468 0.0000
vt 0.2926 0.3400 0.0000
vt 0.2940 0.3395 0.0000
vt 0.2975 0.3462 0.0000
vt 0.2923 0.3325 0.0000
vt 0.2936 0.3323 0.0000
vt 0.2921 0.3247 0.0000
vt 0.2935 0.3245 0.0000
vt 0.2894 0.3175 0.0000
vt 0.2909 0.3171 0.0000
vt 0.2867 0.3096 0.0000
vt 0.2882 0.3093 0.0000
vt 0.2866 0.3014 0.0000
vt 0.2880 0.3012 0.0000
vt 0.2865 0.2930 0.0000
vt 0.2879 0.2929 0.0000
vt 0.2841 0.2853 0.0000
vt 0.2856 0.2849 0.0000
vt 0.2814 0.2771 0.0000
vt 0.2829 0.2769 0.0000
vt 0.2810 0.2691 0.0000
vt 0.2824 0.2690 0.0000
vt 0.2815 0.2609 0.0000
vt 0.2830 0.2609 0.0000
vt 0.2803 0.2534 0.0000
vt 0.2818 0.2531 0.0000
vt 0.2776 0.2461 0.0000
vt 0.2791 0.2458 0.0000
vt 0.2763 0.2390 0.0000
vt 0.2777 0.2388 0.0000
vt 0.2766 0.2318 0.0000
vt 0.2780 0.2318 0.0000
vt 0.2769 0.2248 0.0000
vt 0.2783 0.2248 0.0000
vt 0.2755 0.2186 0.0000
vt 0.2770 0.2183 0.0000
vt 0.2734 0.2133 0.0000
vt 0.2749 0.2129 0.0000
vt 0.2722 0.2077 0.0000
vt 0.2736 0.2074 0.0000
vt 0.2725 0.2021 0.0000
vt 0.2739 0.2020 0.0000
vt 0.2731 0.1967 0.0000
vt 0.2745 0.1967 0.0000
vt 0.2724 0.1918 0.0000
vt 0.2739 0.1916 0.0000
vt 0.2705 0.1875 0.0000
vt 0.2720 0.1873 0.0000
vt 0.2686 0.1803 0.0000
vt 0.2700 0.1801 0.0000
vt 0.2681 0.1720 0.0000
vt 0.2696 0.1720 0.0000
vt 0.2691 0.1647 0.0000
vt 0.2705 0.1649 0.0000
vt 0.2699 0.1580 0.0000
vt 0.2713 0.1582 0.0000
vt 0.2695 0.1520 0.0000
vt 0.2710 0.1519 0.0000
vt 0.2684 0.1461 0.0000
vt 0.2700 0.1460 0.0000
vt 0.2684 0.1406 0.0000
vt 0.2698 0.1405 0.0000
vt 0.2696 0.1352 0.0000
vt 0.2710 0.1354 0.0000
vt 0.2715 0.1302 0.0000
vt 0.2728 0.1307 0.0000
vt 0.2730 0.1257 0.0000
vt 0.2743 0.1260 0.0000
vt 0.2730 0.1203 0.0000
vt 0.2746 0.1204 0.0000
vt 0.2727 0.1149 0.0000
vt 0.2742 0.1150 0.0000
vt 0.2741 0.1101 0.0000
vt 0.2755 0.1103 0.0000
vt 0.2765 0.1060 0.0000
vt 0.2778 0.1065 0.0000
vt 0.2788 0.1003 0.0000
vt 0.2802 0.1007 0.0000
vt 0.2803 0.0942 0.0000
vt 0.2817 0.0945 0.0000
vt 0.2812 0.0882 0.0000
vt 0.2827 0.0886 0.0000
vt 0.2832 0.0826 0.0000
vt 0.2846 0.0833 0.0000
vt 0.2873 0.0779 0.0000
vt 0.2883 0.0789 0.0000
vt 0.2918 0.0741 0.0000
vt 0.2927 0.0753 0.0000
vt 0.2961 0.0695 0.0000
vt 0.2970 0.0707 0.0000
vt 0.2997 0.0644 0.0000
vt 0.3006 0.0656 0.0000
vt 0.3357 0.5400 0.0000
vt 0.3271 0.5502 0.0000
vt 0.3408 0.5279 0.0000
vt 0.3460 0.5162 0.0000
vt 0.3528 0.5059 0.0000
vt 0.3554 0.4943 0.0000
vt 0.3605 0.4839 0.0000
vt 0.3645 0.4733 0.0000
vt 0.3655 0.4625 0.0000
vt 0.3700 0.4529 0.0000
vt 0.3707 0.4426 0.0000
vt 0.3711 0.4324 0.0000
vt 0.3739 0.4228 0.0000
vt 0.3720 0.4118 0.0000
vt 0.3720 0.4005 0.0000
vt 0.3718 0.3889 0.0000
vt 0.3680 0.3780 0.0000
vt 0.3677 0.3664 0.0000
vt 0.3650 0.3551 0.0000
vt 0.3609 0.3444 0.0000
vt 0.3606 0.3331 0.0000
vt 0.3566 0.3230 0.0000
vt 0.3534 0.3129 0.0000
vt 0.3526 0.3017 0.0000
vt 0.3476 0.2913 0.0000
vt 0.3444 0.2802 0.0000
vt 0.3424 0.2688 0.0000
vt 0.3370 0.2590 0.0000
vt 0.3344 0.2481 0.0000
vt 0.3321 0.2376 0.0000
vt 0.3274 0.2284 0.0000
vt 0.3218 0.3165 0.0000
vt 0.3238 0.3269 0.0000
vt 0.3196 0.3071 0.0000
vt 0.3148 0.2987 0.0000
vt 0.3132 0.2882 0.0000
vt 0.3105 0.2772 0.0000
vt 0.3054 0.2668 0.0000
vt 0.3037 0.2554 0.0000
vt 0.3014 0.2441 0.0000
vt 0.2968 0.2340 0.0000
vt 0.2954 0.2232 0.0000
vt 0.2946 0.2133 0.0000
vt 0.2915 0.2048 0.0000
vt 0.2912 0.1956 0.0000
vt 0.2933 0.1874 0.0000
vt 0.2924 0.1789 0.0000
vt 0.2929 0.1698 0.0000
vt 0.2963 0.1611 0.0000
vt 0.2978 0.1517 0.0000
vt 0.2987 0.1424 0.0000
vt 0.3029 0.1337 0.0000
vt 0.3072 0.1248 0.0000
vt 0.3092 0.1153 0.0000
vt 0.3130 0.1064 0.0000
vt 0.3189 0.0988 0.0000
vt 0.3233 0.0903 0.0000
vt 0.2956 0.3392 0.0000
vt 0.2990 0.3457 0.0000
vt 0.2948 0.3319 0.0000
vt 0.2949 0.3244 0.0000
vt 0.2926 0.3168 0.0000
vt 0.2897 0.3091 0.0000
vt 0.2892 0.3010 0.0000
vt 0.2894 0.2928 0.0000
vt 0.2873 0.2846 0.0000
vt 0.2844 0.2767 0.0000
vt 0.2837 0.2688 0.0000
vt 0.2843 0.2608 0.0000
vt 0.2833 0.2529 0.0000
vt 0.2808 0.2455 0.0000
vt 0.2792 0.2386 0.0000
vt 0.2793 0.2316 0.0000
vt 0.2797 0.2247 0.0000
vt 0.2786 0.2181 0.0000
vt 0.2765 0.2127 0.0000
vt 0.2751 0.2073 0.0000
vt 0.2752 0.2018 0.0000
vt 0.2759 0.1967 0.0000
vt 0.2754 0.1915 0.0000
vt 0.2736 0.1871 0.0000
vt 0.2715 0.1800 0.0000
vt 0.2710 0.1720 0.0000
vt 0.2718 0.1649 0.0000
vt 0.2728 0.1583 0.0000
vt 0.2726 0.1520 0.0000
vt 0.2716 0.1461 0.0000
vt 0.2713 0.1407 0.0000
vt 0.2724 0.1355 0.0000
vt 0.2742 0.1309 0.0000
vt 0.2757 0.1264 0.0000
vt 0.2762 0.1207 0.0000
vt 0.2758 0.1154 0.0000
vt 0.2768 0.1104 0.0000
vt 0.2791 0.1067 0.0000
vt 0.2815 0.1012 0.0000
vt 0.2832 0.0950 0.0000
vt 0.2842 0.0893 0.0000
vt 0.2859 0.0840 0.0000
vt 0.2894 0.0797 0.0000
vt 0.2937 0.0764 0.0000
vt 0.2980 0.0720 0.0000
vt 0.3014 0.0668 0.0000
vt 0.3369 0.5407 0.0000
vt 0.3284 0.5511 0.0000
vt 0.3424 0.5286 0.0000
vt 0.3471 0.5168 0.0000
vt 0.3542 0.5066 0.0000
vt 0.3570 0.4949 0.0000
vt 0.3617 0.4842 0.0000
vt 0.3661 0.4738 0.0000
vt 0.3669 0.4630 0.0000
vt 0.3713 0.4531 0.0000
vt 0.3725 0.4427 0.0000
vt 0.3724 0.4326 0.0000
vt 0.3754 0.4230 0.0000
vt 0.3737 0.4117 0.0000
vt 0.3731 0.4003 0.0000
vt 0.3734 0.3888 0.0000
vt 0.3696 0.3777 0.0000
vt 0.3689 0.3660 0.0000
vt 0.3667 0.3547 0.0000
vt 0.3623 0.3441 0.0000
vt 0.3619 0.3327 0.0000
vt 0.3583 0.3225 0.0000
vt 0.3546 0.3128 0.0000
vt 0.3541 0.3014 0.0000
vt 0.3492 0.2907 0.0000
vt 0.3456 0.2798 0.0000
vt 0.3439 0.2684 0.0000
vt 0.3386 0.2584 0.0000
vt 0.3355 0.2476 0.0000
vt 0.3337 0.2373 0.0000
vt 0.3290 0.2282 0.0000
vt 0.3228 0.3160 0.0000
vt 0.3256 0.3261 0.0000
vt 0.3212 0.3067 0.0000
vt 0.3164 0.2983 0.0000
vt 0.3143 0.2877 0.0000
vt 0.3121 0.2768 0.0000
vt 0.3069 0.2664 0.0000
vt 0.3048 0.2549 0.0000
vt 0.3030 0.2437 0.0000
vt 0.2983 0.2336 0.0000
vt 0.2965 0.2228 0.0000
vt 0.2962 0.2131 0.0000
vt 0.2932 0.2045 0.0000
vt 0.2924 0.1959 0.0000
vt 0.2947 0.1876 0.0000
vt 0.2942 0.1790 0.0000
vt 0.2942 0.1702 0.0000
vt 0.2976 0.1614 0.0000
vt 0.2994 0.1521 0.0000
vt 0.3002 0.1429 0.0000
vt 0.3042 0.1340 0.0000
vt 0.3086 0.1255 0.0000
vt 0.3107 0.1159 0.0000
vt 0.3142 0.1071 0.0000
vt 0.3201 0.0994 0.0000
vt 0.3248 0.0912 0.0000
vt 0.2972 0.3389 0.0000
vt 0.3005 0.3454 0.0000
vt 0.2961 0.3317 0.0000
vt 0.2963 0.3241 0.0000
vt 0.2943 0.3164 0.0000
vt 0.2912 0.3089 0.0000
vt 0.2905 0.3008 0.0000
vt 0.2908 0.2926 0.0000
vt 0.2889 0.2844 0.0000
vt 0.2860 0.2765 0.0000
vt 0.2851 0.2686 0.0000
vt 0.2857 0.2606 0.0000
vt 0.2849 0.2527 0.0000
vt 0.2824 0.2453 0.0000
vt 0.2806 0.2385 0.0000
vt 0.2807 0.2314 0.0000
vt 0.2811 0.2246 0.0000
vt 0.2802 0.2180 0.0000
vt 0.2781 0.2125 0.0000
vt 0.2766 0.2072 0.0000
vt 0.2766 0.2017 0.0000
vt 0.2772 0.1964 0.0000
vt 0.2770 0.1913 0.0000
vt 0.2753 0.1868 0.0000
vt 0.2730 0.1799 0.0000
vt 0.2725 0.1720 0.0000
vt 0.2732 0.1649 0.0000
vt 0.2743 0.1583 0.0000
vt 0.2742 0.1521 0.0000
vt 0.2732 0.1462 0.0000
vt 0.2729 0.1409 0.0000
vt 0.2738 0.1358 0.0000
vt 0.2755 0.1311 0.0000
vt 0.2772 0.1267 0.0000
vt 0.2779 0.1211 0.0000
vt 0.2774 0.1158 0.0000
vt 0.2781 0.1109 0.0000
vt 0.2804 0.1069 0.0000
vt 0.2829 0.1016 0.0000
vt 0.2846 0.0956 0.0000
vt 0.2857 0.0899 0.0000
vt 0.2872 0.0848 0.0000
vt 0.2906 0.0804 0.0000
vt 0.2949 0.0772 0.0000
vt 0.2993 0.0730 0.0000
vt 0.3024 0.0677 0.0000
vt 0.3382 0.5413 0.0000
vt 0.3297 0.5520 0.0000
vt 0.3438 0.5293 0.0000
vt 0.3483 0.5174 0.0000
vt 0.3556 0.5073 0.0000
vt 0.3585 0.4954 0.0000
vt 0.3629 0.4846 0.0000
vt 0.3676 0.4743 0.0000
vt 0.3684 0.4634 0.0000
vt 0.3727 0.4533 0.0000
vt 0.3741 0.4429 0.0000
vt 0.3737 0.4329 0.0000
vt 0.3769 0.4230 0.0000
vt 0.3752 0.4116 0.0000
vt 0.3744 0.4002 0.0000
vt 0.3750 0.3885 0.0000
vt 0.3711 0.3774 0.0000
vt 0.3702 0.3657 0.0000
vt 0.3682 0.3543 0.0000
vt 0.3638 0.3438 0.0000
vt 0.3632 0.3323 0.0000
vt 0.3598 0.3220 0.0000
vt 0.3560 0.3126 0.0000
vt 0.3555 0.3009 0.0000
vt 0.3507 0.2902 0.0000
vt 0.3469 0.2794 0.0000
vt 0.3454 0.2679 0.0000
vt 0.3400 0.2578 0.0000
vt 0.3367 0.2473 0.0000
vt 0.3352 0.2368 0.0000
vt 0.3304 0.2278 0.0000
vt 0.3240 0.3156 0.0000
vt 0.3271 0.3254 0.0000
vt 0.3227 0.3062 0.0000
vt 0.3178 0.2978 0.0000
vt 0.3156 0.2874 0.0000
vt 0.3136 0.2763 0.0000
vt 0.3084 0.2660 0.0000
vt 0.3061 0.2546 0.0000
vt 0.3045 0.2433 0.0000
vt 0.2998 0.2332 0.0000
vt 0.2978 0.2226 0.0000
vt 0.2977 0.2128 0.0000
vt 0.2947 0.2043 0.0000
vt 0.2938 0.1961 0.0000
vt 0.2962 0.1876 0.0000
vt 0.2957 0.1792 0.0000
vt 0.2956 0.1705 0.0000
vt 0.2990 0.1616 0.0000
vt 0.3010 0.1525 0.0000
vt 0.3016 0.1433 0.0000
vt 0.3054 0.1345 0.0000
vt 0.3100 0.1260 0.0000
vt 0.3122 0.1164 0.0000
vt 0.3154 0.1078 0.0000
vt 0.3214 0.1001 0.0000
vt 0.3262 0.0919 0.0000
vt 0.2987 0.3386 0.0000
vt 0.3020 0.3450 0.0000
vt 0.2974 0.3316 0.0000
vt 0.2977 0.3238 0.0000
vt 0.2958 0.3161 0.0000
vt 0.2927 0.3086 0.0000
vt 0.2919 0.3007 0.0000
vt 0.2922 0.2923 0.0000
vt 0.2905 0.2840 0.0000
vt 0.2874 0.2762 0.0000
vt 0.2865 0.2686 0.0000
vt 0.2870 0.2604 0.0000
vt 0.2864 0.2524 0.0000
vt 0.2839 0.2449 0.0000
vt 0.2821 0.2384 0.0000
vt 0.2821 0.2314 0.0000
vt 0.2825 0.2243 0.0000
vt 0.2817 0.2177 0.0000
vt 0.2796 0.2122 0.0000
vt 0.2781 0.2071 0.0000
vt 0.2780 0.2017 0.0000
vt 0.2785 0.1961 0.0000
vt 0.2784 0.1909 0.0000
vt 0.2767 0.1864 0.0000
vt 0.2745 0.1796 0.0000
vt 0.2740 0.1720 0.0000
vt 0.2747 0.1649 0.0000
vt 0.2757 0.1583 0.0000
vt 0.2757 0.1521 0.0000
vt 0.2747 0.1462 0.0000
vt 0.2743 0.1412 0.0000
vt 0.2752 0.1362 0.0000
vt 0.2769 0.1314 0.0000
vt 0.2786 0.1269 0.0000
vt 0.2794 0.1214 0.0000
vt 0.2789 0.1161 0.0000
vt 0.2794 0.1115 0.0000
vt 0.2818 0.1074 0.0000
vt 0.2842 0.1021 0.0000
vt 0.2861 0.0962 0.0000
vt 0.2871 0.0905 0.0000
vt 0.2884 0.0856 0.0000
vt 0.2916 0.0814 0.0000
vt 0.2961 0.0780 0.0000
vt 0.3007 0.0737 0.0000
vt 0.3038 0.0683 0.0000
vt 0.8180 0.3641 0.0000
vt 0.8206 0.3774 0.0000
vt 0.8190 0.3774 0.0000
vt 0.8166 0.3643 0.0000
vt 0.8187 0.3906 0.0000
vt 0.8173 0.3905 0.0000
vt 0.8187 0.4032 0.0000
vt 0.8172 0.4032 0.0000
vt 0.8199 0.4157 0.0000
vt 0.8184 0.4156 0.0000
vt 0.8166 0.4273 0.0000
vt 0.8152 0.4272 0.0000
vt 0.8182 0.4386 0.0000
vt 0.8167 0.4386 0.0000
vt 0.8178 0.4499 0.0000
vt 0.8165 0.4499 0.0000
vt 0.8159 0.4607 0.0000
vt 0.8144 0.4607 0.0000
vt 0.8176 0.4712 0.0000
vt 0.8160 0.4711 0.0000
vt 0.8151 0.4813 0.0000
vt 0.8138 0.4812 0.0000
vt 0.8149 0.4913 0.0000
vt 0.8134 0.4913 0.0000
vt 0.8162 0.5012 0.0000
vt 0.8147 0.5012 0.0000
vt 0.8128 0.5121 0.0000
vt 0.8114 0.5122 0.0000
vt 0.8160 0.5228 0.0000
vt 0.8145 0.5230 0.0000
vt 0.8178 0.5343 0.0000
vt 0.8164 0.5345 0.0000
vt 0.8163 0.5462 0.0000
vt 0.8148 0.5462 0.0000
vt 0.8188 0.5574 0.0000
vt 0.8172 0.5574 0.0000
vt 0.8181 0.5689 0.0000
vt 0.8168 0.5689 0.0000
vt 0.8172 0.5803 0.0000
vt 0.8157 0.5804 0.0000
vt 0.8194 0.5913 0.0000
vt 0.8178 0.5914 0.0000
vt 0.8175 0.6018 0.0000
vt 0.8162 0.6018 0.0000
vt 0.8183 0.6119 0.0000
vt 0.8168 0.6121 0.0000
vt 0.8206 0.6232 0.0000
vt 0.8191 0.6233 0.0000
vt 0.8182 0.6347 0.0000
vt 0.8169 0.6346 0.0000
vt 0.8191 0.6459 0.0000
vt 0.8176 0.6460 0.0000
vt 0.8199 0.6574 0.0000
vt 0.8185 0.6574 0.0000
vt 0.8173 0.6684 0.0000
vt 0.8159 0.6683 0.0000
vt 0.8188 0.6790 0.0000
vt 0.8172 0.6791 0.0000
vt 0.8195 0.6893 0.0000
vt 0.8181 0.6894 0.0000
vt 0.8178 0.6993 0.0000
vt 0.8163 0.6991 0.0000
vt 0.6755 0.7502 0.0000
vt 0.6778 0.7407 0.0000
vt 0.6793 0.7413 0.0000
vt 0.6768 0.7507 0.0000
vt 0.6814 0.7323 0.0000
vt 0.6827 0.7329 0.0000
vt 0.6867 0.7243 0.0000
vt 0.6881 0.7249 0.0000
vt 0.6887 0.7142 0.0000
vt 0.6902 0.7147 0.0000
vt 0.6925 0.7038 0.0000
vt 0.6938 0.7043 0.0000
vt 0.6980 0.6936 0.0000
vt 0.6994 0.6941 0.0000
vt 0.6997 0.6826 0.0000
vt 0.7012 0.6830 0.0000
vt 0.7025 0.6717 0.0000
vt 0.7039 0.6720 0.0000
vt 0.7072 0.6615 0.0000
vt 0.7086 0.6619 0.0000
vt 0.7076 0.6512 0.0000
vt 0.7091 0.6514 0.0000
vt 0.7084 0.6416 0.0000
vt 0.7098 0.6418 0.0000
vt 0.7115 0.6332 0.0000
vt 0.7129 0.6334 0.0000
vt 0.7105 0.6254 0.0000
vt 0.7120 0.6253 0.0000
vt 0.7088 0.6171 0.0000
vt 0.7102 0.6170 0.0000
vt 0.7100 0.6089 0.0000
vt 0.7114 0.6089 0.0000
vt 0.7084 0.6005 0.0000
vt 0.7099 0.6001 0.0000
vt 0.7045 0.5922 0.0000
vt 0.7060 0.5918 0.0000
vt 0.7034 0.5830 0.0000
vt 0.7047 0.5827 0.0000
vt 0.7018 0.5740 0.0000
vt 0.7032 0.5735 0.0000
vt 0.6971 0.5660 0.0000
vt 0.6985 0.5654 0.0000
vt 0.6931 0.5573 0.0000
vt 0.6944 0.5567 0.0000
vt 0.6912 0.5477 0.0000
vt 0.6925 0.5472 0.0000
vt 0.6863 0.5401 0.0000
vt 0.6876 0.5392 0.0000
vt 0.6799 0.5333 0.0000
vt 0.6811 0.5324 0.0000
vt 0.6754 0.5251 0.0000
vt 0.6765 0.5242 0.0000
vt 0.7748 0.3215 0.0000
vt 0.7743 0.3229 0.0000
vt 0.7676 0.3197 0.0000
vt 0.7681 0.3183 0.0000
vt 0.7816 0.3212 0.0000
vt 0.7814 0.3228 0.0000
vt 0.7891 0.3208 0.0000
vt 0.7890 0.3222 0.0000
vt 0.7968 0.3228 0.0000
vt 0.7965 0.3241 0.0000
vt 0.8049 0.3244 0.0000
vt 0.8047 0.3259 0.0000
vt 0.8126 0.3235 0.0000
vt 0.8126 0.3250 0.0000
vt 0.8207 0.3223 0.0000
vt 0.8207 0.3238 0.0000
vt 0.8292 0.3234 0.0000
vt 0.8290 0.3248 0.0000
vt 0.8375 0.3253 0.0000
vt 0.8374 0.3267 0.0000
vt 0.8450 0.3240 0.0000
vt 0.8452 0.3255 0.0000
vt 0.8529 0.3220 0.0000
vt 0.8530 0.3235 0.0000
vt 0.8613 0.3221 0.0000
vt 0.8607 0.3233 0.0000
vt 0.8673 0.3281 0.0000
vt 0.8679 0.3269 0.0000
vt 0.8608 0.3257 0.0000
vt 0.8612 0.3243 0.0000
vt 0.8541 0.3252 0.0000
vt 0.8544 0.3237 0.0000
vt 0.8475 0.3247 0.0000
vt 0.8476 0.3232 0.0000
vt 0.8414 0.3224 0.0000
vt 0.8413 0.3211 0.0000
vt 0.8353 0.3212 0.0000
vt 0.8355 0.3197 0.0000
vt 0.8299 0.3197 0.0000
vt 0.8301 0.3183 0.0000
vt 0.8248 0.3201 0.0000
vt 0.8248 0.3185 0.0000
vt 0.8197 0.3209 0.0000
vt 0.8196 0.3193 0.0000
vt 0.8146 0.3202 0.0000
vt 0.8146 0.3188 0.0000
vt 0.8099 0.3186 0.0000
vt 0.8101 0.3172 0.0000
vt 0.8026 0.3168 0.0000
vt 0.8028 0.3154 0.0000
vt 0.7951 0.3165 0.0000
vt 0.7951 0.3150 0.0000
vt 0.7883 0.3173 0.0000
vt 0.7883 0.3157 0.0000
vt 0.7818 0.3174 0.0000
vt 0.7818 0.3159 0.0000
vt 0.7757 0.3163 0.0000
vt 0.7758 0.3148 0.0000
vt 0.7697 0.3150 0.0000
vt 0.7699 0.3135 0.0000
vt 0.7644 0.3143 0.0000
vt 0.7646 0.3129 0.0000
vt 0.7596 0.3150 0.0000
vt 0.7595 0.3135 0.0000
vt 0.7548 0.3164 0.0000
vt 0.7547 0.3148 0.0000
vt 0.7502 0.3169 0.0000
vt 0.7500 0.3155 0.0000
vt 0.7444 0.3161 0.0000
vt 0.7444 0.3147 0.0000
vt 0.7386 0.3151 0.0000
vt 0.7388 0.3137 0.0000
vt 0.7338 0.3156 0.0000
vt 0.7337 0.3141 0.0000
vt 0.7295 0.3174 0.0000
vt 0.7293 0.3159 0.0000
vt 0.7234 0.3184 0.0000
vt 0.7232 0.3170 0.0000
vt 0.7167 0.3185 0.0000
vt 0.7165 0.3171 0.0000
vt 0.7102 0.3185 0.0000
vt 0.7102 0.3171 0.0000
vt 0.7044 0.3192 0.0000
vt 0.7042 0.3177 0.0000
vt 0.6995 0.3218 0.0000
vt 0.6988 0.3204 0.0000
vt 0.6952 0.3253 0.0000
vt 0.6942 0.3241 0.0000
vt 0.6898 0.3286 0.0000
vt 0.6887 0.3276 0.0000
vt 0.6839 0.3313 0.0000
vt 0.6829 0.3300 0.0000
vt 0.8174 0.3774 0.0000
vt 0.8152 0.3642 0.0000
vt 0.8161 0.3905 0.0000
vt 0.8155 0.4033 0.0000
vt 0.8169 0.4155 0.0000
vt 0.8139 0.4271 0.0000
vt 0.8149 0.4386 0.0000
vt 0.8153 0.4500 0.0000
vt 0.8128 0.4606 0.0000
vt 0.8143 0.4710 0.0000
vt 0.8127 0.4813 0.0000
vt 0.8116 0.4913 0.0000
vt 0.8132 0.5012 0.0000
vt 0.8101 0.5122 0.0000
vt 0.8128 0.5233 0.0000
vt 0.8150 0.5346 0.0000
vt 0.8133 0.5461 0.0000
vt 0.8155 0.5574 0.0000
vt 0.8156 0.5691 0.0000
vt 0.8141 0.5803 0.0000
vt 0.8162 0.5913 0.0000
vt 0.8150 0.6019 0.0000
vt 0.8151 0.6122 0.0000
vt 0.8176 0.6232 0.0000
vt 0.8156 0.6345 0.0000
vt 0.8158 0.6460 0.0000
vt 0.8170 0.6574 0.0000
vt 0.8145 0.6682 0.0000
vt 0.8155 0.6791 0.0000
vt 0.8167 0.6894 0.0000
vt 0.8149 0.6992 0.0000
vt 0.6809 0.7420 0.0000
vt 0.6776 0.7515 0.0000
vt 0.6839 0.7333 0.0000
vt 0.6894 0.7256 0.0000
vt 0.6918 0.7154 0.0000
vt 0.6951 0.7047 0.0000
vt 0.7007 0.6947 0.0000
vt 0.7028 0.6835 0.0000
vt 0.7052 0.6723 0.0000
vt 0.7099 0.6623 0.0000
vt 0.7108 0.6517 0.0000
vt 0.7112 0.6420 0.0000
vt 0.7141 0.6336 0.0000
vt 0.7138 0.6252 0.0000
vt 0.7117 0.6170 0.0000
vt 0.7125 0.6087 0.0000
vt 0.7115 0.5998 0.0000
vt 0.7076 0.5915 0.0000
vt 0.7058 0.5823 0.0000
vt 0.7046 0.5731 0.0000
vt 0.7001 0.5647 0.0000
vt 0.6957 0.5562 0.0000
vt 0.6937 0.5467 0.0000
vt 0.6890 0.5384 0.0000
vt 0.6825 0.5315 0.0000
vt 0.6774 0.5234 0.0000
vt 0.7740 0.3242 0.0000
vt 0.7673 0.3211 0.0000
vt 0.7812 0.3245 0.0000
vt 0.7887 0.3238 0.0000
vt 0.7965 0.3254 0.0000
vt 0.8046 0.3273 0.0000
vt 0.8126 0.3267 0.0000
vt 0.8206 0.3254 0.0000
vt 0.8290 0.3262 0.0000
vt 0.8373 0.3281 0.0000
vt 0.8453 0.3272 0.0000
vt 0.8529 0.3251 0.0000
vt 0.8605 0.3245 0.0000
vt 0.8683 0.3258 0.0000
vt 0.8617 0.3228 0.0000
vt 0.8547 0.3220 0.0000
vt 0.8479 0.3216 0.0000
vt 0.8412 0.3199 0.0000
vt 0.8358 0.3182 0.0000
vt 0.8304 0.3168 0.0000
vt 0.8250 0.3169 0.0000
vt 0.8198 0.3177 0.0000
vt 0.8146 0.3174 0.0000
vt 0.8101 0.3158 0.0000
vt 0.8030 0.3139 0.0000
vt 0.7952 0.3134 0.0000
vt 0.7884 0.3141 0.0000
vt 0.7819 0.3144 0.0000
vt 0.7758 0.3135 0.0000
vt 0.7700 0.3121 0.0000
vt 0.7647 0.3114 0.0000
vt 0.7595 0.3119 0.0000
vt 0.7547 0.3132 0.0000
vt 0.7500 0.3140 0.0000
vt 0.7443 0.3134 0.0000
vt 0.7389 0.3123 0.0000
vt 0.7337 0.3125 0.0000
vt 0.7292 0.3142 0.0000
vt 0.7231 0.3155 0.0000
vt 0.7164 0.3157 0.0000
vt 0.7100 0.3156 0.0000
vt 0.7039 0.3163 0.0000
vt 0.6981 0.3190 0.0000
vt 0.6934 0.3228 0.0000
vt 0.6878 0.3265 0.0000
vt 0.6820 0.3287 0.0000
vt 0.8157 0.3774 0.0000
vt 0.8138 0.3642 0.0000
vt 0.8149 0.3906 0.0000
vt 0.8138 0.4032 0.0000
vt 0.8154 0.4154 0.0000
vt 0.8125 0.4271 0.0000
vt 0.8131 0.4387 0.0000
vt 0.8140 0.4499 0.0000
vt 0.8113 0.4604 0.0000
vt 0.8126 0.4710 0.0000
vt 0.8115 0.4815 0.0000
vt 0.8099 0.4913 0.0000
vt 0.8117 0.5011 0.0000
vt 0.8089 0.5125 0.0000
vt 0.8110 0.5235 0.0000
vt 0.8137 0.5347 0.0000
vt 0.8118 0.5461 0.0000
vt 0.8138 0.5576 0.0000
vt 0.8144 0.5691 0.0000
vt 0.8125 0.5802 0.0000
vt 0.8145 0.5913 0.0000
vt 0.8139 0.6021 0.0000
vt 0.8133 0.6123 0.0000
vt 0.8160 0.6231 0.0000
vt 0.8144 0.6347 0.0000
vt 0.8141 0.6460 0.0000
vt 0.8156 0.6572 0.0000
vt 0.8132 0.6682 0.0000
vt 0.8137 0.6792 0.0000
vt 0.8153 0.6894 0.0000
vt 0.8134 0.6995 0.0000
vt 0.6826 0.7427 0.0000
vt 0.6785 0.7523 0.0000
vt 0.6851 0.7339 0.0000
vt 0.6907 0.7261 0.0000
vt 0.6934 0.7159 0.0000
vt 0.6963 0.7052 0.0000
vt 0.7021 0.6952 0.0000
vt 0.7045 0.6839 0.0000
vt 0.7065 0.6728 0.0000
vt 0.7113 0.6627 0.0000
vt 0.7126 0.6519 0.0000
vt 0.7126 0.6423 0.0000
vt 0.7154 0.6336 0.0000
vt 0.7156 0.6251 0.0000
vt 0.7133 0.6169 0.0000
vt 0.7137 0.6083 0.0000
vt 0.7132 0.5995 0.0000
vt 0.7092 0.5911 0.0000
vt 0.7070 0.5819 0.0000
vt 0.7061 0.5727 0.0000
vt 0.7017 0.5641 0.0000
vt 0.6971 0.5557 0.0000
vt 0.6947 0.5460 0.0000
vt 0.6904 0.5376 0.0000
vt 0.6838 0.5306 0.0000
vt 0.6785 0.5228 0.0000
vt 0.7738 0.3256 0.0000
vt 0.7670 0.3225 0.0000
vt 0.7811 0.3262 0.0000
vt 0.7885 0.3253 0.0000
vt 0.7965 0.3266 0.0000
vt 0.8045 0.3288 0.0000
vt 0.8126 0.3284 0.0000
vt 0.8206 0.3270 0.0000
vt 0.8289 0.3276 0.0000
vt 0.8374 0.3294 0.0000
vt 0.8453 0.3288 0.0000
vt 0.8530 0.3267 0.0000
vt 0.8606 0.3257 0.0000
vt 0.8686 0.3246 0.0000
vt 0.8622 0.3214 0.0000
vt 0.8551 0.3204 0.0000
vt 0.8483 0.3201 0.0000
vt 0.8416 0.3187 0.0000
vt 0.8360 0.3168 0.0000
vt 0.8306 0.3153 0.0000
vt 0.8252 0.3153 0.0000
vt 0.8200 0.3161 0.0000
vt 0.8149 0.3160 0.0000
vt 0.8102 0.3145 0.0000
vt 0.8033 0.3125 0.0000
vt 0.7954 0.3119 0.0000
vt 0.7885 0.3125 0.0000
vt 0.7821 0.3129 0.0000
vt 0.7759 0.3121 0.0000
vt 0.7700 0.3108 0.0000
vt 0.7647 0.3099 0.0000
vt 0.7595 0.3103 0.0000
vt 0.7547 0.3116 0.0000
vt 0.7501 0.3124 0.0000
vt 0.7442 0.3121 0.0000
vt 0.7388 0.3110 0.0000
vt 0.7336 0.3109 0.0000
vt 0.7291 0.3126 0.0000
vt 0.7230 0.3140 0.0000
vt 0.7163 0.3143 0.0000
vt 0.7098 0.3142 0.0000
vt 0.7035 0.3148 0.0000
vt 0.6975 0.3175 0.0000
vt 0.6926 0.3215 0.0000
vt 0.6872 0.3253 0.0000
vt 0.6813 0.3273 0.0000
vt 0.8141 0.3774 0.0000
vt 0.8123 0.3643 0.0000
vt 0.8135 0.3906 0.0000
vt 0.8122 0.4031 0.0000
vt 0.8139 0.4153 0.0000
vt 0.8111 0.4272 0.0000
vt 0.8116 0.4387 0.0000
vt 0.8127 0.4497 0.0000
vt 0.8098 0.4603 0.0000
vt 0.8110 0.4710 0.0000
vt 0.8103 0.4813 0.0000
vt 0.8084 0.4912 0.0000
vt 0.8101 0.5011 0.0000
vt 0.8075 0.5128 0.0000
vt 0.8095 0.5238 0.0000
vt 0.8123 0.5347 0.0000
vt 0.8104 0.5463 0.0000
vt 0.8123 0.5576 0.0000
vt 0.8131 0.5690 0.0000
vt 0.8109 0.5802 0.0000
vt 0.8130 0.5914 0.0000
vt 0.8126 0.6021 0.0000
vt 0.8118 0.6125 0.0000
vt 0.8145 0.6232 0.0000
vt 0.8131 0.6346 0.0000
vt 0.8126 0.6460 0.0000
vt 0.8142 0.6571 0.0000
vt 0.8118 0.6682 0.0000
vt 0.8122 0.6792 0.0000
vt 0.8139 0.6894 0.0000
vt 0.8119 0.6996 0.0000
vt 0.6840 0.7434 0.0000
vt 0.6796 0.7529 0.0000
vt 0.6863 0.7345 0.0000
vt 0.6921 0.7266 0.0000
vt 0.6949 0.7164 0.0000
vt 0.6975 0.7058 0.0000
vt 0.7035 0.6956 0.0000
vt 0.7060 0.6843 0.0000
vt 0.7078 0.6733 0.0000
vt 0.7127 0.6630 0.0000
vt 0.7141 0.6522 0.0000
vt 0.7140 0.6426 0.0000
vt 0.7168 0.6337 0.0000
vt 0.7171 0.6250 0.0000
vt 0.7147 0.6168 0.0000
vt 0.7150 0.6082 0.0000
vt 0.7147 0.5991 0.0000
vt 0.7107 0.5906 0.0000
vt 0.7083 0.5817 0.0000
vt 0.7075 0.5722 0.0000
vt 0.7031 0.5635 0.0000
vt 0.6985 0.5552 0.0000
vt 0.6960 0.5454 0.0000
vt 0.6917 0.5367 0.0000
vt 0.6850 0.5298 0.0000
vt 0.6796 0.5222 0.0000
vt 0.7737 0.3270 0.0000
vt 0.7667 0.3240 0.0000
vt 0.7810 0.3278 0.0000
vt 0.7884 0.3268 0.0000
vt 0.7962 0.3280 0.0000
vt 0.8045 0.3302 0.0000
vt 0.8126 0.3300 0.0000
vt 0.8206 0.3284 0.0000
vt 0.8289 0.3290 0.0000
vt 0.8375 0.3308 0.0000
vt 0.8455 0.3303 0.0000
vt 0.8532 0.3282 0.0000
vt 0.8609 0.3270 0.0000
vt 0.8690 0.3233 0.0000
vt 0.8625 0.3199 0.0000
vt 0.8554 0.3189 0.0000
vt 0.8487 0.3187 0.0000
vt 0.8422 0.3175 0.0000
vt 0.8364 0.3153 0.0000
vt 0.8307 0.3139 0.0000
vt 0.8252 0.3137 0.0000
vt 0.8202 0.3146 0.0000
vt 0.8154 0.3147 0.0000
vt 0.8107 0.3132 0.0000
vt 0.8035 0.3111 0.0000
vt 0.7955 0.3103 0.0000
vt 0.7885 0.3110 0.0000
vt 0.7822 0.3115 0.0000
vt 0.7761 0.3107 0.0000
vt 0.7701 0.3093 0.0000
vt 0.7646 0.3084 0.0000
vt 0.7593 0.3088 0.0000
vt 0.7545 0.3100 0.0000
vt 0.7501 0.3110 0.0000
vt 0.7444 0.3107 0.0000
vt 0.7385 0.3096 0.0000
vt 0.7333 0.3094 0.0000
vt 0.7288 0.3111 0.0000
vt 0.7229 0.3125 0.0000
vt 0.7162 0.3128 0.0000
vt 0.7095 0.3128 0.0000
vt 0.7030 0.3135 0.0000
vt 0.6969 0.3161 0.0000
vt 0.6920 0.3201 0.0000
vt 0.6868 0.3239 0.0000
vt 0.6809 0.3258 0.0000
vt 0.0634 0.9864 0.0000
vt 0.0644 0.9874 0.0000
vt 0.0644 0.9889 0.0000
vt 0.0609 0.9875 0.0000
vt 0.0619 0.9900 0.0000
vt 0.0634 0.9900 0.0000
vt 0.0609 0.9889 0.0000
vt 0.0619 0.9864 0.0000
vt 0.0110 0.9356 0.0000
vt 0.0125 0.9356 0.0000
vt 0.0136 0.9366 0.0000
vt 0.0125 0.9392 0.0000
vt 0.0100 0.9381 0.0000
vt 0.0110 0.9392 0.0000
vt 0.0100 0.9366 0.0000
vt 0.0136 0.9381 0.0000
# 3240 texture coords

g OldTelephone
s 1
f 1/1/1 2/2/1 3/3/1 4/4/1 
s 2
f 5/5/2 6/6/2 2/7/2 1/1/2 
s 3
f 7/8/3 8/9/3 6/10/3 5/5/3 
s 4
f 9/11/4 10/12/4 8/13/4 7/8/4 
s 5
f 11/14/5 12/15/5 10/16/5 9/11/5 
s 6
f 13/17/6 14/18/6 12/19/6 11/14/6 
s 7
f 15/20/7 16/21/7 14/22/7 13/17/7 
s 8
f 4/4/8 3/23/8 16/24/8 15/20/8 
s 9
f 13/17/9 11/14/9 9/11/9 4/4/9 
f 5/5/9 4/4/9 9/11/9 7/8/9 
f 5/5/9 1/1/9 4/4/9 
f 15/20/9 13/17/9 4/4/9 
f 17/25/9 18/26/9 19/27/9 20/28/9 
f 21/29/9 22/30/9 19/27/9 18/26/9 
f 23/31/9 24/32/9 22/30/9 21/29/9 
f 23/31/9 25/33/9 26/34/9 24/32/9 
f 27/35/9 28/36/9 26/34/9 25/33/9 
f 29/37/9 30/38/9 28/36/9 27/35/9 
f 31/39/9 32/40/9 30/38/9 29/37/9 
f 31/39/9 17/25/9 20/28/9 32/40/9 
f 33/41/9 34/42/9 35/43/9 36/44/9 
f 37/45/9 38/46/9 39/47/9 40/48/9 
f 41/49/9 40/48/9 39/47/9 42/50/9 
f 41/49/9 43/51/9 40/48/9 
f 44/52/9 37/45/9 40/48/9 
s 10
f 45/53/10 46/54/10 47/55/10 48/56/10 
f 49/57/10 50/58/10 46/59/10 45/60/10 
f 51/61/10 52/62/10 50/63/10 49/64/10 
f 53/65/10 54/66/10 52/67/10 51/68/10 
f 55/69/10 56/70/10 54/71/10 53/72/10 
f 57/73/10 58/74/10 56/75/10 55/76/10 
f 59/77/10 60/78/10 58/79/10 57/80/10 
f 48/81/10 47/82/10 60/83/10 59/84/10 
f 61/85/10 62/86/10 63/87/10 64/88/10 
f 61/89/10 65/90/10 66/91/10 62/92/10 
f 67/93/10 68/94/10 66/95/10 65/96/10 
f 69/97/10 70/98/10 68/99/10 67/100/10 
f 69/101/10 71/102/10 72/103/10 70/104/10 
f 73/105/10 74/106/10 72/107/10 71/108/10 
f 75/109/10 76/110/10 74/111/10 73/112/10 
f 64/113/10 63/114/10 76/115/10 75/116/10 
f 77/117/10 78/118/10 79/119/10 
f 78/118/10 80/120/10 79/119/10 
f 80/120/10 81/121/10 79/119/10 
f 81/121/10 82/122/10 79/119/10 
f 82/122/10 83/123/10 79/119/10 
f 83/123/10 84/124/10 79/119/10 
f 84/124/10 85/125/10 79/119/10 
f 85/125/10 77/117/10 79/119/10 
f 86/126/10 87/127/10 88/128/10 89/129/10 
f 90/130/10 91/131/10 92/132/10 93/133/10 
f 94/134/10 93/133/10 92/132/10 95/135/10 
f 94/134/10 96/136/10 93/133/10 
f 97/137/10 90/130/10 93/133/10 
f 98/138/10 99/139/10 100/140/10 101/141/10 
f 102/142/10 103/143/10 99/144/10 98/145/10 
f 104/146/10 105/147/10 103/148/10 102/149/10 
f 106/150/10 107/151/10 105/152/10 104/153/10 
f 108/154/10 109/155/10 107/156/10 106/157/10 
f 110/158/10 111/159/10 109/160/10 108/161/10 
f 112/162/10 113/163/10 111/164/10 110/165/10 
f 101/166/10 100/167/10 113/168/10 112/169/10 
f 114/170/10 115/171/10 116/172/10 117/173/10 
f 118/174/10 119/175/10 115/176/10 114/177/10 
f 120/178/10 121/179/10 119/180/10 118/181/10 
f 122/182/10 123/183/10 121/184/10 120/185/10 
f 124/186/10 125/187/10 123/188/10 122/189/10 
f 126/190/10 127/191/10 125/192/10 124/193/10 
f 128/194/10 129/195/10 127/196/10 126/197/10 
f 117/198/10 116/199/10 129/200/10 128/201/10 
s 11
f 47/55/11 46/54/11 130/202/11 131/203/11 
s 12
f 46/59/12 50/58/12 132/204/12 130/205/12 
s 13
f 50/63/13 52/62/13 133/206/13 132/207/13 
s 14
f 52/67/14 54/66/14 134/208/14 133/209/14 
s 15
f 54/71/15 56/70/15 135/210/15 134/211/15 
s 16
f 56/75/16 58/74/16 136/212/16 135/213/16 
s 17
f 58/79/17 60/78/17 137/214/17 136/215/17 
s 18
f 60/83/18 47/82/18 131/216/18 137/217/18 
s 19
f 130/202/19 138/218/20 139/219/21 131/203/22 
f 132/204/23 140/220/24 138/221/20 130/205/19 
f 133/206/25 141/222/26 140/223/24 132/207/23 
f 134/208/27 142/224/28 141/225/26 133/209/25 
f 135/210/29 143/226/30 142/227/28 134/211/27 
f 136/212/31 144/228/32 143/229/30 135/213/29 
f 137/214/33 145/230/34 144/231/32 136/215/31 
f 131/216/22 139/232/21 145/233/34 137/217/33 
f 146/234/35 147/235/36 148/236/37 149/237/38 
f 150/238/39 151/239/40 147/240/36 146/241/35 
f 152/242/41 153/243/42 151/244/40 150/245/39 
f 154/246/43 155/247/44 153/248/42 152/249/41 
f 154/250/43 156/251/45 157/252/46 155/253/44 
f 156/254/45 158/255/47 159/256/48 157/257/46 
f 158/258/47 160/259/49 161/260/50 159/261/48 
f 160/262/49 149/263/38 148/264/37 161/265/50 
f 162/266/51 163/267/52 164/268/53 165/269/54 
f 163/270/52 166/271/55 167/272/56 164/273/53 
f 166/274/55 168/275/57 169/276/58 167/277/56 
f 168/278/57 170/279/59 171/280/60 169/281/58 
f 172/282/61 173/283/62 171/284/60 170/285/59 
f 174/286/63 175/287/64 173/288/62 172/289/61 
f 176/290/65 177/291/66 175/292/64 174/293/63 
f 162/294/51 165/295/54 177/296/66 176/297/65 
f 149/237/38 139/219/21 138/218/20 146/234/35 
f 146/241/35 138/221/20 140/220/24 150/238/39 
f 150/245/39 140/223/24 141/222/26 152/242/41 
f 152/249/41 141/225/26 142/224/28 154/246/43 
f 142/227/28 143/226/30 156/251/45 154/250/43 
f 156/254/45 143/229/30 144/228/32 158/255/47 
f 158/258/47 144/231/32 145/230/34 160/259/49 
f 160/262/49 145/233/34 139/232/21 149/263/38 
f 162/266/51 148/236/37 147/235/36 163/267/52 
f 147/240/36 151/239/40 166/271/55 163/270/52 
f 166/274/55 151/244/40 153/243/42 168/275/57 
f 153/248/42 155/247/44 170/279/59 168/278/57 
f 155/253/44 157/252/46 172/282/61 170/285/59 
f 157/257/46 159/256/48 174/286/63 172/289/61 
f 159/261/48 161/260/50 176/290/65 174/293/63 
f 161/265/50 148/264/37 162/294/51 176/297/65 
s 20
f 178/298/67 179/299/67 180/300/68 181/301/68 
f 181/301/68 180/300/68 182/302/69 183/303/69 
f 184/304/70 185/305/70 186/306/71 187/307/71 
f 182/302/69 187/307/71 186/306/71 183/303/69 
f 18/308/70 17/309/70 188/310/70 189/311/70 
f 189/311/70 188/310/70 185/305/70 184/304/70 
s 21
f 179/299/72 190/312/72 191/313/73 180/300/73 
f 180/300/73 191/313/73 192/314/74 182/302/74 
f 193/315/75 184/304/75 187/307/76 194/316/76 
f 192/314/74 194/316/76 187/307/76 182/302/74 
f 164/273/77 167/272/77 190/317/72 179/318/72 
f 21/319/78 18/308/78 189/311/78 195/320/78 
f 195/320/78 189/311/78 184/304/75 193/315/75 
s 22
f 190/312/79 196/321/79 197/322/80 191/313/80 
f 197/322/80 198/323/81 192/314/81 191/313/80 
f 199/324/82 200/325/83 193/315/83 194/316/82 
f 199/324/82 194/316/82 192/314/81 198/323/81 
f 167/277/84 169/276/84 196/326/79 190/327/79 
f 201/328/83 23/329/83 21/319/83 195/320/83 
f 200/325/83 201/328/83 195/320/83 193/315/83 
s 23
f 196/321/85 202/330/86 203/331/87 197/322/88 
f 204/332/89 205/333/90 203/331/87 202/330/86 
f 203/331/87 206/334/91 198/323/92 197/322/88 
f 205/333/90 207/335/93 206/334/91 203/331/87 
f 208/336/94 200/325/95 199/324/96 209/337/97 
f 210/338/98 211/339/99 212/340/100 209/337/97 
f 209/337/97 199/324/96 198/323/92 206/334/91 
f 210/338/98 209/337/97 206/334/91 207/335/93 
f 169/281/101 171/280/102 202/341/86 196/342/85 
f 171/284/102 173/283/103 204/343/89 202/344/86 
f 213/345/104 25/346/105 23/329/106 201/328/107 
f 27/347/108 25/346/105 214/348/109 215/349/110 
f 208/336/94 213/345/104 201/328/107 200/325/95 
f 211/339/99 215/349/110 214/348/109 212/340/100 
f 25/346/105 213/345/104 214/348/109 
f 209/337/97 212/340/100 208/336/94 
s 24
f 216/350/111 217/351/112 205/352/112 204/353/111 
f 217/351/112 218/354/113 207/355/113 205/352/112 
f 219/356/114 220/357/115 211/358/115 210/359/114 
f 219/356/114 210/359/114 207/355/113 218/354/113 
f 204/360/111 173/288/116 175/287/116 216/361/111 
f 221/362/115 29/363/115 27/364/115 215/365/115 
f 220/357/115 221/362/115 215/365/115 211/358/115 
s 25
f 222/366/117 223/367/118 217/351/118 216/350/117 
f 217/351/118 223/367/118 224/368/119 218/354/119 
f 225/369/120 220/357/120 219/356/121 226/370/121 
f 224/368/119 226/370/121 219/356/121 218/354/119 
f 216/371/117 175/292/122 177/291/122 222/372/117 
f 31/373/120 29/363/120 221/362/120 227/374/120 
f 227/374/120 221/362/120 220/357/120 225/369/120 
s 26
f 178/298/123 181/301/124 223/367/124 222/366/123 
f 223/367/124 181/301/124 183/303/125 224/368/125 
f 185/305/126 225/369/126 226/370/127 186/306/127 
f 183/303/125 186/306/127 226/370/127 224/368/125 
f 17/309/126 31/373/126 227/374/126 188/310/126 
f 188/310/126 227/374/126 225/369/126 185/305/126 
s 27
f 48/56/128 3/3/128 2/2/128 45/53/128 
s 28
f 45/60/129 2/7/129 6/6/129 49/57/129 
s 29
f 49/64/130 6/10/130 8/9/130 51/61/130 
s 30
f 51/68/131 8/13/131 10/12/131 53/65/131 
s 31
f 53/72/132 10/16/132 12/15/132 55/69/132 
s 32
f 55/76/133 12/19/133 14/18/133 57/73/133 
s 33
f 57/80/134 14/22/134 16/21/134 59/77/134 
s 34
f 59/84/135 16/24/135 3/23/135 48/81/135 
s 35
f 19/27/136 228/375/136 229/376/136 20/28/136 
f 230/377/136 231/378/136 232/379/136 233/380/136 
f 234/381/136 61/85/136 64/88/136 235/382/136 
s 36
f 22/30/137 236/383/137 228/384/137 19/27/137 
f 237/385/137 238/386/137 231/387/137 230/388/137 
f 239/389/137 65/90/137 61/89/137 234/390/137 
s 37
f 24/32/138 240/391/138 236/392/138 22/30/138 
f 241/393/138 242/394/138 238/395/138 237/396/138 
f 243/397/138 67/93/138 65/96/138 239/398/138 
s 38
f 26/34/139 244/399/139 240/400/139 24/32/139 
f 245/401/139 246/402/139 242/403/139 241/404/139 
f 247/405/139 69/97/139 67/100/139 243/406/139 
s 39
f 28/36/140 248/407/140 244/408/140 26/34/140 
f 249/409/140 250/410/140 246/411/140 245/412/140 
f 251/413/140 71/102/140 69/101/140 247/414/140 
s 40
f 30/38/141 252/415/141 248/416/141 28/36/141 
f 253/417/141 254/418/141 250/419/141 249/420/141 
f 255/421/141 73/105/141 71/108/141 251/422/141 
s 41
f 32/40/142 256/423/142 252/424/142 30/38/142 
f 257/425/142 258/426/142 254/427/142 253/428/142 
f 259/429/142 75/109/142 73/112/142 255/430/142 
s 42
f 20/28/143 229/431/143 256/432/143 32/40/143 
f 233/433/143 232/434/143 258/435/143 257/436/143 
f 235/437/143 64/113/143 75/116/143 259/438/143 
s 43
f 229/376/144 228/375/145 230/377/145 233/380/144 
f 236/383/146 237/385/146 230/388/145 228/384/145 
f 240/391/147 241/393/147 237/396/146 236/392/146 
f 244/399/148 245/401/148 241/404/147 240/400/147 
f 248/407/149 249/409/149 245/412/148 244/408/148 
f 252/415/150 253/417/150 249/420/149 248/416/149 
f 256/423/151 257/425/151 253/428/150 252/424/150 
f 256/432/151 229/431/144 233/433/144 257/436/151 
s 44
f 231/378/152 260/439/153 261/440/154 232/379/155 
f 231/387/152 238/386/156 262/441/157 260/442/153 
f 238/395/156 242/394/158 263/443/159 262/444/157 
f 242/403/158 246/402/160 264/445/161 263/446/159 
f 246/411/160 250/410/162 265/447/163 264/448/161 
f 254/418/164 266/449/165 265/450/163 250/419/162 
f 258/426/166 267/451/167 266/452/165 254/427/164 
f 232/434/155 261/453/154 267/454/167 258/435/166 
f 260/439/153 268/455/168 269/456/169 261/440/154 
f 260/442/153 262/441/157 270/457/170 268/458/168 
f 262/444/157 263/443/159 271/459/171 270/460/170 
f 264/445/161 272/461/172 271/462/171 263/446/159 
f 264/448/161 265/447/163 273/463/173 272/464/172 
f 266/449/165 274/465/174 273/466/173 265/450/163 
f 266/452/165 267/451/167 275/467/175 274/468/174 
f 261/453/154 269/469/169 275/470/175 267/454/167 
f 276/471/176 277/472/177 278/473/178 279/474/179 
f 280/475/180 281/476/181 277/477/177 276/478/176 
f 282/479/182 283/480/183 281/481/181 280/482/180 
f 282/483/182 284/484/184 285/485/185 283/486/183 
f 284/487/184 286/488/186 287/489/187 285/490/185 
f 286/491/186 288/492/188 289/493/189 287/494/187 
f 288/495/188 290/496/190 291/497/191 289/498/189 
f 279/499/179 278/500/178 291/501/191 290/502/190 
f 279/474/179 269/456/169 268/455/168 276/471/176 
f 276/478/176 268/458/168 270/457/170 280/475/180 
f 280/482/180 270/460/170 271/459/171 282/479/182 
f 271/462/171 272/461/172 284/484/184 282/483/182 
f 272/464/172 273/463/173 286/488/186 284/487/184 
f 273/466/173 274/465/174 288/492/188 286/491/186 
f 274/468/174 275/467/175 290/496/190 288/495/188 
f 290/502/190 275/470/175 269/469/169 279/499/179 
s 45
f 178/503/192 165/269/192 164/268/192 179/504/192 
s 46
f 222/505/193 177/296/193 165/295/193 178/506/193 
s 47
f 235/382/194 278/473/194 277/472/194 234/381/194 
s 48
f 234/390/195 277/477/195 281/476/195 239/389/195 
s 49
f 239/398/196 281/481/196 283/480/196 243/397/196 
s 50
f 283/486/197 285/485/197 247/405/197 243/406/197 
s 51
f 285/490/198 287/489/198 251/413/198 247/414/198 
s 52
f 287/494/199 289/493/199 255/421/199 251/422/199 
s 53
f 289/498/200 291/497/200 259/429/200 255/430/200 
s 54
f 259/438/201 291/501/201 278/500/201 235/437/201 
s 55
f 292/507/202 293/508/202 294/509/203 295/510/203 
f 294/509/203 78/118/204 77/117/204 295/510/203 
s 56
f 293/511/205 296/512/205 297/513/206 294/514/206 
f 297/513/206 80/120/207 78/118/207 294/514/206 
s 57
f 296/515/208 298/516/208 299/517/209 297/518/209 
f 299/517/209 81/121/210 80/120/210 297/518/209 
s 58
f 298/519/211 300/520/211 301/521/212 299/522/212 
f 301/521/212 82/122/213 81/121/213 299/522/212 
s 59
f 300/523/214 302/524/214 303/525/215 301/526/215 
f 303/525/215 83/123/216 82/122/216 301/526/215 
s 60
f 302/527/217 304/528/217 305/529/218 303/530/218 
f 305/529/218 84/124/219 83/123/219 303/530/218 
s 61
f 304/531/220 306/532/220 307/533/221 305/534/221 
f 307/533/221 85/125/222 84/124/222 305/534/221 
s 62
f 306/535/223 292/536/223 295/537/224 307/538/224 
f 295/537/224 77/117/225 85/125/225 307/538/224 
s 63
f 308/539/226 309/540/226 293/508/226 292/507/226 
s 64
f 293/511/227 309/541/227 310/542/227 296/512/227 
s 65
f 296/515/228 310/543/228 311/544/228 298/516/228 
s 66
f 311/545/229 312/546/229 300/520/229 298/519/229 
s 67
f 312/547/230 313/548/230 302/524/230 300/523/230 
s 68
f 302/527/231 313/549/231 314/550/231 304/528/231 
s 69
f 304/531/232 314/551/232 315/552/232 306/532/232 
s 70
f 315/553/233 308/554/233 292/536/233 306/535/233 
s 71
f 316/555/234 317/556/235 318/557/236 319/558/237 
f 320/559/238 321/560/239 322/561/240 323/562/241 
f 322/563/240 317/564/235 316/565/234 323/566/241 
f 324/567/242 325/568/243 326/569/244 327/570/245 
f 325/568/243 328/571/246 329/572/247 326/573/244 
f 328/571/246 330/574/248 331/575/249 329/576/247 
f 330/574/248 332/577/250 333/578/251 331/579/249 
f 334/580/252 335/581/253 333/582/251 332/577/250 
f 336/583/254 337/584/255 335/585/253 334/580/252 
f 338/586/256 339/587/257 337/588/255 336/583/254 
f 324/567/242 327/589/245 339/590/257 338/586/256 
f 327/570/245 326/569/244 318/557/236 317/556/235 
f 321/560/239 337/588/255 339/587/257 322/561/240 
f 339/590/257 327/589/245 317/564/235 322/563/240 
f 324/567/242 338/586/256 340/591/258 
f 338/586/256 336/583/254 340/591/258 
f 336/583/254 334/580/252 340/591/258 
f 334/580/252 332/577/250 340/591/258 
f 332/577/250 330/574/248 340/591/258 
f 330/574/248 328/571/246 340/591/258 
f 328/571/246 325/568/243 340/591/258 
f 325/568/243 324/567/242 340/591/258 
s 72
f 318/592/259 341/593/259 342/594/260 319/595/260 
f 326/573/261 329/572/261 341/593/259 318/592/259 
s 73
f 342/596/262 341/597/263 343/598/263 344/599/262 
f 329/576/264 331/575/264 343/598/263 341/597/263 
s 74
f 344/600/265 343/601/266 345/602/266 346/603/265 
f 343/601/266 331/579/267 333/578/267 345/602/266 
s 75
f 346/604/268 345/605/269 347/606/269 348/607/268 
f 345/605/269 333/582/270 335/581/270 347/606/269 
s 76
f 348/608/271 347/609/272 321/610/272 320/611/271 
f 335/585/273 337/584/273 321/610/272 347/609/272 
s 77
f 349/612/274 350/613/275 351/614/276 352/615/277 
f 353/616/278 354/617/279 351/618/276 350/619/275 
f 355/620/280 356/621/281 354/622/279 353/623/278 
f 355/624/280 357/625/282 358/626/283 356/627/281 
f 357/628/282 359/629/284 360/630/285 358/631/283 
f 359/632/284 361/633/286 362/634/287 360/635/285 
f 361/636/286 363/637/288 364/638/289 362/639/287 
f 349/640/274 352/641/277 364/642/289 363/643/288 
f 365/644/290 352/615/277 351/614/276 366/645/291 
f 366/646/291 351/618/276 354/617/279 367/647/292 
f 367/648/292 354/622/279 356/621/281 368/649/293 
f 368/650/293 356/627/281 358/626/283 369/651/294 
f 369/652/294 358/631/283 360/630/285 370/653/295 
f 370/654/295 360/635/285 362/634/287 371/655/296 
f 371/656/296 362/639/287 364/638/289 372/657/297 
f 372/658/297 364/642/289 352/641/277 365/659/290 
s 78
f 373/660/298 374/661/298 375/662/298 376/663/298 
f 375/662/298 377/664/298 376/663/298 
f 378/665/298 373/660/298 376/663/298 379/666/298 
f 380/667/298 373/660/298 378/665/298 
s 79
f 350/613/299 349/612/300 316/555/300 319/558/299 
f 349/640/300 363/643/301 323/566/301 316/565/300 
s 80
f 353/616/302 350/619/302 319/595/302 342/594/302 
s 81
f 355/620/303 353/623/303 342/596/303 344/599/303 
s 82
f 346/603/304 357/625/304 355/624/305 344/600/305 
f 359/629/306 357/628/304 346/604/304 348/607/306 
s 83
f 320/611/307 361/633/307 359/632/307 348/608/307 
s 84
f 363/637/308 361/636/308 320/559/308 323/562/308 
s 85
f 381/668/309 382/669/310 383/670/310 384/671/309 
f 385/672/311 386/673/311 383/674/310 382/675/310 
f 387/676/312 388/677/312 386/678/311 385/679/311 
f 387/680/312 389/681/313 390/682/313 388/683/312 
f 391/684/314 392/685/314 390/686/313 389/687/313 
f 391/688/314 393/689/315 394/690/315 392/691/314 
f 393/692/315 395/693/316 396/694/316 394/695/315 
f 381/696/309 384/697/309 396/698/316 395/699/316 
s 86
f 365/644/317 366/645/317 397/700/318 398/701/318 
f 397/700/318 382/702/319 381/703/319 398/701/318 
s 87
f 366/646/320 367/647/320 399/704/321 397/705/321 
f 399/704/321 385/706/322 382/707/322 397/705/321 
s 88
f 368/649/323 400/708/324 399/709/324 367/648/323 
f 400/708/324 387/710/325 385/711/325 399/709/324 
s 89
f 369/651/326 401/712/327 400/713/327 368/650/326 
f 389/714/328 387/715/328 400/713/327 401/712/327 
s 90
f 370/653/329 402/716/330 401/717/330 369/652/329 
f 391/718/331 389/719/331 401/717/330 402/716/330 
s 91
f 371/655/332 403/720/333 402/721/333 370/654/332 
f 393/722/334 391/723/334 402/721/333 403/720/333 
s 92
f 372/657/335 404/724/336 403/725/336 371/656/335 
f 404/724/336 395/726/337 393/727/337 403/725/336 
s 93
f 372/658/338 365/659/338 398/728/339 404/729/339 
f 398/728/339 381/730/340 395/731/340 404/729/339 
s 94
f 380/667/341 405/732/342 406/733/342 373/660/341 
f 384/671/343 383/670/343 406/733/342 405/732/342 
s 95
f 378/665/344 407/734/345 405/735/345 380/667/344 
f 396/698/346 384/697/346 405/735/345 407/734/345 
s 96
f 378/665/347 379/666/347 408/736/348 407/737/348 
f 394/695/349 396/694/349 407/737/348 408/736/348 
s 97
f 379/666/350 376/663/350 409/738/351 408/739/351 
f 409/738/351 392/691/352 394/690/352 408/739/351 
s 98
f 376/663/353 377/664/353 410/740/354 409/741/354 
f 410/740/354 390/686/355 392/685/355 409/741/354 
s 99
f 377/664/356 375/662/356 411/742/357 410/743/357 
f 411/742/357 388/683/358 390/682/358 410/743/357 
s 100
f 374/661/359 412/744/360 411/745/360 375/662/359 
f 386/678/361 388/677/361 411/745/360 412/744/360 
s 101
f 373/660/362 406/746/363 412/747/363 374/661/362 
f 383/674/364 386/673/364 412/747/363 406/746/363 
s 102
f 413/748/365 414/749/365 415/750/365 416/751/365 
f 417/752/365 418/753/365 419/754/365 420/755/365 
s 103
f 421/756/366 422/757/366 414/749/366 413/748/366 
f 423/758/366 424/759/366 418/753/366 417/752/366 
s 104
f 425/760/367 426/761/367 422/757/367 421/756/367 
f 427/762/367 428/763/367 424/759/367 423/758/367 
s 105
f 429/764/368 430/765/368 426/761/368 425/760/368 
f 431/766/368 432/767/368 428/763/368 427/762/368 
s 106
f 433/768/369 434/769/369 430/765/369 429/764/369 
f 435/770/369 436/771/369 432/767/369 431/766/369 
s 107
f 437/772/370 438/773/370 434/769/370 433/768/370 
f 439/774/370 440/775/370 436/771/370 435/770/370 
s 108
f 441/776/371 442/777/371 438/773/371 437/772/371 
f 443/778/371 444/779/371 440/775/371 439/774/371 
s 109
f 416/751/372 415/750/372 442/777/372 441/776/372 
f 420/755/372 419/754/372 444/779/372 443/778/372 
s 110
f 437/772/373 433/768/373 429/764/373 416/751/373 
f 421/756/373 416/751/373 429/764/373 425/760/373 
f 421/756/373 413/748/373 416/751/373 
f 441/776/373 437/772/373 416/751/373 
s 111
f 436/771/374 440/775/374 444/779/374 428/763/374 
f 418/753/374 428/763/374 444/779/374 419/754/374 
f 418/753/374 424/759/374 428/763/374 
f 432/767/374 436/771/374 428/763/374 
f 414/749/374 435/770/374 431/766/374 415/750/374 
f 422/757/374 439/774/374 435/770/374 414/749/374 
f 426/761/374 443/778/374 439/774/374 422/757/374 
f 430/765/374 420/755/374 443/778/374 426/761/374 
f 434/769/374 417/752/374 420/755/374 430/765/374 
f 438/773/374 423/758/374 417/752/374 434/769/374 
f 442/777/374 427/762/374 423/758/374 438/773/374 
f 415/750/374 431/766/374 427/762/374 442/777/374 
s 112
f 208/780/375 445/781/375 446/782/375 213/783/375 
s 113
f 213/784/376 446/782/376 447/785/376 214/786/376 
s 114
f 208/787/377 212/788/377 448/789/377 445/781/377 
s 115
f 212/790/378 214/791/378 447/785/378 448/789/378 
s 116
f 448/789/379 447/785/379 446/782/379 445/781/379 
s 117
f 449/792/380 450/793/380 451/794/380 452/795/380 
f 453/796/380 454/797/380 455/798/380 456/799/380 
f 457/800/380 458/801/380 454/797/380 453/796/380 
s 118
f 451/794/381 459/802/381 460/803/381 452/795/381 
s 119
f 451/794/382 450/793/382 461/804/382 459/805/382 
s 120
f 449/792/10 462/806/10 461/807/10 450/793/10 
s 121
f 452/795/383 460/808/383 462/809/384 449/792/383 
s 122
f 459/810/385 86/126/385 89/129/385 460/811/385 
s 123
f 461/812/386 36/813/386 86/814/386 459/815/386 
s 124
f 462/816/387 33/41/387 36/44/387 461/817/387 
f 460/818/387 89/819/387 33/820/387 462/821/387 
s 125
f 36/813/384 35/43/384 87/127/384 86/814/384 
s 126
f 33/820/388 89/819/388 88/128/388 34/42/388 
s 127
f 34/42/389 88/128/389 87/127/389 35/43/389 
s 128
f 463/822/390 464/823/390 465/824/390 466/825/390 
f 464/823/390 467/826/390 468/827/390 465/824/390 
s 129
f 455/798/391 469/828/392 470/829/392 456/799/391 
f 463/830/393 466/831/393 470/829/392 469/828/392 
s 130
f 455/798/394 454/797/395 471/832/395 469/833/394 
f 454/797/395 458/801/396 472/834/396 471/832/395 
s 131
f 457/800/397 473/835/398 472/836/398 458/801/397 
f 468/837/399 467/838/399 472/839/398 473/840/398 
s 132
f 453/796/400 474/841/400 473/842/401 457/800/401 
f 456/799/402 470/843/402 474/841/400 453/796/400 
s 133
f 475/844/403 476/845/403 477/846/404 478/847/404 
f 479/848/405 480/849/405 478/847/404 477/850/404 
s 134
f 481/851/406 482/852/406 483/853/407 484/854/407 
f 485/855/408 486/856/408 484/854/407 483/857/407 
s 135
f 464/823/409 487/858/409 488/859/409 467/826/409 
f 463/822/409 489/860/409 487/858/409 464/823/409 
s 136
f 463/861/410 469/862/410 490/863/410 489/864/410 
s 137
f 471/865/411 491/866/411 490/863/411 469/862/411 
f 472/839/411 492/867/411 491/866/411 471/865/411 
s 138
f 467/838/412 488/868/412 492/867/412 472/839/412 
s 139
f 465/824/413 493/869/413 494/870/413 466/825/413 
f 468/827/413 495/871/413 493/869/413 465/824/413 
s 140
f 468/837/414 473/840/414 496/872/414 495/873/414 
s 141
f 474/874/415 497/875/415 496/872/415 473/840/415 
f 470/876/415 498/877/415 497/875/415 474/874/415 
s 142
f 466/878/416 494/879/416 498/877/416 470/876/416 
s 143
f 487/858/417 499/880/417 500/881/417 488/859/417 
f 489/860/417 501/882/417 499/880/417 487/858/417 
s 144
f 490/863/418 502/883/418 501/884/418 489/885/418 
s 145
f 491/866/419 503/886/419 502/883/419 490/863/419 
f 492/867/419 504/887/419 503/886/419 491/866/419 
s 146
f 492/867/420 488/888/420 500/889/420 504/887/420 
s 147
f 493/869/419 505/890/419 506/891/419 494/870/419 
f 495/871/419 507/892/419 505/890/419 493/869/419 
s 148
f 496/872/420 508/893/420 507/894/420 495/895/420 
s 149
f 497/875/417 509/896/417 508/893/417 496/872/417 
f 498/877/417 510/897/417 509/896/417 497/875/417 
s 150
f 498/877/418 494/898/418 506/899/418 510/897/418 
s 151
f 511/900/421 512/901/421 513/902/421 514/903/421 
s 152
f 515/904/422 516/905/422 517/906/422 518/907/422 
s 153
f 516/905/423 519/908/423 520/909/423 517/906/423 
s 154
f 511/910/424 514/911/424 521/912/424 522/913/424 
s 155
f 523/914/425 524/915/425 525/916/425 526/917/425 
s 156
f 527/918/426 528/919/426 529/920/426 530/921/426 
s 157
f 528/919/427 531/922/427 532/923/427 529/920/427 
s 158
f 523/924/428 526/925/428 533/926/428 534/927/428 
s 159
f 501/882/429 515/928/429 512/901/429 499/880/429 
f 510/897/429 534/927/429 531/922/429 509/896/429 
s 160
f 502/883/430 516/905/430 515/929/430 501/930/430 
s 161
f 504/887/431 522/913/431 519/908/431 503/886/431 
f 507/892/431 527/931/431 524/915/431 505/890/431 
s 162
f 511/932/432 522/913/432 504/887/432 500/933/432 
s 163
f 508/893/433 528/919/433 527/918/433 507/934/433 
s 164
f 523/924/434 534/927/434 510/897/434 506/899/434 
s 165
f 479/935/435 477/936/435 513/902/435 518/937/435 
s 166
f 517/906/436 480/849/436 479/938/436 518/939/436 
s 167
f 475/844/437 478/847/437 520/909/437 521/912/437 
s 168
f 476/940/438 475/844/438 521/912/438 514/941/438 
s 169
f 485/942/439 483/943/439 525/916/439 530/944/439 
s 170
f 529/920/440 486/856/440 485/945/440 530/946/440 
s 171
f 481/851/441 484/854/441 532/923/441 533/926/441 
s 172
f 482/947/442 481/851/442 533/926/442 526/948/442 
s 173
f 515/928/443 518/937/443 513/902/443 512/901/443 
s 174
f 522/913/444 521/912/444 520/909/444 519/908/444 
s 175
f 527/931/445 530/944/445 525/916/445 524/915/445 
s 176
f 534/927/446 533/926/446 532/923/446 531/922/446 
s 177
f 476/949/447 514/903/447 513/902/447 477/936/447 
s 178
f 480/849/448 517/906/448 520/909/448 478/847/448 
s 179
f 482/950/449 526/917/449 525/916/449 483/943/449 
s 180
f 486/856/450 529/920/450 532/923/450 484/854/450 
s 181
f 519/908/451 516/905/451 502/883/451 503/886/451 
f 524/915/451 523/914/451 506/891/451 505/890/451 
s 182
f 531/922/452 528/919/452 508/893/452 509/896/452 
f 512/901/452 511/900/452 500/881/452 499/880/452 
s 183
f 535/951/453 536/952/453 537/953/453 538/954/453 
s 184
f 539/955/454 540/956/454 537/957/454 536/958/454 
s 185
f 541/959/455 542/960/455 540/961/455 539/962/455 
s 186
f 543/963/456 544/964/456 542/965/456 541/966/456 
s 187
f 545/967/457 546/968/457 544/969/457 543/970/457 
s 188
f 545/971/458 547/972/458 548/973/458 546/974/458 
s 189
f 547/975/459 549/976/459 550/977/459 548/978/459 
s 190
f 549/979/460 535/980/460 538/981/460 550/982/460 
s 191
f 551/983/461 552/984/461 553/985/461 554/986/461 
s 192
f 555/987/462 556/988/462 552/989/462 551/990/462 
s 193
f 557/991/463 558/992/463 556/993/463 555/994/463 
s 194
f 557/995/464 559/996/464 560/997/464 558/998/464 
s 195
f 559/999/465 561/1000/465 562/1001/465 560/1002/465 
s 196
f 561/1003/466 563/1004/466 564/1005/466 562/1006/466 
s 197
f 563/1007/467 565/1008/467 566/1009/467 564/1010/467 
s 198
f 554/1011/468 553/1012/468 566/1013/468 565/1014/468 
s 199
f 567/1015/469 568/1016/469 551/983/469 554/986/469 
s 200
f 568/1017/470 569/1018/470 555/987/470 551/990/470 
s 201
f 569/1019/471 570/1020/471 557/991/471 555/994/471 
s 202
f 570/1021/472 571/1022/472 559/996/472 557/995/472 
s 203
f 559/999/473 571/1023/473 572/1024/473 561/1000/473 
s 204
f 561/1003/474 572/1025/474 573/1026/474 563/1004/474 
s 205
f 563/1007/475 573/1027/475 574/1028/475 565/1008/475 
s 206
f 565/1014/476 574/1029/476 567/1030/476 554/1011/476 
s 207
f 552/984/477 575/1031/477 576/1032/477 553/985/477 
s 208
f 556/988/478 577/1033/478 575/1034/478 552/989/478 
s 209
f 558/992/479 578/1035/479 577/1036/479 556/993/479 
s 210
f 560/997/480 579/1037/480 578/1038/480 558/998/480 
s 211
f 562/1001/481 580/1039/481 579/1040/481 560/1002/481 
s 212
f 564/1005/482 581/1041/482 580/1042/482 562/1006/482 
s 213
f 566/1009/483 582/1043/483 581/1044/483 564/1010/483 
s 214
f 553/1012/484 576/1045/484 582/1046/484 566/1013/484 
s 215
f 583/1047/485 584/1048/485 585/1049/485 586/1050/485 
f 97/137/485 124/186/485 122/189/485 90/130/485 
f 109/1051/485 116/172/485 115/171/485 107/1052/485 
s 216
f 587/1053/486 588/1054/486 584/1055/486 583/1056/486 
f 90/130/486 122/182/486 120/185/486 91/131/486 
s 217
f 589/1057/487 590/1058/487 588/1059/487 587/1060/487 
f 91/131/487 120/178/487 118/181/487 92/132/487 
s 218
f 591/1061/488 592/1062/488 590/1063/488 589/1064/488 
f 92/132/488 118/174/488 114/177/488 95/135/488 
f 100/1065/488 125/192/488 127/191/488 113/1066/488 
s 219
f 593/1067/489 594/1068/489 592/1069/489 591/1070/489 
f 95/135/489 114/170/489 117/173/489 94/134/489 
f 99/1071/489 123/188/489 125/187/489 100/1072/489 
s 220
f 595/1073/490 596/1074/490 594/1075/490 593/1076/490 
f 103/1077/490 121/184/490 123/183/490 99/1078/490 
s 221
f 597/1079/491 598/1080/491 596/1081/491 595/1082/491 
f 105/1083/491 119/180/491 121/179/491 103/1084/491 
s 222
f 586/1085/492 585/1086/492 598/1087/492 597/1088/492 
f 93/133/492 126/190/492 124/193/492 97/137/492 
f 107/1089/492 115/176/492 119/175/492 105/1090/492 
s 223
f 535/951/493 599/1091/493 600/1092/493 536/952/493 
s 224
f 549/979/494 601/1093/494 599/1094/494 535/980/494 
s 225
f 547/975/495 602/1095/495 601/1096/495 549/976/495 
s 226
f 547/972/496 545/971/496 603/1097/496 602/1098/496 
s 227
f 545/967/497 543/970/497 604/1099/497 603/1100/497 
s 228
f 543/963/498 541/966/498 605/1101/498 604/1102/498 
s 229
f 541/959/499 539/962/499 606/1103/499 605/1104/499 
s 230
f 536/958/500 600/1105/500 606/1106/500 539/955/500 
s 231
f 584/1048/501 607/1107/501 608/1108/501 585/1049/501 
s 232
f 588/1054/502 609/1109/502 607/1110/502 584/1055/502 
s 233
f 590/1058/503 610/1111/503 609/1112/503 588/1059/503 
s 234
f 592/1062/504 611/1113/504 610/1114/504 590/1063/504 
s 235
f 594/1068/505 612/1115/505 611/1116/505 592/1069/505 
s 236
f 596/1074/506 613/1117/506 612/1118/506 594/1075/506 
s 237
f 598/1080/507 614/1119/507 613/1120/507 596/1081/507 
s 238
f 585/1086/508 608/1121/508 614/1122/508 598/1087/508 
s 239
f 615/1123/509 616/1124/509 617/1125/509 618/1126/509 
s 240
f 619/1127/510 620/1128/510 616/1129/510 615/1130/510 
s 241
f 621/1131/511 622/1132/511 620/1133/511 619/1134/511 
s 242
f 623/1135/512 624/1136/512 622/1137/512 621/1138/512 
s 243
f 625/1139/513 626/1140/513 624/1141/513 623/1142/513 
s 244
f 627/1143/514 628/1144/514 626/1145/514 625/1146/514 
s 245
f 629/1147/515 630/1148/515 628/1149/515 627/1150/515 
s 246
f 618/1151/516 617/1152/516 630/1153/516 629/1154/516 
s 247
f 617/1125/517 616/1124/517 98/138/517 101/141/517 
s 248
f 616/1129/518 620/1128/518 102/142/518 98/145/518 
s 249
f 620/1133/519 622/1132/519 104/146/519 102/149/519 
s 250
f 622/1137/520 624/1136/520 106/150/520 104/153/520 
s 251
f 624/1141/521 626/1140/521 108/154/521 106/157/521 
s 252
f 626/1145/522 628/1144/522 110/158/522 108/161/522 
s 253
f 628/1149/523 630/1148/523 112/162/523 110/165/523 
s 254
f 630/1153/524 617/1152/524 101/166/524 112/169/524 
s 255
f 94/134/490 117/198/490 128/201/490 96/136/490 
s 256
f 96/136/525 128/194/525 126/197/525 93/133/525 
s 257
f 111/1155/486 129/200/486 116/199/486 109/1156/486 
s 258
f 113/1157/487 127/196/487 129/195/487 111/1158/487 
s 259
f 537/953/526 568/1016/526 567/1015/526 538/954/526 
s 260
f 540/956/527 569/1018/527 568/1017/527 537/957/527 
s 261
f 542/960/528 570/1020/528 569/1019/528 540/961/528 
s 262
f 544/964/529 571/1022/529 570/1021/529 542/965/529 
s 263
f 572/1024/530 571/1023/530 544/969/530 546/968/530 
s 264
f 573/1026/531 572/1025/531 546/974/531 548/973/531 
s 265
f 574/1028/532 573/1027/532 548/978/532 550/977/532 
s 266
f 567/1030/533 574/1029/533 550/982/533 538/981/533 
s 267
f 43/51/534 600/1092/534 599/1091/534 40/48/534 
s 268
f 40/48/535 599/1094/535 601/1093/535 44/52/535 
s 269
f 44/52/536 601/1096/536 602/1095/536 37/45/536 
s 270
f 602/1098/537 603/1097/537 38/46/537 37/45/537 
s 271
f 603/1100/538 604/1099/538 39/47/538 38/46/538 
s 272
f 604/1102/539 605/1101/539 42/50/539 39/47/539 
s 273
f 605/1104/540 606/1103/540 41/49/540 42/50/540 
s 274
f 606/1106/541 600/1105/541 43/51/541 41/49/541 
s 275
f 608/1108/542 607/1107/542 615/1123/542 618/1126/542 
s 276
f 607/1110/543 609/1109/543 619/1127/543 615/1130/543 
s 277
f 609/1112/544 610/1111/544 621/1131/544 619/1134/544 
s 278
f 610/1114/545 611/1113/545 623/1135/545 621/1138/545 
s 279
f 611/1116/546 612/1115/546 625/1139/546 623/1142/546 
s 280
f 612/1118/547 613/1117/547 627/1143/547 625/1146/547 
s 281
f 613/1120/548 614/1119/548 629/1147/548 627/1150/548 
s 282
f 614/1122/549 608/1121/549 618/1151/549 629/1154/549 
s 283
f 576/1032/550 575/1031/550 583/1047/550 586/1050/550 
s 284
f 575/1034/551 577/1033/551 587/1053/551 583/1056/551 
s 285
f 577/1036/552 578/1035/552 589/1057/552 587/1060/552 
s 286
f 578/1038/553 579/1037/553 591/1061/553 589/1064/553 
s 287
f 579/1040/554 580/1039/554 593/1067/554 591/1070/554 
s 288
f 580/1042/555 581/1041/555 595/1073/555 593/1076/555 
s 289
f 581/1044/556 582/1043/556 597/1079/556 595/1082/556 
s 290
f 582/1046/557 576/1045/557 586/1085/557 597/1088/557 
s 291
f 631/1159/558 632/1160/559 633/1161/559 634/1162/558 
f 635/1163/560 636/1164/560 633/1161/559 632/1160/559 
f 635/1163/560 637/1165/561 638/1166/561 636/1164/560 
f 639/1167/562 640/1168/562 638/1166/561 637/1165/561 
f 641/1169/563 642/1170/563 640/1168/562 639/1167/562 
f 641/1169/563 643/1171/564 644/1172/564 642/1170/563 
f 645/1173/565 646/1174/565 644/1172/564 643/1171/564 
f 645/1173/565 647/1175/566 648/1176/566 646/1174/565 
f 647/1175/566 649/1177/567 650/1178/567 648/1176/566 
f 651/1179/568 652/1180/568 650/1178/567 649/1177/567 
f 651/1179/568 653/1181/569 654/1182/569 652/1180/568 
f 655/1183/570 656/1184/570 654/1182/569 653/1181/569 
f 657/1185/571 658/1186/571 656/1184/570 655/1183/570 
f 657/1185/571 659/1187/572 660/1188/572 658/1186/571 
f 661/1189/573 662/1190/573 660/1188/572 659/1187/572 
f 663/1191/574 664/1192/574 662/1190/573 661/1189/573 
f 663/1191/574 665/1193/575 666/1194/575 664/1192/574 
f 667/1195/576 668/1196/576 666/1194/575 665/1193/575 
f 667/1195/576 669/1197/577 670/1198/577 668/1196/576 
f 669/1197/577 671/1199/578 672/1200/578 670/1198/577 
f 673/1201/579 674/1202/579 672/1200/578 671/1199/578 
f 673/1201/579 675/1203/580 676/1204/580 674/1202/579 
f 677/1205/581 678/1206/581 676/1204/580 675/1203/580 
f 679/1207/582 680/1208/582 678/1206/581 677/1205/581 
f 679/1207/582 681/1209/583 682/1210/583 680/1208/582 
f 683/1211/584 684/1212/584 682/1210/583 681/1209/583 
f 685/1213/585 686/1214/585 684/1212/584 683/1211/584 
f 685/1213/585 687/1215/586 688/1216/586 686/1214/585 
f 689/1217/587 690/1218/587 688/1216/586 687/1215/586 
f 691/1219/588 692/1220/588 690/1218/587 689/1217/587 
f 691/1219/588 693/1221/589 694/1222/589 692/1220/588 
f 695/1223/590 696/1224/590 694/1222/589 693/1221/589 
f 697/1225/591 698/1226/591 696/1224/590 695/1223/590 
f 697/1225/591 699/1227/592 700/1228/592 698/1226/591 
f 701/1229/593 702/1230/593 700/1228/592 699/1227/592 
f 703/1231/594 704/1232/594 702/1230/593 701/1229/593 
f 703/1231/594 705/1233/595 706/1234/595 704/1232/594 
f 707/1235/596 708/1236/596 706/1234/595 705/1233/595 
f 709/1237/597 710/1238/597 708/1236/596 707/1235/596 
f 709/1237/597 711/1239/598 712/1240/598 710/1238/597 
f 713/1241/599 714/1242/599 712/1240/598 711/1239/598 
f 715/1243/600 716/1244/600 714/1242/599 713/1241/599 
f 715/1243/600 717/1245/601 718/1246/601 716/1244/600 
f 719/1247/602 720/1248/602 718/1246/601 717/1245/601 
f 721/1249/603 722/1250/603 720/1248/602 719/1247/602 
f 721/1249/603 723/1251/604 724/1252/604 722/1250/603 
f 723/1251/604 725/1253/605 726/1254/605 724/1252/604 
f 727/1255/606 728/1256/606 726/1254/605 725/1253/605 
f 727/1255/606 729/1257/607 730/1258/607 728/1256/606 
f 729/1257/607 731/1259/608 732/1260/608 730/1258/607 
f 733/1261/609 734/1262/609 732/1260/608 731/1259/608 
f 735/1263/610 736/1264/610 734/1262/609 733/1261/609 
f 735/1263/610 737/1265/611 738/1266/611 736/1264/610 
f 737/1265/611 739/1267/612 740/1268/612 738/1266/611 
f 741/1269/613 742/1270/613 740/1268/612 739/1267/612 
f 743/1271/614 744/1272/614 742/1273/613 741/1274/613 
f 743/1271/614 745/1275/615 746/1276/615 744/1272/614 
f 747/1277/616 748/1278/616 746/1276/615 745/1275/615 
f 749/1279/617 750/1280/617 748/1278/616 747/1277/616 
f 749/1279/617 751/1281/618 752/1282/618 750/1280/617 
f 751/1281/618 753/1283/619 754/1284/619 752/1282/618 
f 755/1285/620 756/1286/620 754/1284/619 753/1283/619 
f 757/1287/621 758/1288/621 756/1286/620 755/1285/620 
f 759/1289/622 760/1290/622 758/1288/621 757/1287/621 
f 759/1289/622 761/1291/623 762/1292/623 760/1290/622 
f 761/1291/623 763/1293/624 764/1294/624 762/1292/623 
f 765/1295/625 766/1296/625 764/1294/624 763/1293/624 
f 767/1297/626 768/1298/626 766/1296/625 765/1295/625 
f 767/1297/626 769/1299/627 770/1300/627 768/1298/626 
f 769/1299/627 771/1301/628 772/1302/628 770/1300/627 
f 771/1301/628 773/1303/629 774/1304/629 772/1302/628 
f 775/1305/630 776/1306/630 774/1304/629 773/1303/629 
f 777/1307/631 778/1308/631 776/1306/630 775/1305/630 
f 777/1307/631 779/1309/632 780/1310/632 778/1308/631 
f 779/1309/632 781/1311/633 782/1312/633 780/1310/632 
f 781/1311/633 783/1313/634 784/1314/634 782/1312/633 
f 785/1315/635 786/1316/635 784/1314/634 783/1313/634 
f 787/1317/636 788/1318/636 786/1316/635 785/1315/635 
f 789/1319/637 790/1320/637 788/1318/636 787/1317/636 
f 789/1319/637 791/1321/638 792/1322/638 790/1320/637 
f 791/1321/638 793/1323/639 794/1324/639 792/1322/638 
f 795/1325/640 796/1326/640 794/1324/639 793/1323/639 
f 797/1327/641 798/1328/641 796/1326/640 795/1325/640 
f 799/1329/642 800/1330/642 798/1328/641 797/1327/641 
f 799/1329/642 801/1331/643 802/1332/643 800/1330/642 
f 801/1331/643 803/1333/644 804/1334/644 802/1332/643 
f 803/1333/644 805/1335/645 806/1336/645 804/1334/644 
f 807/1337/646 808/1338/646 806/1336/645 805/1335/645 
f 809/1339/647 810/1340/647 808/1338/646 807/1337/646 
f 811/1341/648 812/1342/648 810/1340/647 809/1339/647 
f 811/1341/648 813/1343/649 814/1344/649 812/1342/648 
f 813/1343/649 815/1345/650 816/1346/650 814/1344/649 
f 817/1347/651 818/1348/651 816/1346/650 815/1345/650 
f 819/1349/652 820/1350/652 818/1348/651 817/1347/651 
f 821/1351/653 822/1352/653 820/1350/652 819/1349/652 
f 821/1351/653 823/1353/654 824/1354/654 822/1352/653 
f 823/1353/654 825/1355/655 826/1356/655 824/1354/654 
f 825/1355/655 827/1357/656 828/1358/656 826/1356/655 
f 829/1359/657 830/1360/657 828/1358/656 827/1357/656 
f 831/1361/658 832/1362/658 830/1360/657 829/1359/657 
s 292
f 634/1162/659 633/1161/660 833/1363/660 834/1364/659 
f 636/1164/661 835/1365/661 833/1363/660 633/1161/660 
f 636/1164/661 638/1166/662 836/1366/662 835/1365/661 
f 638/1166/662 640/1168/663 837/1367/663 836/1366/662 
f 642/1170/664 838/1368/664 837/1367/663 640/1168/663 
f 642/1170/664 644/1172/665 839/1369/665 838/1368/664 
f 646/1174/666 840/1370/666 839/1369/665 644/1172/665 
f 648/1176/667 841/1371/667 840/1370/666 646/1174/666 
f 648/1176/667 650/1178/668 842/1372/668 841/1371/667 
f 652/1180/669 843/1373/669 842/1372/668 650/1178/668 
f 654/1182/670 844/1374/670 843/1373/669 652/1180/669 
f 654/1182/670 656/1184/671 845/1375/671 844/1374/670 
f 658/1186/672 846/1376/672 845/1375/671 656/1184/671 
f 658/1186/672 660/1188/673 847/1377/673 846/1376/672 
f 660/1188/673 662/1190/674 848/1378/674 847/1377/673 
f 664/1192/675 849/1379/675 848/1378/674 662/1190/674 
f 664/1192/675 666/1194/676 850/1380/676 849/1379/675 
f 668/1196/677 851/1381/677 850/1380/676 666/1194/676 
f 670/1198/678 852/1382/678 851/1381/677 668/1196/677 
f 670/1198/678 672/1200/679 853/1383/679 852/1382/678 
f 674/1202/680 854/1384/680 853/1383/679 672/1200/679 
f 674/1202/680 676/1204/681 855/1385/681 854/1384/680 
f 676/1204/681 678/1206/682 856/1386/682 855/1385/681 
f 680/1208/683 857/1387/683 856/1386/682 678/1206/682 
f 680/1208/683 682/1210/684 858/1388/684 857/1387/683 
f 682/1210/684 684/1212/685 859/1389/685 858/1388/684 
f 686/1214/686 860/1390/686 859/1389/685 684/1212/685 
f 686/1214/686 688/1216/687 861/1391/687 860/1390/686 
f 688/1216/687 690/1218/688 862/1392/688 861/1391/687 
f 692/1220/689 863/1393/689 862/1392/688 690/1218/688 
f 692/1220/689 694/1222/690 864/1394/690 863/1393/689 
f 696/1224/691 865/1395/691 864/1394/690 694/1222/690 
f 698/1226/692 866/1396/692 865/1395/691 696/1224/691 
f 698/1226/692 700/1228/693 867/1397/693 866/1396/692 
f 702/1230/694 868/1398/694 867/1397/693 700/1228/693 
f 704/1232/695 869/1399/695 868/1398/694 702/1230/694 
f 704/1232/695 706/1234/696 870/1400/696 869/1399/695 
f 708/1236/697 871/1401/697 870/1400/696 706/1234/696 
f 710/1238/698 872/1402/698 871/1401/697 708/1236/697 
f 710/1238/698 712/1240/699 873/1403/699 872/1402/698 
f 712/1240/699 714/1242/700 874/1404/700 873/1403/699 
f 716/1244/701 875/1405/701 874/1404/700 714/1242/700 
f 716/1244/701 718/1246/702 876/1406/702 875/1405/701 
f 718/1246/702 720/1248/703 877/1407/703 876/1406/702 
f 722/1250/704 878/1408/704 877/1407/703 720/1248/703 
f 724/1252/705 879/1409/705 878/1408/704 722/1250/704 
f 724/1252/705 726/1254/706 880/1410/706 879/1409/705 
f 728/1256/707 881/1411/707 880/1410/706 726/1254/706 
f 730/1258/708 882/1412/708 881/1411/707 728/1256/707 
f 730/1258/708 732/1260/709 883/1413/709 882/1412/708 
f 732/1260/709 734/1262/710 884/1414/710 883/1413/709 
f 736/1264/711 885/1415/711 884/1414/710 734/1262/710 
f 736/1264/711 738/1266/712 886/1416/712 885/1415/711 
f 738/1266/712 740/1268/713 887/1417/713 886/1416/712 
f 742/1270/714 888/1418/714 887/1417/713 740/1268/713 
f 744/1272/715 889/1419/715 888/1420/714 742/1273/714 
f 744/1272/715 746/1276/716 890/1421/716 889/1419/715 
f 746/1276/716 748/1278/717 891/1422/717 890/1421/716 
f 750/1280/718 892/1423/718 891/1422/717 748/1278/717 
f 752/1282/719 893/1424/719 892/1423/718 750/1280/718 
f 752/1282/719 754/1284/720 894/1425/720 893/1424/719 
f 754/1284/720 756/1286/721 895/1426/721 894/1425/720 
f 758/1288/722 896/1427/722 895/1426/721 756/1286/721 
f 760/1290/723 897/1428/723 896/1427/722 758/1288/722 
f 760/1290/723 762/1292/724 898/1429/724 897/1428/723 
f 762/1292/724 764/1294/725 899/1430/725 898/1429/724 
f 766/1296/726 900/1431/726 899/1430/725 764/1294/725 
f 768/1298/727 901/1432/727 900/1431/726 766/1296/726 
f 770/1300/728 902/1433/728 901/1432/727 768/1298/727 
f 770/1300/728 772/1302/729 903/1434/729 902/1433/728 
f 772/1302/729 774/1304/730 904/1435/730 903/1434/729 
f 776/1306/731 905/1436/731 904/1435/730 774/1304/730 
f 778/1308/732 906/1437/732 905/1436/731 776/1306/731 
f 780/1310/733 907/1438/733 906/1437/732 778/1308/732 
f 780/1310/733 782/1312/734 908/1439/734 907/1438/733 
f 782/1312/734 784/1314/735 909/1440/735 908/1439/734 
f 784/1314/735 786/1316/736 910/1441/736 909/1440/735 
f 788/1318/737 911/1442/737 910/1441/736 786/1316/736 
f 790/1320/738 912/1443/738 911/1442/737 788/1318/737 
f 790/1320/738 792/1322/739 913/1444/739 912/1443/738 
f 792/1322/739 794/1324/740 914/1445/740 913/1444/739 
f 794/1324/740 796/1326/741 915/1446/741 914/1445/740 
f 798/1328/742 916/1447/742 915/1446/741 796/1326/741 
f 800/1330/743 917/1448/743 916/1447/742 798/1328/742 
f 802/1332/744 918/1449/744 917/1448/743 800/1330/743 
f 802/1332/744 804/1334/745 919/1450/745 918/1449/744 
f 804/1334/745 806/1336/746 920/1451/746 919/1450/745 
f 806/1336/746 808/1338/747 921/1452/747 920/1451/746 
f 810/1340/748 922/1453/748 921/1452/747 808/1338/747 
f 812/1342/749 923/1454/749 922/1453/748 810/1340/748 
f 812/1342/749 814/1344/750 924/1455/750 923/1454/749 
f 814/1344/750 816/1346/751 925/1456/751 924/1455/750 
f 816/1346/751 818/1348/752 926/1457/752 925/1456/751 
f 820/1350/753 927/1458/753 926/1457/752 818/1348/752 
f 822/1352/754 928/1459/754 927/1458/753 820/1350/753 
f 824/1354/755 929/1460/755 928/1459/754 822/1352/754 
f 824/1354/755 826/1356/756 930/1461/756 929/1460/755 
f 826/1356/756 828/1358/757 931/1462/757 930/1461/756 
f 828/1358/757 830/1360/758 932/1463/758 931/1462/757 
f 832/1362/759 933/1464/759 932/1463/758 830/1360/758 
s 293
f 834/1364/760 833/1363/761 934/1465/761 935/1466/760 
f 835/1365/762 936/1467/762 934/1465/761 833/1363/761 
f 836/1366/763 937/1468/763 936/1467/762 835/1365/762 
f 836/1366/763 837/1367/764 938/1469/764 937/1468/763 
f 838/1368/765 939/1470/765 938/1469/764 837/1367/764 
f 838/1368/765 839/1369/766 940/1471/766 939/1470/765 
f 839/1369/766 840/1370/767 941/1472/767 940/1471/766 
f 841/1371/768 942/1473/768 941/1472/767 840/1370/767 
f 841/1371/768 842/1372/769 943/1474/769 942/1473/768 
f 843/1373/770 944/1475/770 943/1474/769 842/1372/769 
f 844/1374/771 945/1476/771 944/1475/770 843/1373/770 
f 844/1374/771 845/1375/772 946/1477/772 945/1476/771 
f 846/1376/773 947/1478/773 946/1477/772 845/1375/772 
f 847/1377/774 948/1479/774 947/1478/773 846/1376/773 
f 847/1377/774 848/1378/775 949/1480/775 948/1479/774 
f 849/1379/776 950/1481/776 949/1480/775 848/1378/775 
f 849/1379/776 850/1380/777 951/1482/777 950/1481/776 
f 850/1380/777 851/1381/778 952/1483/778 951/1482/777 
f 852/1382/779 953/1484/779 952/1483/778 851/1381/778 
f 852/1382/779 853/1383/780 954/1485/780 953/1484/779 
f 854/1384/781 955/1486/781 954/1485/780 853/1383/780 
f 855/1385/782 956/1487/782 955/1486/781 854/1384/781 
f 855/1385/782 856/1386/783 957/1488/783 956/1487/782 
f 857/1387/784 958/1489/784 957/1488/783 856/1386/783 
f 858/1388/785 959/1490/785 958/1489/784 857/1387/784 
f 858/1388/785 859/1389/786 960/1491/786 959/1490/785 
f 860/1390/787 961/1492/787 960/1491/786 859/1389/786 
f 860/1390/787 861/1391/788 962/1493/788 961/1492/787 
f 861/1391/788 862/1392/789 963/1494/789 962/1493/788 
f 863/1393/790 964/1495/790 963/1494/789 862/1392/789 
f 863/1393/790 864/1394/791 965/1496/791 964/1495/790 
f 864/1394/791 865/1395/792 966/1497/792 965/1496/791 
f 866/1396/793 967/1498/793 966/1497/792 865/1395/792 
f 866/1396/793 867/1397/794 968/1499/794 967/1498/793 
f 867/1397/794 868/1398/795 969/1500/795 968/1499/794 
f 869/1399/796 970/1501/796 969/1500/795 868/1398/795 
f 869/1399/796 870/1400/797 971/1502/797 970/1501/796 
f 870/1400/797 871/1401/798 972/1503/798 971/1502/797 
f 872/1402/799 973/1504/799 972/1503/798 871/1401/798 
f 872/1402/799 873/1403/800 974/1505/800 973/1504/799 
f 873/1403/800 874/1404/801 975/1506/801 974/1505/800 
f 875/1405/802 976/1507/802 975/1506/801 874/1404/801 
f 876/1406/803 977/1508/803 976/1507/802 875/1405/802 
f 876/1406/803 877/1407/804 978/1509/804 977/1508/803 
f 878/1408/805 979/1510/805 978/1509/804 877/1407/804 
f 879/1409/806 980/1511/806 979/1510/805 878/1408/805 
f 879/1409/806 880/1410/807 981/1512/807 980/1511/806 
f 880/1410/807 881/1411/808 982/1513/808 981/1512/807 
f 882/1412/809 983/1514/809 982/1513/808 881/1411/808 
f 882/1412/809 883/1413/810 984/1515/810 983/1514/809 
f 883/1413/810 884/1414/811 985/1516/811 984/1515/810 
f 885/1415/812 986/1517/812 985/1516/811 884/1414/811 
f 886/1416/813 987/1518/813 986/1517/812 885/1415/812 
f 886/1416/813 887/1417/814 988/1519/814 987/1518/813 
f 887/1417/814 888/1418/815 989/1520/815 988/1519/814 
f 889/1419/816 990/1521/816 989/1522/815 888/1420/815 
f 890/1421/817 991/1523/817 990/1521/816 889/1419/816 
f 890/1421/817 891/1422/818 992/1524/818 991/1523/817 
f 892/1423/819 993/1525/819 992/1524/818 891/1422/818 
f 893/1424/820 994/1526/820 993/1525/819 892/1423/819 
f 893/1424/820 894/1425/821 995/1527/821 994/1526/820 
f 894/1425/821 895/1426/822 996/1528/822 995/1527/821 
f 895/1426/822 896/1427/823 997/1529/823 996/1528/822 
f 897/1428/824 998/1530/824 997/1529/823 896/1427/823 
f 898/1429/825 999/1531/825 998/1530/824 897/1428/824 
f 898/1429/825 899/1430/826 1000/1532/826 999/1531/825 
f 899/1430/826 900/1431/827 1001/1533/827 1000/1532/826 
f 901/1432/828 1002/1534/828 1001/1533/827 900/1431/827 
f 902/1433/829 1003/1535/829 1002/1534/828 901/1432/828 
f 902/1433/829 903/1434/830 1004/1536/830 1003/1535/829 
f 903/1434/830 904/1435/831 1005/1537/831 1004/1536/830 
f 904/1435/831 905/1436/832 1006/1538/832 1005/1537/831 
f 906/1437/833 1007/1539/833 1006/1538/832 905/1436/832 
f 907/1438/834 1008/1540/834 1007/1539/833 906/1437/833 
f 908/1439/835 1009/1541/835 1008/1540/834 907/1438/834 
f 908/1439/835 909/1440/836 1010/1542/836 1009/1541/835 
f 909/1440/836 910/1441/837 1011/1543/837 1010/1542/836 
f 911/1442/838 1012/1544/838 1011/1543/837 910/1441/837 
f 912/1443/839 1013/1545/839 1012/1544/838 911/1442/838 
f 913/1444/840 1014/1546/840 1013/1545/839 912/1443/839 
f 913/1444/840 914/1445/841 1015/1547/841 1014/1546/840 
f 914/1445/841 915/1446/842 1016/1548/842 1015/1547/841 
f 915/1446/842 916/1447/843 1017/1549/843 1016/1548/842 
f 917/1448/844 1018/1550/844 1017/1549/843 916/1447/843 
f 918/1449/845 1019/1551/845 1018/1550/844 917/1448/844 
f 919/1450/846 1020/1552/846 1019/1551/845 918/1449/845 
f 919/1450/846 920/1451/847 1021/1553/847 1020/1552/846 
f 920/1451/847 921/1452/848 1022/1554/848 1021/1553/847 
f 921/1452/848 922/1453/849 1023/1555/849 1022/1554/848 
f 923/1454/850 1024/1556/850 1023/1555/849 922/1453/849 
f 924/1455/851 1025/1557/851 1024/1556/850 923/1454/850 
f 924/1455/851 925/1456/852 1026/1558/852 1025/1557/851 
f 925/1456/852 926/1457/853 1027/1559/853 1026/1558/852 
f 926/1457/853 927/1458/854 1028/1560/854 1027/1559/853 
f 928/1459/855 1029/1561/855 1028/1560/854 927/1458/854 
f 929/1460/856 1030/1562/856 1029/1561/855 928/1459/855 
f 930/1461/857 1031/1563/857 1030/1562/856 929/1460/856 
f 930/1461/857 931/1462/858 1032/1564/858 1031/1563/857 
f 931/1462/858 932/1463/859 1033/1565/859 1032/1564/858 
f 933/1464/860 1034/1566/860 1033/1565/859 932/1463/859 
s 294
f 935/1466/861 934/1465/862 1035/1567/862 1036/1568/861 
f 934/1465/862 936/1467/863 1037/1569/863 1035/1567/862 
f 937/1468/864 1038/1570/864 1037/1569/863 936/1467/863 
f 937/1468/864 938/1469/865 1039/1571/865 1038/1570/864 
f 939/1470/866 1040/1572/866 1039/1571/865 938/1469/865 
f 940/1471/867 1041/1573/867 1040/1572/866 939/1470/866 
f 940/1471/867 941/1472/868 1042/1574/868 1041/1573/867 
f 942/1473/869 1043/1575/869 1042/1574/868 941/1472/868 
f 942/1473/869 943/1474/870 1044/1576/870 1043/1575/869 
f 943/1474/870 944/1475/871 1045/1577/871 1044/1576/870 
f 945/1476/872 1046/1578/872 1045/1577/871 944/1475/871 
f 945/1476/872 946/1477/873 1047/1579/873 1046/1578/872 
f 946/1477/873 947/1478/874 1048/1580/874 1047/1579/873 
f 948/1479/875 1049/1581/875 1048/1580/874 947/1478/874 
f 948/1479/875 949/1480/876 1050/1582/876 1049/1581/875 
f 950/1481/877 1051/1583/877 1050/1582/876 949/1480/876 
f 951/1482/878 1052/1584/878 1051/1583/877 950/1481/877 
f 951/1482/878 952/1483/879 1053/1585/879 1052/1584/878 
f 953/1484/880 1054/1586/880 1053/1585/879 952/1483/879 
f 953/1484/880 954/1485/881 1055/1587/881 1054/1586/880 
f 954/1485/881 955/1486/882 1056/1588/882 1055/1587/881 
f 956/1487/883 1057/1589/883 1056/1588/882 955/1486/882 
f 956/1487/883 957/1488/884 1058/1590/884 1057/1589/883 
f 957/1488/884 958/1489/885 1059/1591/885 1058/1590/884 
f 959/1490/886 1060/1592/886 1059/1591/885 958/1489/885 
f 959/1490/886 960/1491/887 1061/1593/887 1060/1592/886 
f 961/1492/888 1062/1594/888 1061/1593/887 960/1491/887 
f 962/1493/889 1063/1595/889 1062/1594/888 961/1492/888 
f 962/1493/889 963/1494/890 1064/1596/890 1063/1595/889 
f 964/1495/891 1065/1597/891 1064/1596/890 963/1494/890 
f 965/1496/892 1066/1598/892 1065/1597/891 964/1495/891 
f 965/1496/892 966/1497/893 1067/1599/893 1066/1598/892 
f 967/1498/894 1068/1600/894 1067/1599/893 966/1497/893 
f 968/1499/895 1069/1601/895 1068/1600/894 967/1498/894 
f 968/1499/895 969/1500/896 1070/1602/896 1069/1601/895 
f 970/1501/897 1071/1603/897 1070/1602/896 969/1500/896 
f 971/1502/898 1072/1604/898 1071/1603/897 970/1501/897 
f 971/1502/898 972/1503/899 1073/1605/899 1072/1604/898 
f 973/1504/900 1074/1606/900 1073/1605/899 972/1503/899 
f 974/1505/901 1075/1607/901 1074/1606/900 973/1504/900 
f 974/1505/901 975/1506/902 1076/1608/902 1075/1607/901 
f 976/1507/903 1077/1609/903 1076/1608/902 975/1506/902 
f 977/1508/904 1078/1610/904 1077/1609/903 976/1507/903 
f 977/1508/904 978/1509/905 1079/1611/905 1078/1610/904 
f 978/1509/905 979/1510/906 1080/1612/906 1079/1611/905 
f 980/1511/907 1081/1613/907 1080/1612/906 979/1510/906 
f 980/1511/907 981/1512/908 1082/1614/908 1081/1613/907 
f 981/1512/908 982/1513/909 1083/1615/909 1082/1614/908 
f 983/1514/910 1084/1616/910 1083/1615/909 982/1513/909 
f 984/1515/911 1085/1617/911 1084/1616/910 983/1514/910 
f 984/1515/911 985/1516/912 1086/1618/912 1085/1617/911 
f 986/1517/913 1087/1619/913 1086/1618/912 985/1516/912 
f 987/1518/914 1088/1620/914 1087/1619/913 986/1517/913 
f 987/1518/914 988/1519/915 1089/1621/915 1088/1620/914 
f 988/1519/915 989/1520/916 1090/1622/916 1089/1621/915 
f 990/1521/917 1091/1623/917 1090/1624/916 989/1522/916 
f 991/1523/918 1092/1625/918 1091/1623/917 990/1521/917 
f 991/1523/918 992/1524/919 1093/1626/919 1092/1625/918 
f 992/1524/919 993/1525/920 1094/1627/920 1093/1626/919 
f 994/1526/921 1095/1628/921 1094/1627/920 993/1525/920 
f 995/1527/922 1096/1629/922 1095/1628/921 994/1526/921 
f 995/1527/922 996/1528/923 1097/1630/923 1096/1629/922 
f 996/1528/923 997/1529/924 1098/1631/924 1097/1630/923 
f 998/1530/925 1099/1632/925 1098/1631/924 997/1529/924 
f 999/1531/926 1100/1633/926 1099/1632/925 998/1530/925 
f 999/1531/926 1000/1532/927 1101/1634/927 1100/1633/926 
f 1000/1532/927 1001/1533/928 1102/1635/928 1101/1634/927 
f 1002/1534/929 1103/1636/929 1102/1635/928 1001/1533/928 
f 1003/1535/930 1104/1637/930 1103/1636/929 1002/1534/929 
f 1004/1536/931 1105/1638/931 1104/1637/930 1003/1535/930 
f 1004/1536/931 1005/1537/932 1106/1639/932 1105/1638/931 
f 1005/1537/932 1006/1538/933 1107/1640/933 1106/1639/932 
f 1007/1539/934 1108/1641/934 1107/1640/933 1006/1538/933 
f 1008/1540/935 1109/1642/935 1108/1641/934 1007/1539/934 
f 1009/1541/936 1110/1643/936 1109/1642/935 1008/1540/935 
f 1009/1541/936 1010/1542/937 1111/1644/937 1110/1643/936 
f 1010/1542/937 1011/1543/938 1112/1645/938 1111/1644/937 
f 1011/1543/938 1012/1544/939 1113/1646/939 1112/1645/938 
f 1013/1545/940 1114/1647/940 1113/1646/939 1012/1544/939 
f 1014/1546/941 1115/1648/941 1114/1647/940 1013/1545/940 
f 1015/1547/942 1116/1649/942 1115/1648/941 1014/1546/941 
f 1015/1547/942 1016/1548/943 1117/1650/943 1116/1649/942 
f 1016/1548/943 1017/1549/944 1118/1651/944 1117/1650/943 
f 1018/1550/945 1119/1652/945 1118/1651/944 1017/1549/944 
f 1019/1551/946 1120/1653/946 1119/1652/945 1018/1550/945 
f 1020/1552/947 1121/1654/947 1120/1653/946 1019/1551/946 
f 1021/1553/948 1122/1655/948 1121/1654/947 1020/1552/947 
f 1021/1553/948 1022/1554/949 1123/1656/949 1122/1655/948 
f 1022/1554/949 1023/1555/950 1124/1657/950 1123/1656/949 
f 1024/1556/951 1125/1658/951 1124/1657/950 1023/1555/950 
f 1025/1557/952 1126/1659/952 1125/1658/951 1024/1556/951 
f 1026/1558/953 1127/1660/953 1126/1659/952 1025/1557/952 
f 1026/1558/953 1027/1559/954 1128/1661/954 1127/1660/953 
f 1027/1559/954 1028/1560/955 1129/1662/955 1128/1661/954 
f 1028/1560/955 1029/1561/956 1130/1663/956 1129/1662/955 
f 1030/1562/957 1131/1664/957 1130/1663/956 1029/1561/956 
f 1031/1563/958 1132/1665/958 1131/1664/957 1030/1562/957 
f 1031/1563/958 1032/1564/959 1133/1666/959 1132/1665/958 
f 1032/1564/959 1033/1565/960 1134/1667/960 1133/1666/959 
f 1033/1565/960 1034/1566/961 1135/1668/961 1134/1667/960 
s 295
f 1035/1669/962 1136/1670/962 1137/1671/963 1036/1672/963 
f 1035/1669/962 1037/1673/964 1138/1674/964 1136/1670/962 
f 1038/1675/965 1139/1676/965 1138/1674/964 1037/1673/964 
f 1038/1675/965 1039/1677/966 1140/1678/966 1139/1676/965 
f 1039/1677/966 1040/1679/967 1141/1680/967 1140/1678/966 
f 1041/1681/968 1142/1682/968 1141/1680/967 1040/1679/967 
f 1041/1681/968 1042/1683/969 1143/1684/969 1142/1682/968 
f 1043/1685/970 1144/1686/970 1143/1684/969 1042/1683/969 
f 1044/1687/971 1145/1688/971 1144/1686/970 1043/1685/970 
f 1044/1687/971 1045/1689/972 1146/1690/972 1145/1688/971 
f 1046/1691/973 1147/1692/973 1146/1690/972 1045/1689/972 
f 1047/1693/974 1148/1694/974 1147/1692/973 1046/1691/973 
f 1047/1693/974 1048/1695/975 1149/1696/975 1148/1694/974 
f 1049/1697/976 1150/1698/976 1149/1696/975 1048/1695/975 
f 1049/1697/976 1050/1699/977 1151/1700/977 1150/1698/976 
f 1050/1699/977 1051/1701/978 1152/1702/978 1151/1700/977 
f 1052/1703/979 1153/1704/979 1152/1702/978 1051/1701/978 
f 1052/1703/979 1053/1705/980 1154/1706/980 1153/1704/979 
f 1054/1707/981 1155/1708/981 1154/1706/980 1053/1705/980 
f 1055/1709/982 1156/1710/982 1155/1708/981 1054/1707/981 
f 1055/1709/982 1056/1711/983 1157/1712/983 1156/1710/982 
f 1057/1713/984 1158/1714/984 1157/1712/983 1056/1711/983 
f 1058/1715/985 1159/1716/985 1158/1714/984 1057/1713/984 
f 1058/1715/985 1059/1717/986 1160/1718/986 1159/1716/985 
f 1060/1719/987 1161/1720/987 1160/1718/986 1059/1717/986 
f 1060/1719/987 1061/1721/988 1162/1722/988 1161/1720/987 
f 1061/1721/988 1062/1723/989 1163/1724/989 1162/1722/988 
f 1063/1725/990 1164/1726/990 1163/1724/989 1062/1723/989 
f 1063/1725/990 1064/1727/991 1165/1728/991 1164/1726/990 
f 1064/1727/991 1065/1729/992 1166/1730/992 1165/1728/991 
f 1066/1731/993 1167/1732/993 1166/1730/992 1065/1729/992 
f 1066/1731/993 1067/1733/994 1168/1734/994 1167/1732/993 
f 1067/1733/994 1068/1735/995 1169/1736/995 1168/1734/994 
f 1069/1737/996 1170/1738/996 1169/1736/995 1068/1735/995 
f 1069/1737/996 1070/1739/997 1171/1740/997 1170/1738/996 
f 1070/1739/997 1071/1741/998 1172/1742/998 1171/1740/997 
f 1072/1743/999 1173/1744/999 1172/1742/998 1071/1741/998 
f 1072/1743/999 1073/1745/1000 1174/1746/1000 1173/1744/999 
f 1073/1745/1000 1074/1747/1001 1175/1748/1001 1174/1746/1000 
f 1075/1749/1002 1176/1750/1002 1175/1748/1001 1074/1747/1001 
f 1075/1749/1002 1076/1751/1003 1177/1752/1003 1176/1750/1002 
f 1076/1751/1003 1077/1753/1004 1178/1754/1004 1177/1752/1003 
f 1078/1755/1005 1179/1756/1005 1178/1754/1004 1077/1753/1004 
f 1078/1755/1005 1079/1757/1006 1180/1758/1006 1179/1756/1005 
f 1079/1757/1006 1080/1759/1007 1181/1760/1007 1180/1758/1006 
f 1081/1761/1008 1182/1762/1008 1181/1760/1007 1080/1759/1007 
f 1082/1763/1009 1183/1764/1009 1182/1762/1008 1081/1761/1008 
f 1082/1763/1009 1083/1765/1010 1184/1766/1010 1183/1764/1009 
f 1084/1767/1011 1185/1768/1011 1184/1766/1010 1083/1765/1010 
f 1085/1769/1012 1186/1770/1012 1185/1768/1011 1084/1767/1011 
f 1085/1769/1012 1086/1771/1013 1187/1772/1013 1186/1770/1012 
f 1086/1771/1013 1087/1773/1014 1188/1774/1014 1187/1772/1013 
f 1088/1775/1015 1189/1776/1015 1188/1774/1014 1087/1773/1014 
f 1089/1777/1016 1190/1778/1016 1189/1776/1015 1088/1775/1015 
f 1089/1777/1016 1090/1779/1017 1191/1780/1017 1190/1778/1016 
f 1090/1781/1017 1091/1782/1018 1192/1783/1018 1191/1784/1017 
f 1092/1785/1019 1193/1786/1019 1192/1783/1018 1091/1782/1018 
f 1093/1787/1020 1194/1788/1020 1193/1786/1019 1092/1785/1019 
f 1093/1787/1020 1094/1789/1021 1195/1790/1021 1194/1788/1020 
f 1095/1791/1022 1196/1792/1022 1195/1790/1021 1094/1789/1021 
f 1096/1793/1023 1197/1794/1023 1196/1792/1022 1095/1791/1022 
f 1097/1795/1024 1198/1796/1024 1197/1794/1023 1096/1793/1023 
f 1097/1795/1024 1098/1797/1025 1199/1798/1025 1198/1796/1024 
f 1098/1797/1025 1099/1799/1026 1200/1800/1026 1199/1798/1025 
f 1100/1801/1027 1201/1802/1027 1200/1800/1026 1099/1799/1026 
f 1101/1803/1028 1202/1804/1028 1201/1802/1027 1100/1801/1027 
f 1101/1803/1028 1102/1805/1029 1203/1806/1029 1202/1804/1028 
f 1102/1805/1029 1103/1807/1030 1204/1808/1030 1203/1806/1029 
f 1104/1809/1031 1205/1810/1031 1204/1808/1030 1103/1807/1030 
f 1105/1811/1032 1206/1812/1032 1205/1810/1031 1104/1809/1031 
f 1106/1813/1033 1207/1814/1033 1206/1812/1032 1105/1811/1032 
f 1106/1813/1033 1107/1815/1034 1208/1816/1034 1207/1814/1033 
f 1107/1815/1034 1108/1817/1035 1209/1818/1035 1208/1816/1034 
f 1109/1819/1036 1210/1820/1036 1209/1818/1035 1108/1817/1035 
f 1110/1821/1037 1211/1822/1037 1210/1820/1036 1109/1819/1036 
f 1111/1823/1038 1212/1824/1038 1211/1822/1037 1110/1821/1037 
f 1111/1823/1038 1112/1825/1039 1213/1826/1039 1212/1824/1038 
f 1112/1825/1039 1113/1827/1040 1214/1828/1040 1213/1826/1039 
f 1113/1827/1040 1114/1829/1041 1215/1830/1041 1214/1828/1040 
f 1115/1831/1042 1216/1832/1042 1215/1830/1041 1114/1829/1041 
f 1116/1833/1043 1217/1834/1043 1216/1832/1042 1115/1831/1042 
f 1116/1833/1043 1117/1835/1044 1218/1836/1044 1217/1834/1043 
f 1117/1835/1044 1118/1837/1045 1219/1838/1045 1218/1836/1044 
f 1118/1837/1045 1119/1839/1046 1220/1840/1046 1219/1838/1045 
f 1120/1841/1047 1221/1842/1047 1220/1840/1046 1119/1839/1046 
f 1121/1843/1048 1222/1844/1048 1221/1842/1047 1120/1841/1047 
f 1122/1845/1049 1223/1846/1049 1222/1844/1048 1121/1843/1048 
f 1122/1845/1049 1123/1847/1050 1224/1848/1050 1223/1846/1049 
f 1123/1847/1050 1124/1849/1051 1225/1850/1051 1224/1848/1050 
f 1124/1849/1051 1125/1851/1052 1226/1852/1052 1225/1850/1051 
f 1126/1853/1053 1227/1854/1053 1226/1852/1052 1125/1851/1052 
f 1127/1855/1054 1228/1856/1054 1227/1854/1053 1126/1853/1053 
f 1127/1855/1054 1128/1857/1055 1229/1858/1055 1228/1856/1054 
f 1128/1857/1055 1129/1859/1056 1230/1860/1056 1229/1858/1055 
f 1129/1859/1056 1130/1861/1057 1231/1862/1057 1230/1860/1056 
f 1131/1863/1058 1232/1864/1058 1231/1862/1057 1130/1861/1057 
f 1132/1865/1059 1233/1866/1059 1232/1864/1058 1131/1863/1058 
f 1133/1867/1060 1234/1868/1060 1233/1866/1059 1132/1865/1059 
f 1133/1867/1060 1134/1869/1061 1235/1870/1061 1234/1868/1060 
f 1134/1869/1061 1135/1871/1062 1236/1872/1062 1235/1870/1061 
s 296
f 1136/1670/1063 1237/1873/1063 1238/1874/1064 1137/1671/1064 
f 1136/1670/1063 1138/1674/1065 1239/1875/1065 1237/1873/1063 
f 1139/1676/1066 1240/1876/1066 1239/1875/1065 1138/1674/1065 
f 1140/1678/1067 1241/1877/1067 1240/1876/1066 1139/1676/1066 
f 1140/1678/1067 1141/1680/1068 1242/1878/1068 1241/1877/1067 
f 1142/1682/1069 1243/1879/1069 1242/1878/1068 1141/1680/1068 
f 1142/1682/1069 1143/1684/1070 1244/1880/1070 1243/1879/1069 
f 1143/1684/1070 1144/1686/1071 1245/1881/1071 1244/1880/1070 
f 1145/1688/1072 1246/1882/1072 1245/1881/1071 1144/1686/1071 
f 1145/1688/1072 1146/1690/1073 1247/1883/1073 1246/1882/1072 
f 1147/1692/1074 1248/1884/1074 1247/1883/1073 1146/1690/1073 
f 1148/1694/1075 1249/1885/1075 1248/1884/1074 1147/1692/1074 
f 1148/1694/1075 1149/1696/1076 1250/1886/1076 1249/1885/1075 
f 1150/1698/1077 1251/1887/1077 1250/1886/1076 1149/1696/1076 
f 1151/1700/1078 1252/1888/1078 1251/1887/1077 1150/1698/1077 
f 1151/1700/1078 1152/1702/1079 1253/1889/1079 1252/1888/1078 
f 1153/1704/1080 1254/1890/1080 1253/1889/1079 1152/1702/1079 
f 1153/1704/1080 1154/1706/1081 1255/1891/1081 1254/1890/1080 
f 1154/1706/1081 1155/1708/1082 1256/1892/1082 1255/1891/1081 
f 1156/1710/1083 1257/1893/1083 1256/1892/1082 1155/1708/1082 
f 1156/1710/1083 1157/1712/1084 1258/1894/1084 1257/1893/1083 
f 1158/1714/1085 1259/1895/1085 1258/1894/1084 1157/1712/1084 
f 1159/1716/1086 1260/1896/1086 1259/1895/1085 1158/1714/1085 
f 1159/1716/1086 1160/1718/1087 1261/1897/1087 1260/1896/1086 
f 1161/1720/1088 1262/1898/1088 1261/1897/1087 1160/1718/1087 
f 1162/1722/1089 1263/1899/1089 1262/1898/1088 1161/1720/1088 
f 1162/1722/1089 1163/1724/1090 1264/1900/1090 1263/1899/1089 
f 1164/1726/1091 1265/1901/1091 1264/1900/1090 1163/1724/1090 
f 1165/1728/1092 1266/1902/1092 1265/1901/1091 1164/1726/1091 
f 1165/1728/1092 1166/1730/1093 1267/1903/1093 1266/1902/1092 
f 1167/1732/1094 1268/1904/1094 1267/1903/1093 1166/1730/1093 
f 1167/1732/1094 1168/1734/1095 1269/1905/1095 1268/1904/1094 
f 1168/1734/1095 1169/1736/1096 1270/1906/1096 1269/1905/1095 
f 1170/1738/1097 1271/1907/1097 1270/1906/1096 1169/1736/1096 
f 1170/1738/1097 1171/1740/1098 1272/1908/1098 1271/1907/1097 
f 1171/1740/1098 1172/1742/1099 1273/1909/1099 1272/1908/1098 
f 1173/1744/1100 1274/1910/1100 1273/1909/1099 1172/1742/1099 
f 1174/1746/1101 1275/1911/1101 1274/1910/1100 1173/1744/1100 
f 1174/1746/1101 1175/1748/1102 1276/1912/1102 1275/1911/1101 
f 1176/1750/1103 1277/1913/1103 1276/1912/1102 1175/1748/1102 
f 1177/1752/1104 1278/1914/1104 1277/1913/1103 1176/1750/1103 
f 1177/1752/1104 1178/1754/1105 1279/1915/1105 1278/1914/1104 
f 1179/1756/1106 1280/1916/1106 1279/1915/1105 1178/1754/1105 
f 1180/1758/1107 1281/1917/1107 1280/1916/1106 1179/1756/1106 
f 1180/1758/1107 1181/1760/1108 1282/1918/1108 1281/1917/1107 
f 1182/1762/1109 1283/1919/1109 1282/1918/1108 1181/1760/1108 
f 1183/1764/1110 1284/1920/1110 1283/1919/1109 1182/1762/1109 
f 1183/1764/1110 1184/1766/1111 1285/1921/1111 1284/1920/1110 
f 1184/1766/1111 1185/1768/1112 1286/1922/1112 1285/1921/1111 
f 1186/1770/1113 1287/1923/1113 1286/1922/1112 1185/1768/1112 
f 1187/1772/1114 1288/1924/1114 1287/1923/1113 1186/1770/1113 
f 1187/1772/1114 1188/1774/1115 1289/1925/1115 1288/1924/1114 
f 1189/1776/1116 1290/1926/1116 1289/1925/1115 1188/1774/1115 
f 1190/1778/1117 1291/1927/1117 1290/1926/1116 1189/1776/1116 
f 1190/1778/1117 1191/1780/1118 1292/1928/1118 1291/1927/1117 
f 1191/1784/1118 1192/1783/1119 1293/1929/1119 1292/1930/1118 
f 1193/1786/1120 1294/1931/1120 1293/1929/1119 1192/1783/1119 
f 1194/1788/1121 1295/1932/1121 1294/1931/1120 1193/1786/1120 
f 1194/1788/1121 1195/1790/1122 1296/1933/1122 1295/1932/1121 
f 1195/1790/1122 1196/1792/1123 1297/1934/1123 1296/1933/1122 
f 1197/1794/1124 1298/1935/1124 1297/1934/1123 1196/1792/1123 
f 1198/1796/1125 1299/1936/1125 1298/1935/1124 1197/1794/1124 
f 1198/1796/1125 1199/1798/1126 1300/1937/1126 1299/1936/1125 
f 1199/1798/1126 1200/1800/1127 1301/1938/1127 1300/1937/1126 
f 1201/1802/1128 1302/1939/1128 1301/1938/1127 1200/1800/1127 
f 1202/1804/1129 1303/1940/1129 1302/1939/1128 1201/1802/1128 
f 1202/1804/1129 1203/1806/1130 1304/1941/1130 1303/1940/1129 
f 1203/1806/1130 1204/1808/1131 1305/1942/1131 1304/1941/1130 
f 1204/1808/1131 1205/1810/1132 1306/1943/1132 1305/1942/1131 
f 1206/1812/1133 1307/1944/1133 1306/1943/1132 1205/1810/1132 
f 1207/1814/1134 1308/1945/1134 1307/1944/1133 1206/1812/1133 
f 1207/1814/1134 1208/1816/1135 1309/1946/1135 1308/1945/1134 
f 1208/1816/1135 1209/1818/1136 1310/1947/1136 1309/1946/1135 
f 1209/1818/1136 1210/1820/1137 1311/1948/1137 1310/1947/1136 
f 1211/1822/1138 1312/1949/1138 1311/1948/1137 1210/1820/1137 
f 1212/1824/1139 1313/1950/1139 1312/1949/1138 1211/1822/1138 
f 1213/1826/1140 1314/1951/1140 1313/1950/1139 1212/1824/1139 
f 1213/1826/1140 1214/1828/1141 1315/1952/1141 1314/1951/1140 
f 1214/1828/1141 1215/1830/1142 1316/1953/1142 1315/1952/1141 
f 1216/1832/1143 1317/1954/1143 1316/1953/1142 1215/1830/1142 
f 1217/1834/1144 1318/1955/1144 1317/1954/1143 1216/1832/1143 
f 1218/1836/1145 1319/1956/1145 1318/1955/1144 1217/1834/1144 
f 1218/1836/1145 1219/1838/1146 1320/1957/1146 1319/1956/1145 
f 1219/1838/1146 1220/1840/1147 1321/1958/1147 1320/1957/1146 
f 1220/1840/1147 1221/1842/1148 1322/1959/1148 1321/1958/1147 
f 1222/1844/1149 1323/1960/1149 1322/1959/1148 1221/1842/1148 
f 1223/1846/1150 1324/1961/1150 1323/1960/1149 1222/1844/1149 
f 1224/1848/1151 1325/1962/1151 1324/1961/1150 1223/1846/1150 
f 1224/1848/1151 1225/1850/1152 1326/1963/1152 1325/1962/1151 
f 1225/1850/1152 1226/1852/1153 1327/1964/1153 1326/1963/1152 
f 1227/1854/1154 1328/1965/1154 1327/1964/1153 1226/1852/1153 
f 1228/1856/1155 1329/1966/1155 1328/1965/1154 1227/1854/1154 
f 1229/1858/1156 1330/1967/1156 1329/1966/1155 1228/1856/1155 
f 1229/1858/1156 1230/1860/1157 1331/1968/1157 1330/1967/1156 
f 1230/1860/1157 1231/1862/1158 1332/1969/1158 1331/1968/1157 
f 1231/1862/1158 1232/1864/1159 1333/1970/1159 1332/1969/1158 
f 1233/1866/1160 1334/1971/1160 1333/1970/1159 1232/1864/1159 
f 1234/1868/1161 1335/1972/1161 1334/1971/1160 1233/1866/1160 
f 1235/1870/1162 1336/1973/1162 1335/1972/1161 1234/1868/1161 
f 1235/1870/1162 1236/1872/1163 1337/1974/1163 1336/1973/1162 
s 297
f 1237/1873/1164 1338/1975/1164 1339/1976/1165 1238/1874/1165 
f 1237/1873/1164 1239/1875/1166 1340/1977/1166 1338/1975/1164 
f 1239/1875/1166 1240/1876/1167 1341/1978/1167 1340/1977/1166 
f 1241/1877/1168 1342/1979/1168 1341/1978/1167 1240/1876/1167 
f 1241/1877/1168 1242/1878/1169 1343/1980/1169 1342/1979/1168 
f 1243/1879/1170 1344/1981/1170 1343/1980/1169 1242/1878/1169 
f 1244/1880/1171 1345/1982/1171 1344/1981/1170 1243/1879/1170 
f 1244/1880/1171 1245/1881/1172 1346/1983/1172 1345/1982/1171 
f 1246/1882/1173 1347/1984/1173 1346/1983/1172 1245/1881/1172 
f 1246/1882/1173 1247/1883/1174 1348/1985/1174 1347/1984/1173 
f 1247/1883/1174 1248/1884/1175 1349/1986/1175 1348/1985/1174 
f 1249/1885/1176 1350/1987/1176 1349/1986/1175 1248/1884/1175 
f 1249/1885/1176 1250/1886/1177 1351/1988/1177 1350/1987/1176 
f 1250/1886/1177 1251/1887/1178 1352/1989/1178 1351/1988/1177 
f 1252/1888/1179 1353/1990/1179 1352/1989/1178 1251/1887/1178 
f 1252/1888/1179 1253/1889/1180 1354/1991/1180 1353/1990/1179 
f 1254/1890/1181 1355/1992/1181 1354/1991/1180 1253/1889/1180 
f 1255/1891/1182 1356/1993/1182 1355/1992/1181 1254/1890/1181 
f 1255/1891/1182 1256/1892/1183 1357/1994/1183 1356/1993/1182 
f 1257/1893/1184 1358/1995/1184 1357/1994/1183 1256/1892/1183 
f 1257/1893/1184 1258/1894/1185 1359/1996/1185 1358/1995/1184 
f 1258/1894/1185 1259/1895/1186 1360/1997/1186 1359/1996/1185 
f 1260/1896/1187 1361/1998/1187 1360/1997/1186 1259/1895/1186 
f 1260/1896/1187 1261/1897/1188 1362/1999/1188 1361/1998/1187 
f 1261/1897/1188 1262/1898/1189 1363/2000/1189 1362/1999/1188 
f 1263/1899/1190 1364/2001/1190 1363/2000/1189 1262/1898/1189 
f 1263/1899/1190 1264/1900/1191 1365/2002/1191 1364/2001/1190 
f 1265/1901/1192 1366/2003/1192 1365/2002/1191 1264/1900/1191 
f 1266/1902/1193 1367/2004/1193 1366/2003/1192 1265/1901/1192 
f 1266/1902/1193 1267/1903/1194 1368/2005/1194 1367/2004/1193 
f 1268/1904/1195 1369/2006/1195 1368/2005/1194 1267/1903/1194 
f 1269/1905/1196 1370/2007/1196 1369/2006/1195 1268/1904/1195 
f 1269/1905/1196 1270/1906/1197 1371/2008/1197 1370/2007/1196 
f 1271/1907/1198 1372/2009/1198 1371/2008/1197 1270/1906/1197 
f 1272/1908/1199 1373/2010/1199 1372/2009/1198 1271/1907/1198 
f 1272/1908/1199 1273/1909/1200 1374/2011/1200 1373/2010/1199 
f 1274/1910/1201 1375/2012/1201 1374/2011/1200 1273/1909/1200 
f 1275/1911/1202 1376/2013/1202 1375/2012/1201 1274/1910/1201 
f 1275/1911/1202 1276/1912/1203 1377/2014/1203 1376/2013/1202 
f 1277/1913/1204 1378/2015/1204 1377/2014/1203 1276/1912/1203 
f 1278/1914/1205 1379/2016/1205 1378/2015/1204 1277/1913/1204 
f 1278/1914/1205 1279/1915/1206 1380/2017/1206 1379/2016/1205 
f 1279/1915/1206 1280/1916/1207 1381/2018/1207 1380/2017/1206 
f 1281/1917/1208 1382/2019/1208 1381/2018/1207 1280/1916/1207 
f 1281/1917/1208 1282/1918/1209 1383/2020/1209 1382/2019/1208 
f 1282/1918/1209 1283/1919/1210 1384/2021/1210 1383/2020/1209 
f 1284/1920/1211 1385/2022/1211 1384/2021/1210 1283/1919/1210 
f 1285/1921/1212 1386/2023/1212 1385/2022/1211 1284/1920/1211 
f 1285/1921/1212 1286/1922/1213 1387/2024/1213 1386/2023/1212 
f 1287/1923/1214 1388/2025/1214 1387/2024/1213 1286/1922/1213 
f 1288/1924/1215 1389/2026/1215 1388/2025/1214 1287/1923/1214 
f 1288/1924/1215 1289/1925/1216 1390/2027/1216 1389/2026/1215 
f 1289/1925/1216 1290/1926/1217 1391/2028/1217 1390/2027/1216 
f 1291/1927/1218 1392/2029/1218 1391/2028/1217 1290/1926/1217 
f 1292/1928/1219 1393/2030/1219 1392/2029/1218 1291/1927/1218 
f 1292/1930/1219 1293/1929/1220 1394/2031/1220 1393/2032/1219 
f 1293/1929/1220 1294/1931/1221 1395/2033/1221 1394/2031/1220 
f 1295/1932/1222 1396/2034/1222 1395/2033/1221 1294/1931/1221 
f 1296/1933/1223 1397/2035/1223 1396/2034/1222 1295/1932/1222 
f 1296/1933/1223 1297/1934/1224 1398/2036/1224 1397/2035/1223 
f 1298/1935/1225 1399/2037/1225 1398/2036/1224 1297/1934/1224 
f 1299/1936/1226 1400/2038/1226 1399/2037/1225 1298/1935/1225 
f 1300/1937/1227 1401/2039/1227 1400/2038/1226 1299/1936/1226 
f 1300/1937/1227 1301/1938/1228 1402/2040/1228 1401/2039/1227 
f 1301/1938/1228 1302/1939/1229 1403/2041/1229 1402/2040/1228 
f 1303/1940/1230 1404/2042/1230 1403/2041/1229 1302/1939/1229 
f 1304/1941/1231 1405/2043/1231 1404/2042/1230 1303/1940/1230 
f 1304/1941/1231 1305/1942/1232 1406/2044/1232 1405/2043/1231 
f 1305/1942/1232 1306/1943/1233 1407/2045/1233 1406/2044/1232 
f 1307/1944/1234 1408/2046/1234 1407/2045/1233 1306/1943/1233 
f 1308/1945/1235 1409/2047/1235 1408/2046/1234 1307/1944/1234 
f 1309/1946/1236 1410/2048/1236 1409/2047/1235 1308/1945/1235 
f 1309/1946/1236 1310/1947/1237 1411/2049/1237 1410/2048/1236 
f 1310/1947/1237 1311/1948/1238 1412/2050/1238 1411/2049/1237 
f 1312/1949/1239 1413/2051/1239 1412/2050/1238 1311/1948/1238 
f 1313/1950/1240 1414/2052/1240 1413/2051/1239 1312/1949/1239 
f 1314/1951/1241 1415/2053/1241 1414/2052/1240 1313/1950/1240 
f 1314/1951/1241 1315/1952/1242 1416/2054/1242 1415/2053/1241 
f 1315/1952/1242 1316/1953/1243 1417/2055/1243 1416/2054/1242 
f 1316/1953/1243 1317/1954/1244 1418/2056/1244 1417/2055/1243 
f 1318/1955/1245 1419/2057/1245 1418/2056/1244 1317/1954/1244 
f 1319/1956/1246 1420/2058/1246 1419/2057/1245 1318/1955/1245 
f 1320/1957/1247 1421/2059/1247 1420/2058/1246 1319/1956/1246 
f 1320/1957/1247 1321/1958/1248 1422/2060/1248 1421/2059/1247 
f 1321/1958/1248 1322/1959/1249 1423/2061/1249 1422/2060/1248 
f 1322/1959/1249 1323/1960/1250 1424/2062/1250 1423/2061/1249 
f 1324/1961/1251 1425/2063/1251 1424/2062/1250 1323/1960/1250 
f 1325/1962/1252 1426/2064/1252 1425/2063/1251 1324/1961/1251 
f 1326/1963/1253 1427/2065/1253 1426/2064/1252 1325/1962/1252 
f 1326/1963/1253 1327/1964/1254 1428/2066/1254 1427/2065/1253 
f 1327/1964/1254 1328/1965/1255 1429/2067/1255 1428/2066/1254 
f 1329/1966/1256 1430/2068/1256 1429/2067/1255 1328/1965/1255 
f 1330/1967/1257 1431/2069/1257 1430/2068/1256 1329/1966/1256 
f 1331/1968/1258 1432/2070/1258 1431/2069/1257 1330/1967/1257 
f 1331/1968/1258 1332/1969/1259 1433/2071/1259 1432/2070/1258 
f 1332/1969/1259 1333/1970/1260 1434/2072/1260 1433/2071/1259 
f 1333/1970/1260 1334/1971/1261 1435/2073/1261 1434/2072/1260 
f 1335/1972/1262 1436/2074/1262 1435/2073/1261 1334/1971/1261 
f 1336/1973/1263 1437/2075/1263 1436/2074/1262 1335/1972/1262 
f 1336/1973/1263 1337/1974/1264 1438/2076/1264 1437/2075/1263 
s 298
f 1338/1975/1265 632/2077/1265 631/2078/1266 1339/1976/1266 
f 1340/1977/1267 635/2079/1267 632/2077/1265 1338/1975/1265 
f 1340/1977/1267 1341/1978/1268 637/2080/1268 635/2079/1267 
f 1342/1979/1269 639/2081/1269 637/2080/1268 1341/1978/1268 
f 1342/1979/1269 1343/1980/1270 641/2082/1270 639/2081/1269 
f 1343/1980/1270 1344/1981/1271 643/2083/1271 641/2082/1270 
f 1345/1982/1272 645/2084/1272 643/2083/1271 1344/1981/1271 
f 1345/1982/1272 1346/1983/1273 647/2085/1273 645/2084/1272 
f 1347/1984/1274 649/2086/1274 647/2085/1273 1346/1983/1273 
f 1348/1985/1275 651/2087/1275 649/2086/1274 1347/1984/1274 
f 1348/1985/1275 1349/1986/1276 653/2088/1276 651/2087/1275 
f 1350/1987/1277 655/2089/1277 653/2088/1276 1349/1986/1276 
f 1351/1988/1278 657/2090/1278 655/2089/1277 1350/1987/1277 
f 1351/1988/1278 1352/1989/1279 659/2091/1279 657/2090/1278 
f 1353/1990/1280 661/2092/1280 659/2091/1279 1352/1989/1279 
f 1353/1990/1280 1354/1991/1281 663/2093/1281 661/2092/1280 
f 1354/1991/1281 1355/1992/1282 665/2094/1282 663/2093/1281 
f 1356/1993/1283 667/2095/1283 665/2094/1282 1355/1992/1282 
f 1356/1993/1283 1357/1994/1284 669/2096/1284 667/2095/1283 
f 1358/1995/1285 671/2097/1285 669/2096/1284 1357/1994/1284 
f 1359/1996/1286 673/2098/1286 671/2097/1285 1358/1995/1285 
f 1359/1996/1286 1360/1997/1287 675/2099/1287 673/2098/1286 
f 1361/1998/1288 677/2100/1288 675/2099/1287 1360/1997/1287 
f 1362/1999/1289 679/2101/1289 677/2100/1288 1361/1998/1288 
f 1362/1999/1289 1363/2000/1290 681/2102/1290 679/2101/1289 
f 1364/2001/1291 683/2103/1291 681/2102/1290 1363/2000/1290 
f 1364/2001/1291 1365/2002/1292 685/2104/1292 683/2103/1291 
f 1365/2002/1292 1366/2003/1293 687/2105/1293 685/2104/1292 
f 1367/2004/1294 689/2106/1294 687/2105/1293 1366/2003/1293 
f 1367/2004/1294 1368/2005/1295 691/2107/1295 689/2106/1294 
f 1368/2005/1295 1369/2006/1296 693/2108/1296 691/2107/1295 
f 1370/2007/1297 695/2109/1297 693/2108/1296 1369/2006/1296 
f 1370/2007/1297 1371/2008/1298 697/2110/1298 695/2109/1297 
f 1371/2008/1298 1372/2009/1299 699/2111/1299 697/2110/1298 
f 1373/2010/1300 701/2112/1300 699/2111/1299 1372/2009/1299 
f 1373/2010/1300 1374/2011/1301 703/2113/1301 701/2112/1300 
f 1374/2011/1301 1375/2012/1302 705/2114/1302 703/2113/1301 
f 1376/2013/1303 707/2115/1303 705/2114/1302 1375/2012/1302 
f 1376/2013/1303 1377/2014/1304 709/2116/1304 707/2115/1303 
f 1377/2014/1304 1378/2015/1305 711/2117/1305 709/2116/1304 
f 1379/2016/1306 713/2118/1306 711/2117/1305 1378/2015/1305 
f 1379/2016/1306 1380/2017/1307 715/2119/1307 713/2118/1306 
f 1380/2017/1307 1381/2018/1308 717/2120/1308 715/2119/1307 
f 1382/2019/1309 719/2121/1309 717/2120/1308 1381/2018/1308 
f 1383/2020/1310 721/2122/1310 719/2121/1309 1382/2019/1309 
f 1383/2020/1310 1384/2021/1311 723/2123/1311 721/2122/1310 
f 1385/2022/1312 725/2124/1312 723/2123/1311 1384/2021/1311 
f 1386/2023/1313 727/2125/1313 725/2124/1312 1385/2022/1312 
f 1386/2023/1313 1387/2024/1314 729/2126/1314 727/2125/1313 
f 1387/2024/1314 1388/2025/1315 731/2127/1315 729/2126/1314 
f 1389/2026/1316 733/2128/1316 731/2127/1315 1388/2025/1315 
f 1389/2026/1316 1390/2027/1317 735/2129/1317 733/2128/1316 
f 1390/2027/1317 1391/2028/1318 737/2130/1318 735/2129/1317 
f 1392/2029/1319 739/2131/1319 737/2130/1318 1391/2028/1318 
f 1393/2030/1320 741/2132/1320 739/2131/1319 1392/2029/1319 
f 1393/2032/1320 1394/2031/1321 743/2133/1321 741/2134/1320 
f 1394/2031/1321 1395/2033/1322 745/2135/1322 743/2133/1321 
f 1396/2034/1323 747/2136/1323 745/2135/1322 1395/2033/1322 
f 1397/2035/1324 749/2137/1324 747/2136/1323 1396/2034/1323 
f 1397/2035/1324 1398/2036/1325 751/2138/1325 749/2137/1324 
f 1398/2036/1325 1399/2037/1326 753/2139/1326 751/2138/1325 
f 1400/2038/1327 755/2140/1327 753/2139/1326 1399/2037/1326 
f 1401/2039/1328 757/2141/1328 755/2140/1327 1400/2038/1327 
f 1401/2039/1328 1402/2040/1329 759/2142/1329 757/2141/1328 
f 1402/2040/1329 1403/2041/1330 761/2143/1330 759/2142/1329 
f 1404/2042/1331 763/2144/1331 761/2143/1330 1403/2041/1330 
f 1405/2043/1332 765/2145/1332 763/2144/1331 1404/2042/1331 
f 1406/2044/1333 767/2146/1333 765/2145/1332 1405/2043/1332 
f 1406/2044/1333 1407/2045/1334 769/2147/1334 767/2146/1333 
f 1407/2045/1334 1408/2046/1335 771/2148/1335 769/2147/1334 
f 1409/2047/1336 773/2149/1336 771/2148/1335 1408/2046/1335 
f 1410/2048/1337 775/2150/1337 773/2149/1336 1409/2047/1336 
f 1410/2048/1337 1411/2049/1338 777/2151/1338 775/2150/1337 
f 1411/2049/1338 1412/2050/1339 779/2152/1339 777/2151/1338 
f 1412/2050/1339 1413/2051/1340 781/2153/1340 779/2152/1339 
f 1414/2052/1341 783/2154/1341 781/2153/1340 1413/2051/1340 
f 1415/2053/1342 785/2155/1342 783/2154/1341 1414/2052/1341 
f 1416/2054/1343 787/2156/1343 785/2155/1342 1415/2053/1342 
f 1416/2054/1343 1417/2055/1344 789/2157/1344 787/2156/1343 
f 1417/2055/1344 1418/2056/1345 791/2158/1345 789/2157/1344 
f 1419/2057/1346 793/2159/1346 791/2158/1345 1418/2056/1345 
f 1420/2058/1347 795/2160/1347 793/2159/1346 1419/2057/1346 
f 1421/2059/1348 797/2161/1348 795/2160/1347 1420/2058/1347 
f 1421/2059/1348 1422/2060/1349 799/2162/1349 797/2161/1348 
f 1422/2060/1349 1423/2061/1350 801/2163/1350 799/2162/1349 
f 1423/2061/1350 1424/2062/1351 803/2164/1351 801/2163/1350 
f 1425/2063/1352 805/2165/1352 803/2164/1351 1424/2062/1351 
f 1426/2064/1353 807/2166/1353 805/2165/1352 1425/2063/1352 
f 1427/2065/1354 809/2167/1354 807/2166/1353 1426/2064/1353 
f 1427/2065/1354 1428/2066/1355 811/2168/1355 809/2167/1354 
f 1428/2066/1355 1429/2067/1356 813/2169/1356 811/2168/1355 
f 1429/2067/1356 1430/2068/1357 815/2170/1357 813/2169/1356 
f 1431/2069/1358 817/2171/1358 815/2170/1357 1430/2068/1357 
f 1432/2070/1359 819/2172/1359 817/2171/1358 1431/2069/1358 
f 1433/2071/1360 821/2173/1360 819/2172/1359 1432/2070/1359 
f 1433/2071/1360 1434/2072/1361 823/2174/1361 821/2173/1360 
f 1434/2072/1361 1435/2073/1362 825/2175/1362 823/2174/1361 
f 1436/2074/1363 827/2176/1363 825/2175/1362 1435/2073/1362 
f 1437/2075/1364 829/2177/1364 827/2176/1363 1436/2074/1363 
f 1438/2076/1365 831/2178/1365 829/2177/1364 1437/2075/1364 
s 299
f 834/2179/1366 935/2180/1366 1036/2181/1366 631/2182/1366 
f 1238/2183/1366 631/2182/1366 1036/2181/1366 1137/2184/1366 
f 1238/2183/1366 1339/2185/1366 631/2182/1366 
f 634/2186/1366 834/2179/1366 631/2182/1366 
s 300
f 933/2187/1367 832/2188/1367 831/2189/1367 
f 933/2187/1367 831/2189/1367 1337/2190/1367 1135/2191/1367 
f 1337/2190/1367 1236/2192/1367 1135/2191/1367 
f 1034/2193/1367 933/2187/1367 1135/2191/1367 
f 1438/2194/1367 1337/2190/1367 831/2189/1367 
s 301
f 1439/2195/1368 1440/2196/1368 1441/2197/1369 1442/2198/1369 
f 1439/2195/1368 1443/2199/1370 1444/2200/1370 1440/2196/1368 
f 1445/2201/1371 1446/2202/1371 1444/2200/1370 1443/2199/1370 
f 1445/2201/1371 1447/2203/1372 1448/2204/1372 1446/2202/1371 
f 1447/2203/1372 1449/2205/1373 1450/2206/1373 1448/2204/1372 
f 1451/2207/1374 1452/2208/1374 1450/2206/1373 1449/2205/1373 
f 1451/2207/1374 1453/2209/1375 1454/2210/1375 1452/2208/1374 
f 1455/2211/1376 1456/2212/1376 1454/2210/1375 1453/2209/1375 
f 1457/2213/1377 1458/2214/1377 1456/2212/1376 1455/2211/1376 
f 1457/2213/1377 1459/2215/1378 1460/2216/1378 1458/2214/1377 
f 1461/2217/1379 1462/2218/1379 1460/2216/1378 1459/2215/1378 
f 1463/2219/1380 1464/2220/1380 1462/2218/1379 1461/2217/1379 
f 1463/2219/1380 1465/2221/1381 1466/2222/1381 1464/2220/1380 
f 1467/2223/1382 1468/2224/1382 1466/2222/1381 1465/2221/1381 
f 1467/2223/1382 1469/2225/1383 1470/2226/1383 1468/2224/1382 
f 1469/2225/1383 1471/2227/1384 1472/2228/1384 1470/2226/1383 
f 1473/2229/1385 1474/2230/1385 1472/2228/1384 1471/2227/1384 
f 1473/2229/1385 1475/2231/1386 1476/2232/1386 1474/2230/1385 
f 1477/2233/1387 1478/2234/1387 1476/2232/1386 1475/2231/1386 
f 1479/2235/1388 1480/2236/1388 1478/2234/1387 1477/2233/1387 
f 1479/2235/1388 1481/2237/1389 1482/2238/1389 1480/2236/1388 
f 1483/2239/1390 1484/2240/1390 1482/2238/1389 1481/2237/1389 
f 1485/2241/1391 1486/2242/1391 1484/2240/1390 1483/2239/1390 
f 1485/2241/1391 1487/2243/1392 1488/2244/1392 1486/2242/1391 
f 1489/2245/1393 1490/2246/1393 1488/2244/1392 1487/2243/1392 
f 1489/2245/1393 1491/2247/1394 1492/2248/1394 1490/2246/1393 
f 1491/2247/1394 1493/2249/1395 1494/2250/1395 1492/2248/1394 
f 1495/2251/1396 1496/2252/1396 1494/2250/1395 1493/2249/1395 
f 1495/2251/1396 1497/2253/1397 1498/2254/1397 1496/2252/1396 
f 1497/2253/1397 1499/2255/1398 1500/2256/1398 1498/2254/1397 
f 1501/2257/1399 1502/2258/1399 1500/2259/1398 1499/2260/1398 
f 1501/2257/1399 1503/2261/1400 1504/2262/1400 1502/2258/1399 
f 1503/2261/1400 1505/2263/1401 1506/2264/1401 1504/2262/1400 
f 1507/2265/1402 1508/2266/1402 1506/2264/1401 1505/2263/1401 
f 1507/2265/1402 1509/2267/1403 1510/2268/1403 1508/2266/1402 
f 1509/2267/1403 1511/2269/1404 1512/2270/1404 1510/2268/1403 
f 1513/2271/1405 1514/2272/1405 1512/2270/1404 1511/2269/1404 
f 1513/2271/1405 1515/2273/1406 1516/2274/1406 1514/2272/1405 
f 1515/2273/1406 1517/2275/1407 1518/2276/1407 1516/2274/1406 
f 1519/2277/1408 1520/2278/1408 1518/2276/1407 1517/2275/1407 
f 1519/2277/1408 1521/2279/1409 1522/2280/1409 1520/2278/1408 
f 1521/2279/1409 1523/2281/1410 1524/2282/1410 1522/2280/1409 
f 1525/2283/1411 1526/2284/1411 1524/2282/1410 1523/2281/1410 
f 1525/2283/1411 1527/2285/1412 1528/2286/1412 1526/2284/1411 
f 1527/2285/1412 1529/2287/1413 1530/2288/1413 1528/2286/1412 
f 1531/2289/1414 1532/2290/1414 1530/2288/1413 1529/2287/1413 
f 1533/2291/1415 1534/2292/1415 1532/2290/1414 1531/2289/1414 
f 1533/2291/1415 1535/2293/1416 1536/2294/1416 1534/2292/1415 
f 1537/2295/1417 1538/2296/1417 1536/2294/1416 1535/2293/1416 
f 1539/2297/1418 1540/2298/1418 1538/2296/1417 1537/2295/1417 
f 1539/2297/1418 1541/2299/1419 1542/2300/1419 1540/2298/1418 
f 1541/2299/1419 1543/2301/1420 1544/2302/1420 1542/2300/1419 
f 1545/2303/1421 1546/2304/1421 1544/2302/1420 1543/2301/1420 
f 1547/2305/1422 1548/2306/1422 1546/2304/1421 1545/2303/1421 
f 1547/2305/1422 1549/2307/1423 1550/2308/1423 1548/2306/1422 
f 1549/2309/1423 1551/2310/1424 1552/2311/1424 1550/2312/1423 
f 1553/2313/1425 1554/2314/1425 1552/2311/1424 1551/2310/1424 
f 1553/2313/1425 1555/2315/1426 1556/2316/1426 1554/2314/1425 
f 1555/2315/1426 1557/2317/1427 1558/2318/1427 1556/2316/1426 
f 1559/2319/1428 1560/2320/1428 1558/2318/1427 1557/2317/1427 
f 1561/2321/1429 1562/2322/1429 1560/2320/1428 1559/2319/1428 
f 1561/2321/1429 1563/2323/1430 1564/2324/1430 1562/2322/1429 
f 1563/2323/1430 1565/2325/1431 1566/2326/1431 1564/2324/1430 
f 1567/2327/1432 1568/2328/1432 1566/2326/1431 1565/2325/1431 
f 1569/2329/1433 1570/2330/1433 1568/2328/1432 1567/2327/1432 
f 1571/2331/1434 1572/2332/1434 1570/2330/1433 1569/2329/1433 
f 1571/2331/1434 1573/2333/1435 1574/2334/1435 1572/2332/1434 
f 1573/2333/1435 1575/2335/1436 1576/2336/1436 1574/2334/1435 
f 1577/2337/1437 1578/2338/1437 1576/2336/1436 1575/2335/1436 
f 1579/2339/1438 1580/2340/1438 1578/2338/1437 1577/2337/1437 
f 1579/2339/1438 1581/2341/1439 1582/2342/1439 1580/2340/1438 
f 1581/2341/1439 1583/2343/1440 1584/2344/1440 1582/2342/1439 
f 1583/2343/1440 1585/2345/1441 1586/2346/1441 1584/2344/1440 
f 1587/2347/1442 1588/2348/1442 1586/2346/1441 1585/2345/1441 
f 1589/2349/1443 1590/2350/1443 1588/2348/1442 1587/2347/1442 
f 1591/2351/1444 1592/2352/1444 1590/2350/1443 1589/2349/1443 
f 1591/2351/1444 1593/2353/1445 1594/2354/1445 1592/2352/1444 
f 1593/2353/1445 1595/2355/1446 1596/2356/1446 1594/2354/1445 
f 1597/2357/1447 1598/2358/1447 1596/2356/1446 1595/2355/1446 
f 1599/2359/1448 1600/2360/1448 1598/2358/1447 1597/2357/1447 
f 1601/2361/1449 1602/2362/1449 1600/2360/1448 1599/2359/1448 
f 1601/2361/1449 1603/2363/1450 1604/2364/1450 1602/2362/1449 
f 1603/2363/1450 1605/2365/1451 1606/2366/1451 1604/2364/1450 
f 1605/2365/1451 1607/2367/1452 1608/2368/1452 1606/2366/1451 
f 1609/2369/1453 1610/2370/1453 1608/2368/1452 1607/2367/1452 
f 1611/2371/1454 1612/2372/1454 1610/2370/1453 1609/2369/1453 
f 1613/2373/1455 1614/2374/1455 1612/2372/1454 1611/2371/1454 
f 1613/2373/1455 1615/2375/1456 1616/2376/1456 1614/2374/1455 
f 1615/2375/1456 1617/2377/1457 1618/2378/1457 1616/2376/1456 
f 1617/2377/1457 1619/2379/1458 1620/2380/1458 1618/2378/1457 
f 1621/2381/1459 1622/2382/1459 1620/2380/1458 1619/2379/1458 
f 1623/2383/1460 1624/2384/1460 1622/2382/1459 1621/2381/1459 
f 1623/2383/1460 1625/2385/1461 1626/2386/1461 1624/2384/1460 
f 1625/2385/1461 1627/2387/1462 1628/2388/1462 1626/2386/1461 
f 1627/2387/1462 1629/2389/1463 1630/2390/1463 1628/2388/1462 
f 1631/2391/1464 1632/2392/1464 1630/2390/1463 1629/2389/1463 
f 1633/2393/1465 1634/2394/1465 1632/2392/1464 1631/2391/1464 
f 1635/2395/1466 1636/2396/1466 1634/2394/1465 1633/2393/1465 
f 1635/2395/1466 1637/2397/1467 1638/2398/1467 1636/2396/1466 
f 1637/2397/1467 1639/2399/1468 1640/2400/1468 1638/2398/1467 
s 302
f 1440/2196/1469 1641/2401/1469 1642/2402/1470 1441/2197/1470 
f 1440/2196/1469 1444/2200/1471 1643/2403/1471 1641/2401/1469 
f 1446/2202/1472 1644/2404/1472 1643/2403/1471 1444/2200/1471 
f 1448/2204/1473 1645/2405/1473 1644/2404/1472 1446/2202/1472 
f 1448/2204/1473 1450/2206/1474 1646/2406/1474 1645/2405/1473 
f 1452/2208/1475 1647/2407/1475 1646/2406/1474 1450/2206/1474 
f 1452/2208/1475 1454/2210/1476 1648/2408/1476 1647/2407/1475 
f 1454/2210/1476 1456/2212/1477 1649/2409/1477 1648/2408/1476 
f 1458/2214/1478 1650/2410/1478 1649/2409/1477 1456/2212/1477 
f 1458/2214/1478 1460/2216/1479 1651/2411/1479 1650/2410/1478 
f 1462/2218/1480 1652/2412/1480 1651/2411/1479 1460/2216/1479 
f 1464/2220/1481 1653/2413/1481 1652/2412/1480 1462/2218/1480 
f 1464/2220/1481 1466/2222/1482 1654/2414/1482 1653/2413/1481 
f 1468/2224/1483 1655/2415/1483 1654/2414/1482 1466/2222/1482 
f 1470/2226/1484 1656/2416/1484 1655/2415/1483 1468/2224/1483 
f 1470/2226/1484 1472/2228/1485 1657/2417/1485 1656/2416/1484 
f 1474/2230/1486 1658/2418/1486 1657/2417/1485 1472/2228/1485 
f 1474/2230/1486 1476/2232/1487 1659/2419/1487 1658/2418/1486 
f 1476/2232/1487 1478/2234/1488 1660/2420/1488 1659/2419/1487 
f 1480/2236/1489 1661/2421/1489 1660/2420/1488 1478/2234/1488 
f 1480/2236/1489 1482/2238/1490 1662/2422/1490 1661/2421/1489 
f 1484/2240/1491 1663/2423/1491 1662/2422/1490 1482/2238/1490 
f 1486/2242/1492 1664/2424/1492 1663/2423/1491 1484/2240/1491 
f 1486/2242/1492 1488/2244/1493 1665/2425/1493 1664/2424/1492 
f 1490/2246/1494 1666/2426/1494 1665/2425/1493 1488/2244/1493 
f 1492/2248/1495 1667/2427/1495 1666/2426/1494 1490/2246/1494 
f 1492/2248/1495 1494/2250/1496 1668/2428/1496 1667/2427/1495 
f 1496/2252/1497 1669/2429/1497 1668/2428/1496 1494/2250/1496 
f 1498/2254/1498 1670/2430/1498 1669/2429/1497 1496/2252/1497 
f 1498/2254/1498 1500/2256/1499 1671/2431/1499 1670/2430/1498 
f 1502/2258/1500 1672/2432/1500 1671/2433/1499 1500/2259/1499 
f 1504/2262/1501 1673/2434/1501 1672/2432/1500 1502/2258/1500 
f 1504/2262/1501 1506/2264/1502 1674/2435/1502 1673/2434/1501 
f 1508/2266/1503 1675/2436/1503 1674/2435/1502 1506/2264/1502 
f 1508/2266/1503 1510/2268/1504 1676/2437/1504 1675/2436/1503 
f 1510/2268/1504 1512/2270/1505 1677/2438/1505 1676/2437/1504 
f 1514/2272/1506 1678/2439/1506 1677/2438/1505 1512/2270/1505 
f 1516/2274/1507 1679/2440/1507 1678/2439/1506 1514/2272/1506 
f 1516/2274/1507 1518/2276/1508 1680/2441/1508 1679/2440/1507 
f 1520/2278/1509 1681/2442/1509 1680/2441/1508 1518/2276/1508 
f 1522/2280/1510 1682/2443/1510 1681/2442/1509 1520/2278/1509 
f 1522/2280/1510 1524/2282/1511 1683/2444/1511 1682/2443/1510 
f 1526/2284/1512 1684/2445/1512 1683/2444/1511 1524/2282/1511 
f 1528/2286/1513 1685/2446/1513 1684/2445/1512 1526/2284/1512 
f 1528/2286/1513 1530/2288/1514 1686/2447/1514 1685/2446/1513 
f 1532/2290/1515 1687/2448/1515 1686/2447/1514 1530/2288/1514 
f 1534/2292/1516 1688/2449/1516 1687/2448/1515 1532/2290/1515 
f 1534/2292/1516 1536/2294/1517 1689/2450/1517 1688/2449/1516 
f 1536/2294/1517 1538/2296/1518 1690/2451/1518 1689/2450/1517 
f 1540/2298/1519 1691/2452/1519 1690/2451/1518 1538/2296/1518 
f 1542/2300/1520 1692/2453/1520 1691/2452/1519 1540/2298/1519 
f 1542/2300/1520 1544/2302/1521 1693/2454/1521 1692/2453/1520 
f 1546/2304/1522 1694/2455/1522 1693/2454/1521 1544/2302/1521 
f 1548/2306/1523 1695/2456/1523 1694/2455/1522 1546/2304/1522 
f 1548/2306/1523 1550/2308/1524 1696/2457/1524 1695/2456/1523 
f 1550/2312/1524 1552/2311/1525 1697/2458/1525 1696/2459/1524 
f 1554/2314/1526 1698/2460/1526 1697/2458/1525 1552/2311/1525 
f 1556/2316/1527 1699/2461/1527 1698/2460/1526 1554/2314/1526 
f 1556/2316/1527 1558/2318/1528 1700/2462/1528 1699/2461/1527 
f 1558/2318/1528 1560/2320/1529 1701/2463/1529 1700/2462/1528 
f 1562/2322/1530 1702/2464/1530 1701/2463/1529 1560/2320/1529 
f 1564/2324/1531 1703/2465/1531 1702/2464/1530 1562/2322/1530 
f 1564/2324/1531 1566/2326/1532 1704/2466/1532 1703/2465/1531 
f 1566/2326/1532 1568/2328/1533 1705/2467/1533 1704/2466/1532 
f 1570/2330/1534 1706/2468/1534 1705/2467/1533 1568/2328/1533 
f 1572/2332/1535 1707/2469/1535 1706/2468/1534 1570/2330/1534 
f 1572/2332/1535 1574/2334/1536 1708/2470/1536 1707/2469/1535 
f 1574/2334/1536 1576/2336/1537 1709/2471/1537 1708/2470/1536 
f 1576/2336/1537 1578/2338/1538 1710/2472/1538 1709/2471/1537 
f 1580/2340/1539 1711/2473/1539 1710/2472/1538 1578/2338/1538 
f 1582/2342/1540 1712/2474/1540 1711/2473/1539 1580/2340/1539 
f 1582/2342/1540 1584/2344/1541 1713/2475/1541 1712/2474/1540 
f 1584/2344/1541 1586/2346/1542 1714/2476/1542 1713/2475/1541 
f 1586/2346/1542 1588/2348/1543 1715/2477/1543 1714/2476/1542 
f 1590/2350/1544 1716/2478/1544 1715/2477/1543 1588/2348/1543 
f 1592/2352/1545 1717/2479/1545 1716/2478/1544 1590/2350/1544 
f 1592/2352/1545 1594/2354/1546 1718/2480/1546 1717/2479/1545 
f 1594/2354/1546 1596/2356/1547 1719/2481/1547 1718/2480/1546 
f 1596/2356/1547 1598/2358/1548 1720/2482/1548 1719/2481/1547 
f 1600/2360/1549 1721/2483/1549 1720/2482/1548 1598/2358/1548 
f 1602/2362/1550 1722/2484/1550 1721/2483/1549 1600/2360/1549 
f 1604/2364/1551 1723/2485/1551 1722/2484/1550 1602/2362/1550 
f 1604/2364/1551 1606/2366/1552 1724/2486/1552 1723/2485/1551 
f 1606/2366/1552 1608/2368/1553 1725/2487/1553 1724/2486/1552 
f 1608/2368/1553 1610/2370/1554 1726/2488/1554 1725/2487/1553 
f 1612/2372/1555 1727/2489/1555 1726/2488/1554 1610/2370/1554 
f 1614/2374/1556 1728/2490/1556 1727/2489/1555 1612/2372/1555 
f 1616/2376/1557 1729/2491/1557 1728/2490/1556 1614/2374/1556 
f 1616/2376/1557 1618/2378/1558 1730/2492/1558 1729/2491/1557 
f 1618/2378/1558 1620/2380/1559 1731/2493/1559 1730/2492/1558 
f 1622/2382/1560 1732/2494/1560 1731/2493/1559 1620/2380/1559 
f 1624/2384/1561 1733/2495/1561 1732/2494/1560 1622/2382/1560 
f 1626/2386/1562 1734/2496/1562 1733/2495/1561 1624/2384/1561 
f 1626/2386/1562 1628/2388/1563 1735/2497/1563 1734/2496/1562 
f 1628/2388/1563 1630/2390/1564 1736/2498/1564 1735/2497/1563 
f 1630/2390/1564 1632/2392/1565 1737/2499/1565 1736/2498/1564 
f 1634/2394/1566 1738/2500/1566 1737/2499/1565 1632/2392/1565 
f 1636/2396/1567 1739/2501/1567 1738/2500/1566 1634/2394/1566 
f 1636/2396/1567 1638/2398/1568 1740/2502/1568 1739/2501/1567 
f 1638/2398/1568 1640/2400/1569 1741/2503/1569 1740/2502/1568 
s 303
f 1641/2401/1570 1742/2504/1570 1743/2505/1571 1642/2402/1571 
f 1641/2401/1570 1643/2403/1572 1744/2506/1572 1742/2504/1570 
f 1643/2403/1572 1644/2404/1573 1745/2507/1573 1744/2506/1572 
f 1645/2405/1574 1746/2508/1574 1745/2507/1573 1644/2404/1573 
f 1645/2405/1574 1646/2406/1575 1747/2509/1575 1746/2508/1574 
f 1647/2407/1576 1748/2510/1576 1747/2509/1575 1646/2406/1575 
f 1648/2408/1577 1749/2511/1577 1748/2510/1576 1647/2407/1576 
f 1648/2408/1577 1649/2409/1578 1750/2512/1578 1749/2511/1577 
f 1650/2410/1579 1751/2513/1579 1750/2512/1578 1649/2409/1578 
f 1650/2410/1579 1651/2411/1580 1752/2514/1580 1751/2513/1579 
f 1651/2411/1580 1652/2412/1581 1753/2515/1581 1752/2514/1580 
f 1653/2413/1582 1754/2516/1582 1753/2515/1581 1652/2412/1581 
f 1653/2413/1582 1654/2414/1583 1755/2517/1583 1754/2516/1582 
f 1654/2414/1583 1655/2415/1584 1756/2518/1584 1755/2517/1583 
f 1656/2416/1585 1757/2519/1585 1756/2518/1584 1655/2415/1584 
f 1656/2416/1585 1657/2417/1586 1758/2520/1586 1757/2519/1585 
f 1658/2418/1587 1759/2521/1587 1758/2520/1586 1657/2417/1586 
f 1659/2419/1588 1760/2522/1588 1759/2521/1587 1658/2418/1587 
f 1659/2419/1588 1660/2420/1589 1761/2523/1589 1760/2522/1588 
f 1661/2421/1590 1762/2524/1590 1761/2523/1589 1660/2420/1589 
f 1661/2421/1590 1662/2422/1591 1763/2525/1591 1762/2524/1590 
f 1662/2422/1591 1663/2423/1592 1764/2526/1592 1763/2525/1591 
f 1664/2424/1593 1765/2527/1593 1764/2526/1592 1663/2423/1592 
f 1664/2424/1593 1665/2425/1594 1766/2528/1594 1765/2527/1593 
f 1665/2425/1594 1666/2426/1595 1767/2529/1595 1766/2528/1594 
f 1667/2427/1596 1768/2530/1596 1767/2529/1595 1666/2426/1595 
f 1667/2427/1596 1668/2428/1597 1769/2531/1597 1768/2530/1596 
f 1669/2429/1598 1770/2532/1598 1769/2531/1597 1668/2428/1597 
f 1670/2430/1599 1771/2533/1599 1770/2532/1598 1669/2429/1598 
f 1670/2430/1599 1671/2431/1600 1772/2534/1600 1771/2533/1599 
f 1672/2432/1601 1773/2535/1601 1772/2536/1600 1671/2433/1600 
f 1673/2434/1602 1774/2537/1602 1773/2535/1601 1672/2432/1601 
f 1673/2434/1602 1674/2435/1603 1775/2538/1603 1774/2537/1602 
f 1675/2436/1604 1776/2539/1604 1775/2538/1603 1674/2435/1603 
f 1676/2437/1605 1777/2540/1605 1776/2539/1604 1675/2436/1604 
f 1676/2437/1605 1677/2438/1606 1778/2541/1606 1777/2540/1605 
f 1678/2439/1607 1779/2542/1607 1778/2541/1606 1677/2438/1606 
f 1679/2440/1608 1780/2543/1608 1779/2542/1607 1678/2439/1607 
f 1679/2440/1608 1680/2441/1609 1781/2544/1609 1780/2543/1608 
f 1681/2442/1610 1782/2545/1610 1781/2544/1609 1680/2441/1609 
f 1682/2443/1611 1783/2546/1611 1782/2545/1610 1681/2442/1610 
f 1682/2443/1611 1683/2444/1612 1784/2547/1612 1783/2546/1611 
f 1683/2444/1612 1684/2445/1613 1785/2548/1613 1784/2547/1612 
f 1685/2446/1614 1786/2549/1614 1785/2548/1613 1684/2445/1613 
f 1685/2446/1614 1686/2447/1615 1787/2550/1615 1786/2549/1614 
f 1686/2447/1615 1687/2448/1616 1788/2551/1616 1787/2550/1615 
f 1688/2449/1617 1789/2552/1617 1788/2551/1616 1687/2448/1616 
f 1689/2450/1618 1790/2553/1618 1789/2552/1617 1688/2449/1617 
f 1689/2450/1618 1690/2451/1619 1791/2554/1619 1790/2553/1618 
f 1691/2452/1620 1792/2555/1620 1791/2554/1619 1690/2451/1619 
f 1692/2453/1621 1793/2556/1621 1792/2555/1620 1691/2452/1620 
f 1692/2453/1621 1693/2454/1622 1794/2557/1622 1793/2556/1621 
f 1693/2454/1622 1694/2455/1623 1795/2558/1623 1794/2557/1622 
f 1695/2456/1624 1796/2559/1624 1795/2558/1623 1694/2455/1623 
f 1696/2457/1625 1797/2560/1625 1796/2559/1624 1695/2456/1624 
f 1696/2459/1625 1697/2458/1626 1798/2561/1626 1797/2562/1625 
f 1698/2460/1627 1799/2563/1627 1798/2561/1626 1697/2458/1626 
f 1699/2461/1628 1800/2564/1628 1799/2563/1627 1698/2460/1627 
f 1699/2461/1628 1700/2462/1629 1801/2565/1629 1800/2564/1628 
f 1700/2462/1629 1701/2463/1630 1802/2566/1630 1801/2565/1629 
f 1702/2464/1631 1803/2567/1631 1802/2566/1630 1701/2463/1630 
f 1703/2465/1632 1804/2568/1632 1803/2567/1631 1702/2464/1631 
f 1703/2465/1632 1704/2466/1633 1805/2569/1633 1804/2568/1632 
f 1704/2466/1633 1705/2467/1634 1806/2570/1634 1805/2569/1633 
f 1705/2467/1634 1706/2468/1635 1807/2571/1635 1806/2570/1634 
f 1707/2469/1636 1808/2572/1636 1807/2571/1635 1706/2468/1635 
f 1708/2470/1637 1809/2573/1637 1808/2572/1636 1707/2469/1636 
f 1708/2470/1637 1709/2471/1638 1810/2574/1638 1809/2573/1637 
f 1709/2471/1638 1710/2472/1639 1811/2575/1639 1810/2574/1638 
f 1711/2473/1640 1812/2576/1640 1811/2575/1639 1710/2472/1639 
f 1712/2474/1641 1813/2577/1641 1812/2576/1640 1711/2473/1640 
f 1713/2475/1642 1814/2578/1642 1813/2577/1641 1712/2474/1641 
f 1713/2475/1642 1714/2476/1643 1815/2579/1643 1814/2578/1642 
f 1714/2476/1643 1715/2477/1644 1816/2580/1644 1815/2579/1643 
f 1716/2478/1645 1817/2581/1645 1816/2580/1644 1715/2477/1644 
f 1717/2479/1646 1818/2582/1646 1817/2581/1645 1716/2478/1645 
f 1718/2480/1647 1819/2583/1647 1818/2582/1646 1717/2479/1646 
f 1718/2480/1647 1719/2481/1648 1820/2584/1648 1819/2583/1647 
f 1719/2481/1648 1720/2482/1649 1821/2585/1649 1820/2584/1648 
f 1720/2482/1649 1721/2483/1650 1822/2586/1650 1821/2585/1649 
f 1722/2484/1651 1823/2587/1651 1822/2586/1650 1721/2483/1650 
f 1723/2485/1652 1824/2588/1652 1823/2587/1651 1722/2484/1651 
f 1723/2485/1652 1724/2486/1653 1825/2589/1653 1824/2588/1652 
f 1724/2486/1653 1725/2487/1654 1826/2590/1654 1825/2589/1653 
f 1725/2487/1654 1726/2488/1655 1827/2591/1655 1826/2590/1654 
f 1727/2489/1656 1828/2592/1656 1827/2591/1655 1726/2488/1655 
f 1728/2490/1657 1829/2593/1657 1828/2592/1656 1727/2489/1656 
f 1729/2491/1658 1830/2594/1658 1829/2593/1657 1728/2490/1657 
f 1729/2491/1658 1730/2492/1659 1831/2595/1659 1830/2594/1658 
f 1730/2492/1659 1731/2493/1660 1832/2596/1660 1831/2595/1659 
f 1731/2493/1660 1732/2494/1661 1833/2597/1661 1832/2596/1660 
f 1733/2495/1662 1834/2598/1662 1833/2597/1661 1732/2494/1661 
f 1734/2496/1663 1835/2599/1663 1834/2598/1662 1733/2495/1662 
f 1735/2497/1664 1836/2600/1664 1835/2599/1663 1734/2496/1663 
f 1735/2497/1664 1736/2498/1665 1837/2601/1665 1836/2600/1664 
f 1736/2498/1665 1737/2499/1666 1838/2602/1666 1837/2601/1665 
f 1738/2500/1667 1839/2603/1667 1838/2602/1666 1737/2499/1666 
f 1739/2501/1668 1840/2604/1668 1839/2603/1667 1738/2500/1667 
f 1740/2502/1669 1841/2605/1669 1840/2604/1668 1739/2501/1668 
f 1740/2502/1669 1741/2503/1670 1842/2606/1670 1841/2605/1669 
s 304
f 1742/2504/1671 1843/2607/1671 1844/2608/1672 1743/2505/1672 
f 1744/2506/1673 1845/2609/1673 1843/2607/1671 1742/2504/1671 
f 1744/2506/1673 1745/2507/1674 1846/2610/1674 1845/2609/1673 
f 1746/2508/1675 1847/2611/1675 1846/2610/1674 1745/2507/1674 
f 1746/2508/1675 1747/2509/1676 1848/2612/1676 1847/2611/1675 
f 1747/2509/1676 1748/2510/1677 1849/2613/1677 1848/2612/1676 
f 1749/2511/1678 1850/2614/1678 1849/2613/1677 1748/2510/1677 
f 1749/2511/1678 1750/2512/1679 1851/2615/1679 1850/2614/1678 
f 1751/2513/1680 1852/2616/1680 1851/2615/1679 1750/2512/1679 
f 1752/2514/1681 1853/2617/1681 1852/2616/1680 1751/2513/1680 
f 1752/2514/1681 1753/2515/1682 1854/2618/1682 1853/2617/1681 
f 1754/2516/1683 1855/2619/1683 1854/2618/1682 1753/2515/1682 
f 1755/2517/1684 1856/2620/1684 1855/2619/1683 1754/2516/1683 
f 1755/2517/1684 1756/2518/1685 1857/2621/1685 1856/2620/1684 
f 1757/2519/1686 1858/2622/1686 1857/2621/1685 1756/2518/1685 
f 1757/2519/1686 1758/2520/1687 1859/2623/1687 1858/2622/1686 
f 1758/2520/1687 1759/2521/1688 1860/2624/1688 1859/2623/1687 
f 1760/2522/1689 1861/2625/1689 1860/2624/1688 1759/2521/1688 
f 1760/2522/1689 1761/2523/1690 1862/2626/1690 1861/2625/1689 
f 1762/2524/1691 1863/2627/1691 1862/2626/1690 1761/2523/1690 
f 1763/2525/1692 1864/2628/1692 1863/2627/1691 1762/2524/1691 
f 1763/2525/1692 1764/2526/1693 1865/2629/1693 1864/2628/1692 
f 1765/2527/1694 1866/2630/1694 1865/2629/1693 1764/2526/1693 
f 1766/2528/1695 1867/2631/1695 1866/2630/1694 1765/2527/1694 
f 1766/2528/1695 1767/2529/1696 1868/2632/1696 1867/2631/1695 
f 1768/2530/1697 1869/2633/1697 1868/2632/1696 1767/2529/1696 
f 1768/2530/1697 1769/2531/1698 1870/2634/1698 1869/2633/1697 
f 1769/2531/1698 1770/2532/1699 1871/2635/1699 1870/2634/1698 
f 1771/2533/1700 1872/2636/1700 1871/2635/1699 1770/2532/1699 
f 1771/2533/1700 1772/2534/1701 1873/2637/1701 1872/2636/1700 
f 1772/2536/1701 1773/2535/1702 1874/2638/1702 1873/2639/1701 
f 1774/2537/1703 1875/2640/1703 1874/2638/1702 1773/2535/1702 
f 1774/2537/1703 1775/2538/1704 1876/2641/1704 1875/2640/1703 
f 1775/2538/1704 1776/2539/1705 1877/2642/1705 1876/2641/1704 
f 1777/2540/1706 1878/2643/1706 1877/2642/1705 1776/2539/1705 
f 1777/2540/1706 1778/2541/1707 1879/2644/1707 1878/2643/1706 
f 1778/2541/1707 1779/2542/1708 1880/2645/1708 1879/2644/1707 
f 1780/2543/1709 1881/2646/1709 1880/2645/1708 1779/2542/1708 
f 1780/2543/1709 1781/2544/1710 1882/2647/1710 1881/2646/1709 
f 1781/2544/1710 1782/2545/1711 1883/2648/1711 1882/2647/1710 
f 1783/2546/1712 1884/2649/1712 1883/2648/1711 1782/2545/1711 
f 1783/2546/1712 1784/2547/1713 1885/2650/1713 1884/2649/1712 
f 1784/2547/1713 1785/2548/1714 1886/2651/1714 1885/2650/1713 
f 1786/2549/1715 1887/2652/1715 1886/2651/1714 1785/2548/1714 
f 1787/2550/1716 1888/2653/1716 1887/2652/1715 1786/2549/1715 
f 1787/2550/1716 1788/2551/1717 1889/2654/1717 1888/2653/1716 
f 1789/2552/1718 1890/2655/1718 1889/2654/1717 1788/2551/1717 
f 1790/2553/1719 1891/2656/1719 1890/2655/1718 1789/2552/1718 
f 1790/2553/1719 1791/2554/1720 1892/2657/1720 1891/2656/1719 
f 1791/2554/1720 1792/2555/1721 1893/2658/1721 1892/2657/1720 
f 1793/2556/1722 1894/2659/1722 1893/2658/1721 1792/2555/1721 
f 1793/2556/1722 1794/2557/1723 1895/2660/1723 1894/2659/1722 
f 1794/2557/1723 1795/2558/1724 1896/2661/1724 1895/2660/1723 
f 1796/2559/1725 1897/2662/1725 1896/2661/1724 1795/2558/1724 
f 1797/2560/1726 1898/2663/1726 1897/2662/1725 1796/2559/1725 
f 1797/2562/1726 1798/2561/1727 1899/2664/1727 1898/2665/1726 
f 1798/2561/1727 1799/2563/1728 1900/2666/1728 1899/2664/1727 
f 1800/2564/1729 1901/2667/1729 1900/2666/1728 1799/2563/1728 
f 1801/2565/1730 1902/2668/1730 1901/2667/1729 1800/2564/1729 
f 1801/2565/1730 1802/2566/1731 1903/2669/1731 1902/2668/1730 
f 1802/2566/1731 1803/2567/1732 1904/2670/1732 1903/2669/1731 
f 1804/2568/1733 1905/2671/1733 1904/2670/1732 1803/2567/1732 
f 1805/2569/1734 1906/2672/1734 1905/2671/1733 1804/2568/1733 
f 1805/2569/1734 1806/2570/1735 1907/2673/1735 1906/2672/1734 
f 1806/2570/1735 1807/2571/1736 1908/2674/1736 1907/2673/1735 
f 1808/2572/1737 1909/2675/1737 1908/2674/1736 1807/2571/1736 
f 1809/2573/1738 1910/2676/1738 1909/2675/1737 1808/2572/1737 
f 1809/2573/1738 1810/2574/1739 1911/2677/1739 1910/2676/1738 
f 1810/2574/1739 1811/2575/1740 1912/2678/1740 1911/2677/1739 
f 1811/2575/1740 1812/2576/1741 1913/2679/1741 1912/2678/1740 
f 1813/2577/1742 1914/2680/1742 1913/2679/1741 1812/2576/1741 
f 1814/2578/1743 1915/2681/1743 1914/2680/1742 1813/2577/1742 
f 1814/2578/1743 1815/2579/1744 1916/2682/1744 1915/2681/1743 
f 1815/2579/1744 1816/2580/1745 1917/2683/1745 1916/2682/1744 
f 1816/2580/1745 1817/2581/1746 1918/2684/1746 1917/2683/1745 
f 1818/2582/1747 1919/2685/1747 1918/2684/1746 1817/2581/1746 
f 1819/2583/1748 1920/2686/1748 1919/2685/1747 1818/2582/1747 
f 1820/2584/1749 1921/2687/1749 1920/2686/1748 1819/2583/1748 
f 1820/2584/1749 1821/2585/1750 1922/2688/1750 1921/2687/1749 
f 1821/2585/1750 1822/2586/1751 1923/2689/1751 1922/2688/1750 
f 1823/2587/1752 1924/2690/1752 1923/2689/1751 1822/2586/1751 
f 1824/2588/1753 1925/2691/1753 1924/2690/1752 1823/2587/1752 
f 1825/2589/1754 1926/2692/1754 1925/2691/1753 1824/2588/1753 
f 1825/2589/1754 1826/2590/1755 1927/2693/1755 1926/2692/1754 
f 1826/2590/1755 1827/2591/1756 1928/2694/1756 1927/2693/1755 
f 1827/2591/1756 1828/2592/1757 1929/2695/1757 1928/2694/1756 
f 1829/2593/1758 1930/2696/1758 1929/2695/1757 1828/2592/1757 
f 1830/2594/1759 1931/2697/1759 1930/2696/1758 1829/2593/1758 
f 1831/2595/1760 1932/2698/1760 1931/2697/1759 1830/2594/1759 
f 1831/2595/1760 1832/2596/1761 1933/2699/1761 1932/2698/1760 
f 1832/2596/1761 1833/2597/1762 1934/2700/1762 1933/2699/1761 
f 1834/2598/1763 1935/2701/1763 1934/2700/1762 1833/2597/1762 
f 1835/2599/1764 1936/2702/1764 1935/2701/1763 1834/2598/1763 
f 1836/2600/1765 1937/2703/1765 1936/2702/1764 1835/2599/1764 
f 1836/2600/1765 1837/2601/1766 1938/2704/1766 1937/2703/1765 
f 1837/2601/1766 1838/2602/1767 1939/2705/1767 1938/2704/1766 
f 1838/2602/1767 1839/2603/1768 1940/2706/1768 1939/2705/1767 
f 1840/2604/1769 1941/2707/1769 1940/2706/1768 1839/2603/1768 
f 1841/2605/1770 1942/2708/1770 1941/2707/1769 1840/2604/1769 
f 1842/2606/1771 1943/2709/1771 1942/2708/1770 1841/2605/1770 
s 305
f 1844/2710/1772 1843/2711/1773 1944/2712/1773 1945/2713/1772 
f 1845/2714/1774 1946/2715/1774 1944/2712/1773 1843/2711/1773 
f 1845/2714/1774 1846/2716/1775 1947/2717/1775 1946/2715/1774 
f 1847/2718/1776 1948/2719/1776 1947/2717/1775 1846/2716/1775 
f 1848/2720/1777 1949/2721/1777 1948/2719/1776 1847/2718/1776 
f 1848/2720/1777 1849/2722/1778 1950/2723/1778 1949/2721/1777 
f 1850/2724/1779 1951/2725/1779 1950/2723/1778 1849/2722/1778 
f 1850/2724/1779 1851/2726/1780 1952/2727/1780 1951/2725/1779 
f 1851/2726/1780 1852/2728/1781 1953/2729/1781 1952/2727/1780 
f 1853/2730/1782 1954/2731/1782 1953/2729/1781 1852/2728/1781 
f 1853/2730/1782 1854/2732/1783 1955/2733/1783 1954/2731/1782 
f 1855/2734/1784 1956/2735/1784 1955/2733/1783 1854/2732/1783 
f 1856/2736/1785 1957/2737/1785 1956/2735/1784 1855/2734/1784 
f 1856/2736/1785 1857/2738/1786 1958/2739/1786 1957/2737/1785 
f 1858/2740/1787 1959/2741/1787 1958/2739/1786 1857/2738/1786 
f 1859/2742/1788 1960/2743/1788 1959/2741/1787 1858/2740/1787 
f 1859/2742/1788 1860/2744/1789 1961/2745/1789 1960/2743/1788 
f 1861/2746/1790 1962/2747/1790 1961/2745/1789 1860/2744/1789 
f 1861/2746/1790 1862/2748/1791 1963/2749/1791 1962/2747/1790 
f 1862/2748/1791 1863/2750/1792 1964/2751/1792 1963/2749/1791 
f 1864/2752/1793 1965/2753/1793 1964/2751/1792 1863/2750/1792 
f 1864/2752/1793 1865/2754/1794 1966/2755/1794 1965/2753/1793 
f 1866/2756/1795 1967/2757/1795 1966/2755/1794 1865/2754/1794 
f 1867/2758/1796 1968/2759/1796 1967/2757/1795 1866/2756/1795 
f 1867/2758/1796 1868/2760/1797 1969/2761/1797 1968/2759/1796 
f 1869/2762/1798 1970/2763/1798 1969/2761/1797 1868/2760/1797 
f 1870/2764/1799 1971/2765/1799 1970/2763/1798 1869/2762/1798 
f 1870/2764/1799 1871/2766/1800 1972/2767/1800 1971/2765/1799 
f 1872/2768/1801 1973/2769/1801 1972/2767/1800 1871/2766/1800 
f 1873/2770/1802 1974/2771/1802 1973/2769/1801 1872/2768/1801 
f 1873/2772/1802 1874/2773/1803 1975/2774/1803 1974/2775/1802 
f 1875/2776/1804 1976/2777/1804 1975/2774/1803 1874/2773/1803 
f 1876/2778/1805 1977/2779/1805 1976/2777/1804 1875/2776/1804 
f 1876/2778/1805 1877/2780/1806 1978/2781/1806 1977/2779/1805 
f 1878/2782/1807 1979/2783/1807 1978/2781/1806 1877/2780/1806 
f 1879/2784/1808 1980/2785/1808 1979/2783/1807 1878/2782/1807 
f 1879/2784/1808 1880/2786/1809 1981/2787/1809 1980/2785/1808 
f 1881/2788/1810 1982/2789/1810 1981/2787/1809 1880/2786/1809 
f 1882/2790/1811 1983/2791/1811 1982/2789/1810 1881/2788/1810 
f 1882/2790/1811 1883/2792/1812 1984/2793/1812 1983/2791/1811 
f 1884/2794/1813 1985/2795/1813 1984/2793/1812 1883/2792/1812 
f 1885/2796/1814 1986/2797/1814 1985/2795/1813 1884/2794/1813 
f 1885/2796/1814 1886/2798/1815 1987/2799/1815 1986/2797/1814 
f 1887/2800/1816 1988/2801/1816 1987/2799/1815 1886/2798/1815 
f 1888/2802/1817 1989/2803/1817 1988/2801/1816 1887/2800/1816 
f 1888/2802/1817 1889/2804/1818 1990/2805/1818 1989/2803/1817 
f 1889/2804/1818 1890/2806/1819 1991/2807/1819 1990/2805/1818 
f 1891/2808/1820 1992/2809/1820 1991/2807/1819 1890/2806/1819 
f 1891/2808/1820 1892/2810/1821 1993/2811/1821 1992/2809/1820 
f 1892/2810/1821 1893/2812/1822 1994/2813/1822 1993/2811/1821 
f 1894/2814/1823 1995/2815/1823 1994/2813/1822 1893/2812/1822 
f 1895/2816/1824 1996/2817/1824 1995/2815/1823 1894/2814/1823 
f 1895/2816/1824 1896/2818/1825 1997/2819/1825 1996/2817/1824 
f 1896/2818/1825 1897/2820/1826 1998/2821/1826 1997/2819/1825 
f 1898/2822/1827 1999/2823/1827 1998/2821/1826 1897/2820/1826 
f 1899/2824/1828 2000/2825/1828 1999/2826/1827 1898/2827/1827 
f 1899/2824/1828 1900/2828/1829 2001/2829/1829 2000/2825/1828 
f 1901/2830/1830 2002/2831/1830 2001/2829/1829 1900/2828/1829 
f 1902/2832/1831 2003/2833/1831 2002/2831/1830 1901/2830/1830 
f 1902/2832/1831 1903/2834/1832 2004/2835/1832 2003/2833/1831 
f 1903/2834/1832 1904/2836/1833 2005/2837/1833 2004/2835/1832 
f 1905/2838/1834 2006/2839/1834 2005/2837/1833 1904/2836/1833 
f 1906/2840/1835 2007/2841/1835 2006/2839/1834 1905/2838/1834 
f 1907/2842/1836 2008/2843/1836 2007/2841/1835 1906/2840/1835 
f 1907/2842/1836 1908/2844/1837 2009/2845/1837 2008/2843/1836 
f 1908/2844/1837 1909/2846/1838 2010/2847/1838 2009/2845/1837 
f 1910/2848/1839 2011/2849/1839 2010/2847/1838 1909/2846/1838 
f 1911/2850/1840 2012/2851/1840 2011/2849/1839 1910/2848/1839 
f 1911/2850/1840 1912/2852/1841 2013/2853/1841 2012/2851/1840 
f 1912/2852/1841 1913/2854/1842 2014/2855/1842 2013/2853/1841 
f 1914/2856/1843 2015/2857/1843 2014/2855/1842 1913/2854/1842 
f 1915/2858/1844 2016/2859/1844 2015/2857/1843 1914/2856/1843 
f 1916/2860/1845 2017/2861/1845 2016/2859/1844 1915/2858/1844 
f 1916/2860/1845 1917/2862/1846 2018/2863/1846 2017/2861/1845 
f 1917/2862/1846 1918/2864/1847 2019/2865/1847 2018/2863/1846 
f 1918/2864/1847 1919/2866/1848 2020/2867/1848 2019/2865/1847 
f 1920/2868/1849 2021/2869/1849 2020/2867/1848 1919/2866/1848 
f 1921/2870/1850 2022/2871/1850 2021/2869/1849 1920/2868/1849 
f 1921/2870/1850 1922/2872/1851 2023/2873/1851 2022/2871/1850 
f 1922/2872/1851 1923/2874/1852 2024/2875/1852 2023/2873/1851 
f 1923/2874/1852 1924/2876/1853 2025/2877/1853 2024/2875/1852 
f 1925/2878/1854 2026/2879/1854 2025/2877/1853 1924/2876/1853 
f 1926/2880/1855 2027/2881/1855 2026/2879/1854 1925/2878/1854 
f 1927/2882/1856 2028/2883/1856 2027/2881/1855 1926/2880/1855 
f 1927/2882/1856 1928/2884/1857 2029/2885/1857 2028/2883/1856 
f 1928/2884/1857 1929/2886/1858 2030/2887/1858 2029/2885/1857 
f 1929/2886/1858 1930/2888/1859 2031/2889/1859 2030/2887/1858 
f 1931/2890/1860 2032/2891/1860 2031/2889/1859 1930/2888/1859 
f 1932/2892/1861 2033/2893/1861 2032/2891/1860 1931/2890/1860 
f 1933/2894/1862 2034/2895/1862 2033/2893/1861 1932/2892/1861 
f 1933/2894/1862 1934/2896/1863 2035/2897/1863 2034/2895/1862 
f 1934/2896/1863 1935/2898/1864 2036/2899/1864 2035/2897/1863 
f 1936/2900/1865 2037/2901/1865 2036/2899/1864 1935/2898/1864 
f 1937/2902/1866 2038/2903/1866 2037/2901/1865 1936/2900/1865 
f 1938/2904/1867 2039/2905/1867 2038/2903/1866 1937/2902/1866 
f 1938/2904/1867 1939/2906/1868 2040/2907/1868 2039/2905/1867 
f 1939/2906/1868 1940/2908/1869 2041/2909/1869 2040/2907/1868 
f 1940/2908/1869 1941/2910/1870 2042/2911/1870 2041/2909/1869 
f 1942/2912/1871 2043/2913/1871 2042/2911/1870 1941/2910/1870 
f 1943/2914/1872 2044/2915/1872 2043/2913/1871 1942/2912/1871 
s 306
f 1945/2713/1873 1944/2712/1874 2045/2916/1874 2046/2917/1873 
f 1946/2715/1875 2047/2918/1875 2045/2916/1874 1944/2712/1874 
f 1946/2715/1875 1947/2717/1876 2048/2919/1876 2047/2918/1875 
f 1947/2717/1876 1948/2719/1877 2049/2920/1877 2048/2919/1876 
f 1949/2721/1878 2050/2921/1878 2049/2920/1877 1948/2719/1877 
f 1949/2721/1878 1950/2723/1879 2051/2922/1879 2050/2921/1878 
f 1951/2725/1880 2052/2923/1880 2051/2922/1879 1950/2723/1879 
f 1952/2727/1881 2053/2924/1881 2052/2923/1880 1951/2725/1880 
f 1952/2727/1881 1953/2729/1882 2054/2925/1882 2053/2924/1881 
f 1954/2731/1883 2055/2926/1883 2054/2925/1882 1953/2729/1882 
f 1955/2733/1884 2056/2927/1884 2055/2926/1883 1954/2731/1883 
f 1955/2733/1884 1956/2735/1885 2057/2928/1885 2056/2927/1884 
f 1957/2737/1886 2058/2929/1886 2057/2928/1885 1956/2735/1885 
f 1957/2737/1886 1958/2739/1887 2059/2930/1887 2058/2929/1886 
f 1958/2739/1887 1959/2741/1888 2060/2931/1888 2059/2930/1887 
f 1960/2743/1889 2061/2932/1889 2060/2931/1888 1959/2741/1888 
f 1960/2743/1889 1961/2745/1890 2062/2933/1890 2061/2932/1889 
f 1962/2747/1891 2063/2934/1891 2062/2933/1890 1961/2745/1890 
f 1963/2749/1892 2064/2935/1892 2063/2934/1891 1962/2747/1891 
f 1963/2749/1892 1964/2751/1893 2065/2936/1893 2064/2935/1892 
f 1965/2753/1894 2066/2937/1894 2065/2936/1893 1964/2751/1893 
f 1965/2753/1894 1966/2755/1895 2067/2938/1895 2066/2937/1894 
f 1966/2755/1895 1967/2757/1896 2068/2939/1896 2067/2938/1895 
f 1968/2759/1897 2069/2940/1897 2068/2939/1896 1967/2757/1896 
f 1968/2759/1897 1969/2761/1898 2070/2941/1898 2069/2940/1897 
f 1969/2761/1898 1970/2763/1899 2071/2942/1899 2070/2941/1898 
f 1971/2765/1900 2072/2943/1900 2071/2942/1899 1970/2763/1899 
f 1971/2765/1900 1972/2767/1901 2073/2944/1901 2072/2943/1900 
f 1972/2767/1901 1973/2769/1902 2074/2945/1902 2073/2944/1901 
f 1974/2771/1903 2075/2946/1903 2074/2945/1902 1973/2769/1902 
f 1974/2775/1903 1975/2774/1904 2076/2947/1904 2075/2948/1903 
f 1976/2777/1905 2077/2949/1905 2076/2947/1904 1975/2774/1904 
f 1977/2779/1906 2078/2950/1906 2077/2949/1905 1976/2777/1905 
f 1977/2779/1906 1978/2781/1907 2079/2951/1907 2078/2950/1906 
f 1979/2783/1908 2080/2952/1908 2079/2951/1907 1978/2781/1907 
f 1980/2785/1909 2081/2953/1909 2080/2952/1908 1979/2783/1908 
f 1980/2785/1909 1981/2787/1910 2082/2954/1910 2081/2953/1909 
f 1982/2789/1911 2083/2955/1911 2082/2954/1910 1981/2787/1910 
f 1983/2791/1912 2084/2956/1912 2083/2955/1911 1982/2789/1911 
f 1983/2791/1912 1984/2793/1913 2085/2957/1913 2084/2956/1912 
f 1984/2793/1913 1985/2795/1914 2086/2958/1914 2085/2957/1913 
f 1986/2797/1915 2087/2959/1915 2086/2958/1914 1985/2795/1914 
f 1986/2797/1915 1987/2799/1916 2088/2960/1916 2087/2959/1915 
f 1987/2799/1916 1988/2801/1917 2089/2961/1917 2088/2960/1916 
f 1989/2803/1918 2090/2962/1918 2089/2961/1917 1988/2801/1917 
f 1989/2803/1918 1990/2805/1919 2091/2963/1919 2090/2962/1918 
f 1990/2805/1919 1991/2807/1920 2092/2964/1920 2091/2963/1919 
f 1992/2809/1921 2093/2965/1921 2092/2964/1920 1991/2807/1920 
f 1993/2811/1922 2094/2966/1922 2093/2965/1921 1992/2809/1921 
f 1993/2811/1922 1994/2813/1923 2095/2967/1923 2094/2966/1922 
f 1994/2813/1923 1995/2815/1924 2096/2968/1924 2095/2967/1923 
f 1996/2817/1925 2097/2969/1925 2096/2968/1924 1995/2815/1924 
f 1996/2817/1925 1997/2819/1926 2098/2970/1926 2097/2969/1925 
f 1997/2819/1926 1998/2821/1927 2099/2971/1927 2098/2970/1926 
f 1999/2823/1928 2100/2972/1928 2099/2971/1927 1998/2821/1927 
f 2000/2825/1929 2101/2973/1929 2100/2974/1928 1999/2826/1928 
f 2000/2825/1929 2001/2829/1930 2102/2975/1930 2101/2973/1929 
f 2001/2829/1930 2002/2831/1931 2103/2976/1931 2102/2975/1930 
f 2003/2833/1932 2104/2977/1932 2103/2976/1931 2002/2831/1931 
f 2004/2835/1933 2105/2978/1933 2104/2977/1932 2003/2833/1932 
f 2004/2835/1933 2005/2837/1934 2106/2979/1934 2105/2978/1933 
f 2005/2837/1934 2006/2839/1935 2107/2980/1935 2106/2979/1934 
f 2007/2841/1936 2108/2981/1936 2107/2980/1935 2006/2839/1935 
f 2008/2843/1937 2109/2982/1937 2108/2981/1936 2007/2841/1936 
f 2008/2843/1937 2009/2845/1938 2110/2983/1938 2109/2982/1937 
f 2009/2845/1938 2010/2847/1939 2111/2984/1939 2110/2983/1938 
f 2011/2849/1940 2112/2985/1940 2111/2984/1939 2010/2847/1939 
f 2012/2851/1941 2113/2986/1941 2112/2985/1940 2011/2849/1940 
f 2013/2853/1942 2114/2987/1942 2113/2986/1941 2012/2851/1941 
f 2013/2853/1942 2014/2855/1943 2115/2988/1943 2114/2987/1942 
f 2014/2855/1943 2015/2857/1944 2116/2989/1944 2115/2988/1943 
f 2016/2859/1945 2117/2990/1945 2116/2989/1944 2015/2857/1944 
f 2017/2861/1946 2118/2991/1946 2117/2990/1945 2016/2859/1945 
f 2018/2863/1947 2119/2992/1947 2118/2991/1946 2017/2861/1946 
f 2018/2863/1947 2019/2865/1948 2120/2993/1948 2119/2992/1947 
f 2019/2865/1948 2020/2867/1949 2121/2994/1949 2120/2993/1948 
f 2021/2869/1950 2122/2995/1950 2121/2994/1949 2020/2867/1949 
f 2022/2871/1951 2123/2996/1951 2122/2995/1950 2021/2869/1950 
f 2023/2873/1952 2124/2997/1952 2123/2996/1951 2022/2871/1951 
f 2023/2873/1952 2024/2875/1953 2125/2998/1953 2124/2997/1952 
f 2024/2875/1953 2025/2877/1954 2126/2999/1954 2125/2998/1953 
f 2025/2877/1954 2026/2879/1955 2127/3000/1955 2126/2999/1954 
f 2027/2881/1956 2128/3001/1956 2127/3000/1955 2026/2879/1955 
f 2028/2883/1957 2129/3002/1957 2128/3001/1956 2027/2881/1956 
f 2029/2885/1958 2130/3003/1958 2129/3002/1957 2028/2883/1957 
f 2029/2885/1958 2030/2887/1959 2131/3004/1959 2130/3003/1958 
f 2030/2887/1959 2031/2889/1960 2132/3005/1960 2131/3004/1959 
f 2031/2889/1960 2032/2891/1961 2133/3006/1961 2132/3005/1960 
f 2033/2893/1962 2134/3007/1962 2133/3006/1961 2032/2891/1961 
f 2034/2895/1963 2135/3008/1963 2134/3007/1962 2033/2893/1962 
f 2034/2895/1963 2035/2897/1964 2136/3009/1964 2135/3008/1963 
f 2035/2897/1964 2036/2899/1965 2137/3010/1965 2136/3009/1964 
f 2036/2899/1965 2037/2901/1966 2138/3011/1966 2137/3010/1965 
f 2038/2903/1967 2139/3012/1967 2138/3011/1966 2037/2901/1966 
f 2039/2905/1968 2140/3013/1968 2139/3012/1967 2038/2903/1967 
f 2040/2907/1969 2141/3014/1969 2140/3013/1968 2039/2905/1968 
f 2040/2907/1969 2041/2909/1970 2142/3015/1970 2141/3014/1969 
f 2041/2909/1970 2042/2911/1971 2143/3016/1971 2142/3015/1970 
f 2043/2913/1972 2144/3017/1972 2143/3016/1971 2042/2911/1971 
f 2044/2915/1973 2145/3018/1973 2144/3017/1972 2043/2913/1972 
s 307
f 2046/2917/1974 2045/2916/1975 2146/3019/1975 2147/3020/1974 
f 2047/2918/1976 2148/3021/1976 2146/3019/1975 2045/2916/1975 
f 2048/2919/1977 2149/3022/1977 2148/3021/1976 2047/2918/1976 
f 2048/2919/1977 2049/2920/1978 2150/3023/1978 2149/3022/1977 
f 2050/2921/1979 2151/3024/1979 2150/3023/1978 2049/2920/1978 
f 2050/2921/1979 2051/2922/1980 2152/3025/1980 2151/3024/1979 
f 2051/2922/1980 2052/2923/1981 2153/3026/1981 2152/3025/1980 
f 2053/2924/1982 2154/3027/1982 2153/3026/1981 2052/2923/1981 
f 2053/2924/1982 2054/2925/1983 2155/3028/1983 2154/3027/1982 
f 2055/2926/1984 2156/3029/1984 2155/3028/1983 2054/2925/1983 
f 2056/2927/1985 2157/3030/1985 2156/3029/1984 2055/2926/1984 
f 2056/2927/1985 2057/2928/1986 2158/3031/1986 2157/3030/1985 
f 2058/2929/1987 2159/3032/1987 2158/3031/1986 2057/2928/1986 
f 2059/2930/1988 2160/3033/1988 2159/3032/1987 2058/2929/1987 
f 2059/2930/1988 2060/2931/1989 2161/3034/1989 2160/3033/1988 
f 2061/2932/1990 2162/3035/1990 2161/3034/1989 2060/2931/1989 
f 2061/2932/1990 2062/2933/1991 2163/3036/1991 2162/3035/1990 
f 2062/2933/1991 2063/2934/1992 2164/3037/1992 2163/3036/1991 
f 2064/2935/1993 2165/3038/1993 2164/3037/1992 2063/2934/1992 
f 2064/2935/1993 2065/2936/1994 2166/3039/1994 2165/3038/1993 
f 2066/2937/1995 2167/3040/1995 2166/3039/1994 2065/2936/1994 
f 2067/2938/1996 2168/3041/1996 2167/3040/1995 2066/2937/1995 
f 2067/2938/1996 2068/2939/1997 2169/3042/1997 2168/3041/1996 
f 2069/2940/1998 2170/3043/1998 2169/3042/1997 2068/2939/1997 
f 2070/2941/1999 2171/3044/1999 2170/3043/1998 2069/2940/1998 
f 2070/2941/1999 2071/2942/2000 2172/3045/2000 2171/3044/1999 
f 2072/2943/2001 2173/3046/2001 2172/3045/2000 2071/2942/2000 
f 2072/2943/2001 2073/2944/2002 2174/3047/2002 2173/3046/2001 
f 2073/2944/2002 2074/2945/2003 2175/3048/2003 2174/3047/2002 
f 2075/2946/2004 2176/3049/2004 2175/3048/2003 2074/2945/2003 
f 2075/2948/2004 2076/2947/2005 2177/3050/2005 2176/3051/2004 
f 2076/2947/2005 2077/2949/2006 2178/3052/2006 2177/3050/2005 
f 2078/2950/2007 2179/3053/2007 2178/3052/2006 2077/2949/2006 
f 2078/2950/2007 2079/2951/2008 2180/3054/2008 2179/3053/2007 
f 2079/2951/2008 2080/2952/2009 2181/3055/2009 2180/3054/2008 
f 2081/2953/2010 2182/3056/2010 2181/3055/2009 2080/2952/2009 
f 2081/2953/2010 2082/2954/2011 2183/3057/2011 2182/3056/2010 
f 2082/2954/2011 2083/2955/2012 2184/3058/2012 2183/3057/2011 
f 2084/2956/2013 2185/3059/2013 2184/3058/2012 2083/2955/2012 
f 2084/2956/2013 2085/2957/2014 2186/3060/2014 2185/3059/2013 
f 2085/2957/2014 2086/2958/2015 2187/3061/2015 2186/3060/2014 
f 2087/2959/2016 2188/3062/2016 2187/3061/2015 2086/2958/2015 
f 2088/2960/2017 2189/3063/2017 2188/3062/2016 2087/2959/2016 
f 2088/2960/2017 2089/2961/2018 2190/3064/2018 2189/3063/2017 
f 2090/2962/2019 2191/3065/2019 2190/3064/2018 2089/2961/2018 
f 2091/2963/2020 2192/3066/2020 2191/3065/2019 2090/2962/2019 
f 2091/2963/2020 2092/2964/2021 2193/3067/2021 2192/3066/2020 
f 2092/2964/2021 2093/2965/2022 2194/3068/2022 2193/3067/2021 
f 2094/2966/2023 2195/3069/2023 2194/3068/2022 2093/2965/2022 
f 2094/2966/2023 2095/2967/2024 2196/3070/2024 2195/3069/2023 
f 2095/2967/2024 2096/2968/2025 2197/3071/2025 2196/3070/2024 
f 2097/2969/2026 2198/3072/2026 2197/3071/2025 2096/2968/2025 
f 2098/2970/2027 2199/3073/2027 2198/3072/2026 2097/2969/2026 
f 2098/2970/2027 2099/2971/2028 2200/3074/2028 2199/3073/2027 
f 2099/2971/2028 2100/2972/2029 2201/3075/2029 2200/3074/2028 
f 2101/2973/2030 2202/3076/2030 2201/3077/2029 2100/2974/2029 
f 2101/2973/2030 2102/2975/2031 2203/3078/2031 2202/3076/2030 
f 2102/2975/2031 2103/2976/2032 2204/3079/2032 2203/3078/2031 
f 2104/2977/2033 2205/3080/2033 2204/3079/2032 2103/2976/2032 
f 2105/2978/2034 2206/3081/2034 2205/3080/2033 2104/2977/2033 
f 2105/2978/2034 2106/2979/2035 2207/3082/2035 2206/3081/2034 
f 2106/2979/2035 2107/2980/2036 2208/3083/2036 2207/3082/2035 
f 2108/2981/2037 2209/3084/2037 2208/3083/2036 2107/2980/2036 
f 2109/2982/2038 2210/3085/2038 2209/3084/2037 2108/2981/2037 
f 2110/2983/2039 2211/3086/2039 2210/3085/2038 2109/2982/2038 
f 2110/2983/2039 2111/2984/2040 2212/3087/2040 2211/3086/2039 
f 2111/2984/2040 2112/2985/2041 2213/3088/2041 2212/3087/2040 
f 2113/2986/2042 2214/3089/2042 2213/3088/2041 2112/2985/2041 
f 2114/2987/2043 2215/3090/2043 2214/3089/2042 2113/2986/2042 
f 2114/2987/2043 2115/2988/2044 2216/3091/2044 2215/3090/2043 
f 2115/2988/2044 2116/2989/2045 2217/3092/2045 2216/3091/2044 
f 2116/2989/2045 2117/2990/2046 2218/3093/2046 2217/3092/2045 
f 2118/2991/2047 2219/3094/2047 2218/3093/2046 2117/2990/2046 
f 2119/2992/2048 2220/3095/2048 2219/3094/2047 2118/2991/2047 
f 2119/2992/2048 2120/2993/2049 2221/3096/2049 2220/3095/2048 
f 2120/2993/2049 2121/2994/2050 2222/3097/2050 2221/3096/2049 
f 2121/2994/2050 2122/2995/2051 2223/3098/2051 2222/3097/2050 
f 2123/2996/2052 2224/3099/2052 2223/3098/2051 2122/2995/2051 
f 2124/2997/2053 2225/3100/2053 2224/3099/2052 2123/2996/2052 
f 2125/2998/2054 2226/3101/2054 2225/3100/2053 2124/2997/2053 
f 2125/2998/2054 2126/2999/2055 2227/3102/2055 2226/3101/2054 
f 2126/2999/2055 2127/3000/2056 2228/3103/2056 2227/3102/2055 
f 2128/3001/2057 2229/3104/2057 2228/3103/2056 2127/3000/2056 
f 2129/3002/2058 2230/3105/2058 2229/3104/2057 2128/3001/2057 
f 2130/3003/2059 2231/3106/2059 2230/3105/2058 2129/3002/2058 
f 2130/3003/2059 2131/3004/2060 2232/3107/2060 2231/3106/2059 
f 2131/3004/2060 2132/3005/2061 2233/3108/2061 2232/3107/2060 
f 2132/3005/2061 2133/3006/2062 2234/3109/2062 2233/3108/2061 
f 2134/3007/2063 2235/3110/2063 2234/3109/2062 2133/3006/2062 
f 2135/3008/2064 2236/3111/2064 2235/3110/2063 2134/3007/2063 
f 2136/3009/2065 2237/3112/2065 2236/3111/2064 2135/3008/2064 
f 2136/3009/2065 2137/3010/2066 2238/3113/2066 2237/3112/2065 
f 2137/3010/2066 2138/3011/2067 2239/3114/2067 2238/3113/2066 
f 2139/3012/2068 2240/3115/2068 2239/3114/2067 2138/3011/2067 
f 2140/3013/2069 2241/3116/2069 2240/3115/2068 2139/3012/2068 
f 2141/3014/2070 2242/3117/2070 2241/3116/2069 2140/3013/2069 
f 2141/3014/2070 2142/3015/2071 2243/3118/2071 2242/3117/2070 
f 2142/3015/2071 2143/3016/2072 2244/3119/2072 2243/3118/2071 
f 2143/3016/2072 2144/3017/2073 2245/3120/2073 2244/3119/2072 
f 2145/3018/2074 2246/3121/2074 2245/3120/2073 2144/3017/2073 
s 308
f 2147/3020/2075 2146/3019/2076 1439/3122/2076 1442/3123/2075 
f 2146/3019/2076 2148/3021/2077 1443/3124/2077 1439/3122/2076 
f 2149/3022/2078 1445/3125/2078 1443/3124/2077 2148/3021/2077 
f 2149/3022/2078 2150/3023/2079 1447/3126/2079 1445/3125/2078 
f 2151/3024/2080 1449/3127/2080 1447/3126/2079 2150/3023/2079 
f 2152/3025/2081 1451/3128/2081 1449/3127/2080 2151/3024/2080 
f 2152/3025/2081 2153/3026/2082 1453/3129/2082 1451/3128/2081 
f 2154/3027/2083 1455/3130/2083 1453/3129/2082 2153/3026/2082 
f 2154/3027/2083 2155/3028/2084 1457/3131/2084 1455/3130/2083 
f 2155/3028/2084 2156/3029/2085 1459/3132/2085 1457/3131/2084 
f 2157/3030/2086 1461/3133/2086 1459/3132/2085 2156/3029/2085 
f 2157/3030/2086 2158/3031/2087 1463/3134/2087 1461/3133/2086 
f 2159/3032/2088 1465/3135/2088 1463/3134/2087 2158/3031/2087 
f 2160/3033/2089 1467/3136/2089 1465/3135/2088 2159/3032/2088 
f 2160/3033/2089 2161/3034/2090 1469/3137/2090 1467/3136/2089 
f 2162/3035/2091 1471/3138/2091 1469/3137/2090 2161/3034/2090 
f 2163/3036/2092 1473/3139/2092 1471/3138/2091 2162/3035/2091 
f 2163/3036/2092 2164/3037/2093 1475/3140/2093 1473/3139/2092 
f 2165/3038/2094 1477/3141/2094 1475/3140/2093 2164/3037/2093 
f 2165/3038/2094 2166/3039/2095 1479/3142/2095 1477/3141/2094 
f 2166/3039/2095 2167/3040/2096 1481/3143/2096 1479/3142/2095 
f 2168/3041/2097 1483/3144/2097 1481/3143/2096 2167/3040/2096 
f 2168/3041/2097 2169/3042/2098 1485/3145/2098 1483/3144/2097 
f 2169/3042/2098 2170/3043/2099 1487/3146/2099 1485/3145/2098 
f 2171/3044/2100 1489/3147/2100 1487/3146/2099 2170/3043/2099 
f 2171/3044/2100 2172/3045/2101 1491/3148/2101 1489/3147/2100 
f 2173/3046/2102 1493/3149/2102 1491/3148/2101 2172/3045/2101 
f 2174/3047/2103 1495/3150/2103 1493/3149/2102 2173/3046/2102 
f 2174/3047/2103 2175/3048/2104 1497/3151/2104 1495/3150/2103 
f 2176/3049/2105 1499/3152/2105 1497/3151/2104 2175/3048/2104 
f 2177/3050/2106 1501/3153/2106 1499/3154/2105 2176/3051/2105 
f 2177/3050/2106 2178/3052/2107 1503/3155/2107 1501/3153/2106 
f 2179/3053/2108 1505/3156/2108 1503/3155/2107 2178/3052/2107 
f 2180/3054/2109 1507/3157/2109 1505/3156/2108 2179/3053/2108 
f 2180/3054/2109 2181/3055/2110 1509/3158/2110 1507/3157/2109 
f 2182/3056/2111 1511/3159/2111 1509/3158/2110 2181/3055/2110 
f 2183/3057/2112 1513/3160/2112 1511/3159/2111 2182/3056/2111 
f 2183/3057/2112 2184/3058/2113 1515/3161/2113 1513/3160/2112 
f 2185/3059/2114 1517/3162/2114 1515/3161/2113 2184/3058/2113 
f 2186/3060/2115 1519/3163/2115 1517/3162/2114 2185/3059/2114 
f 2186/3060/2115 2187/3061/2116 1521/3164/2116 1519/3163/2115 
f 2188/3062/2117 1523/3165/2117 1521/3164/2116 2187/3061/2116 
f 2189/3063/2118 1525/3166/2118 1523/3165/2117 2188/3062/2117 
f 2189/3063/2118 2190/3064/2119 1527/3167/2119 1525/3166/2118 
f 2190/3064/2119 2191/3065/2120 1529/3168/2120 1527/3167/2119 
f 2192/3066/2121 1531/3169/2121 1529/3168/2120 2191/3065/2120 
f 2192/3066/2121 2193/3067/2122 1533/3170/2122 1531/3169/2121 
f 2193/3067/2122 2194/3068/2123 1535/3171/2123 1533/3170/2122 
f 2195/3069/2124 1537/3172/2124 1535/3171/2123 2194/3068/2123 
f 2196/3070/2125 1539/3173/2125 1537/3172/2124 2195/3069/2124 
f 2196/3070/2125 2197/3071/2126 1541/3174/2126 1539/3173/2125 
f 2198/3072/2127 1543/3175/2127 1541/3174/2126 2197/3071/2126 
f 2199/3073/2128 1545/3176/2128 1543/3175/2127 2198/3072/2127 
f 2199/3073/2128 2200/3074/2129 1547/3177/2129 1545/3176/2128 
f 2200/3074/2129 2201/3075/2130 1549/3178/2130 1547/3177/2129 
f 2202/3076/2131 1551/3179/2131 1549/3180/2130 2201/3077/2130 
f 2203/3078/2132 1553/3181/2132 1551/3179/2131 2202/3076/2131 
f 2203/3078/2132 2204/3079/2133 1555/3182/2133 1553/3181/2132 
f 2204/3079/2133 2205/3080/2134 1557/3183/2134 1555/3182/2133 
f 2206/3081/2135 1559/3184/2135 1557/3183/2134 2205/3080/2134 
f 2207/3082/2136 1561/3185/2136 1559/3184/2135 2206/3081/2135 
f 2207/3082/2136 2208/3083/2137 1563/3186/2137 1561/3185/2136 
f 2208/3083/2137 2209/3084/2138 1565/3187/2138 1563/3186/2137 
f 2210/3085/2139 1567/3188/2139 1565/3187/2138 2209/3084/2138 
f 2211/3086/2140 1569/3189/2140 1567/3188/2139 2210/3085/2139 
f 2211/3086/2140 2212/3087/2141 1571/3190/2141 1569/3189/2140 
f 2212/3087/2141 2213/3088/2142 1573/3191/2142 1571/3190/2141 
f 2214/3089/2143 1575/3192/2143 1573/3191/2142 2213/3088/2142 
f 2215/3090/2144 1577/3193/2144 1575/3192/2143 2214/3089/2143 
f 2216/3091/2145 1579/3194/2145 1577/3193/2144 2215/3090/2144 
f 2216/3091/2145 2217/3092/2146 1581/3195/2146 1579/3194/2145 
f 2217/3092/2146 2218/3093/2147 1583/3196/2147 1581/3195/2146 
f 2219/3094/2148 1585/3197/2148 1583/3196/2147 2218/3093/2147 
f 2220/3095/2149 1587/3198/2149 1585/3197/2148 2219/3094/2148 
f 2221/3096/2150 1589/3199/2150 1587/3198/2149 2220/3095/2149 
f 2221/3096/2150 2222/3097/2151 1591/3200/2151 1589/3199/2150 
f 2222/3097/2151 2223/3098/2152 1593/3201/2152 1591/3200/2151 
f 2223/3098/2152 2224/3099/2153 1595/3202/2153 1593/3201/2152 
f 2225/3100/2154 1597/3203/2154 1595/3202/2153 2224/3099/2153 
f 2226/3101/2155 1599/3204/2155 1597/3203/2154 2225/3100/2154 
f 2226/3101/2155 2227/3102/2156 1601/3205/2156 1599/3204/2155 
f 2227/3102/2156 2228/3103/2157 1603/3206/2157 1601/3205/2156 
f 2228/3103/2157 2229/3104/2158 1605/3207/2158 1603/3206/2157 
f 2230/3105/2159 1607/3208/2159 1605/3207/2158 2229/3104/2158 
f 2231/3106/2160 1609/3209/2160 1607/3208/2159 2230/3105/2159 
f 2232/3107/2161 1611/3210/2161 1609/3209/2160 2231/3106/2160 
f 2232/3107/2161 2233/3108/2162 1613/3211/2162 1611/3210/2161 
f 2233/3108/2162 2234/3109/2163 1615/3212/2163 1613/3211/2162 
f 2234/3109/2163 2235/3110/2164 1617/3213/2164 1615/3212/2163 
f 2236/3111/2165 1619/3214/2165 1617/3213/2164 2235/3110/2164 
f 2237/3112/2166 1621/3215/2166 1619/3214/2165 2236/3111/2165 
f 2237/3112/2166 2238/3113/2167 1623/3216/2167 1621/3215/2166 
f 2238/3113/2167 2239/3114/2168 1625/3217/2168 1623/3216/2167 
f 2239/3114/2168 2240/3115/2169 1627/3218/2169 1625/3217/2168 
f 2241/3116/2170 1629/3219/2170 1627/3218/2169 2240/3115/2169 
f 2242/3117/2171 1631/3220/2171 1629/3219/2170 2241/3116/2170 
f 2243/3118/2172 1633/3221/2172 1631/3220/2171 2242/3117/2171 
f 2243/3118/2172 2244/3119/2173 1635/3222/2173 1633/3221/2172 
f 2244/3119/2173 2245/3120/2174 1637/3223/2174 1635/3222/2173 
f 2245/3120/2174 2246/3121/2175 1639/3224/2175 1637/3223/2174 
s 309
f 1642/3225/2176 1743/3226/2176 1844/3227/2176 1442/3228/2176 
f 2046/3229/2176 1442/3228/2176 1844/3227/2176 1945/3230/2176 
f 2046/3229/2176 2147/3231/2176 1442/3228/2176 
f 1441/3232/2176 1642/3225/2176 1442/3228/2176 
s 310
f 1741/3233/2177 1640/3234/2178 1639/3235/2177 
f 1741/3233/2177 1639/3235/2177 2145/3236/2178 1943/3237/2179 
f 2145/3236/2178 2044/3238/2179 1943/3237/2179 
f 1842/3239/2177 1741/3233/2177 1943/3237/2179 
f 2246/3240/2177 2145/3236/2178 1639/3235/2177 
# 2201 polygons - 42 triangles

